client,insured_id,insured_name,primary_contact_email,compliance_status,verification_status,next_expiration,active,paused,sync_date
"Block Real Estate Services, LLC",69fded0c62446148bd848af9,"1&1 Internet / IONOS, Inc.",,PENDING,,,true,false,2026-09-24
"Block Real Estate Services, LLC",69fded0c62446148bd848afc,1248 Holdings LLC,,PENDING,,,true,false,2026-09-24
"Block Real Estate Services, LLC",69fded0c62446148bd848aff,"1-800-Pack Rat, LLC",,PENDING,,,true,false,2026-09-24
"Block Real Estate Services, LLC",69fded0c62446148bd848b02,24 Hour Check Cashing,,PENDING,,,true,false,2026-09-24
"Block Real Estate Services, LLC",69fded0c62446148bd848b05,"Big Biscuit / 27 Biscuits, LLC",,PENDING,,,true,false,2026-09-24
"Block Real Estate Services, LLC",69fded0c62446148bd848b08,"Ray's Donuts & Deli / 6tinos, LLC",,PENDING,,,true,false,2026-09-24
"Block Real Estate Services, LLC",69fded0c62446148bd848b0b,717 Office Group LLC,,PENDING,,,true,false,2026-09-24
"Block Real Estate Services, LLC",69fded0c62446148bd848b0e,A.N.D. Design Studio LLC,,PENDING,,,true,false,2026-09-24
"Block Real Estate Services, LLC",69fded0c62446148bd848b14,Academy Bank,,PENDING,,,true,false,2026-09-24
"Block Real Estate Services, LLC",69fded0c62446148bd848b17,"Pertronix (Aeromotive) / Accelerate Auto Works Intermediate, LLC",,PENDING,,,true,false,2026-09-24
"Block Real Estate Services, LLC",69fded0c62446148bd848b1a,Actuarial Resources Corporation (ARC),,PENDING,,,true,false,2026-09-24
"Block Real Estate Services, LLC",69fded0c62446148bd848b1d,"Adams Cable Equipment, Inc.",,PENDING,,,true,false,2026-09-24
"Block Real Estate Services, LLC",69fded0c62446148bd848b20,Adare Pharma Solutions,,PENDING,,,true,false,2026-09-24
"Block Real Estate Services, LLC",69fded0c62446148bd848b23,"ADI (Ademco Distribution, Inc.) / Honeywell International, Inc.",,PENDING,,,true,false,2026-09-24
"Block Real Estate Services, LLC",69fded0c62446148bd848b26,"Advanced Auto / Advanced Stores Co., Inc.",,PENDING,,,true,false,2026-09-24
"Block Real Estate Services, LLC",69fded0c62446148bd848b29,Advanced Pharmaceuticals LLC,,PENDING,,,true,false,2026-09-24
"Block Real Estate Services, LLC",69fded0c62446148bd848b2c,Advanced Turf Solutions Inc,,PENDING,,,true,false,2026-09-24
"Block Real Estate Services, LLC",69fded0c62446148bd848b2f,"Daymon / Advantage Sales & Marketing, LLC",,PENDING,,,true,false,2026-09-24
"Block Real Estate Services, LLC",69fded0c62446148bd848b32,Advocate Construction Inc,,PENDING,,,true,false,2026-09-24
"Block Real Estate Services, LLC",69fded0d62446148bd848b35,"Aircraft Electrical / AEE-EMF, Inc.",,PENDING,,,true,false,2026-09-24
"Block Real Estate Services, LLC",69fded0d62446148bd848b3b,Agape Montessori School/Pulliam Properties LLC,,PENDING,,,true,false,2026-09-24
"Block Real Estate Services, LLC",69fded0d62446148bd848b3e,AgForce Transport Services / Consolidated Grain and Barge Co.,,PENDING,,,true,false,2026-09-24
"Block Real Estate Services, LLC",69fded0d62446148bd848b41,AGI SureTrack LLC,,PENDING,,,true,false,2026-09-24
"Block Real Estate Services, LLC",69fded0d62446148bd848b44,All Access Garage Doors,,PENDING,,,true,false,2026-09-24
"Block Real Estate Services, LLC",69fded0d62446148bd848b47,All Copy Products Inc,,PENDING,,,true,false,2026-09-24
"Block Real Estate Services, LLC",69fded0d62446148bd848b4a,Allergy & Asthma Care,,PENDING,,,true,false,2026-09-24
"Block Real Estate Services, LLC",69fded0d62446148bd848b4d,Allstate Insurance,,PENDING,,,true,false,2026-09-24
"Block Real Estate Services, LLC",69fded0d62446148bd848b50,Allure Hair Studio / Alisha N. Bauer,,PENDING,,,true,false,2026-09-24
"Block Real Estate Services, LLC",69fded0d62446148bd848b53,"Altium Healthcare, Inc (fka Tri State Distribution)",,PENDING,,,true,false,2026-09-24
"Block Real Estate Services, LLC",69fded0d62446148bd848b56,"Amazon / Amazon.com Services, LLC (MCI5)",,PENDING,,,true,false,2026-09-24
"Block Real Estate Services, LLC",69fded0d62446148bd848b59,"Hamilton Plumbing / Roger The Plumber / American Residential Services, LLC (ARS)",,PENDING,,,true,false,2026-09-24
"Block Real Estate Services, LLC",69fded0d62446148bd848b5c,"Earth Brands, Inc. subtenant of  American West Worldwide Express, Inc. / Renew",,PENDING,,,true,false,2026-09-24
"Block Real Estate Services, LLC",69fded0d62446148bd848b5f,"Ameriprise Financial / Ameriprise Holdings, Inc.",,PENDING,,,true,false,2026-09-24
"Block Real Estate Services, LLC",69fded0d62446148bd848b62,"AMSCO Supply / Flegler Investment Co., Inc.",,PENDING,,,true,false,2026-09-24
"Block Real Estate Services, LLC",69fded0d62446148bd848b65,Amsted Rail Company Inc,,PENDING,,,true,false,2026-09-24
"Block Real Estate Services, LLC",69fded0d62446148bd848b68,AN Cubed Marketing LLC,,PENDING,,,false,false,2026-09-24
"Block Real Estate Services, LLC",69fded0d62446148bd848b6b,Anixter Inc,,PENDING,,,true,false,2026-09-24
"Block Real Estate Services, LLC",69fded0d62446148bd848b6e,Puppy Love Grooming / Anntippia Young,,PENDING,,,true,false,2026-09-24
"Block Real Estate Services, LLC",69fded0d62446148bd848b71,Anthony's Barber Shop / Anthony Vasquez,,PENDING,,,true,false,2026-09-24
"Block Real Estate Services, LLC",69fded0d62446148bd848b74,LaborMax Staffing / Anytime Labor - KC Metro,,PENDING,,,true,false,2026-09-24
"Block Real Estate Services, LLC",69fded0d62446148bd848b77,"Apex Products, LLC",,PENDING,,,true,false,2026-09-24
"Block Real Estate Services, LLC",69fded0d62446148bd848b7a,"ApexSite Cleaning, LLC",,PENDING,,,true,false,2026-09-24
"Block Real Estate Services, LLC",69fded0e62446148bd848b7d,"APLOS, Inc.",,PENDING,,,true,false,2026-09-24
"Block Real Estate Services, LLC",69fded0e62446148bd848b80,"Applebee's Bar & Grill / Apple Central, LLC",,PENDING,,,true,false,2026-09-24
"Block Real Estate Services, LLC",69fded0e62446148bd848b83,Applied Industrial Technologies Inc,,PENDING,,,true,false,2026-09-24
"Block Real Estate Services, LLC",69fded0e62446148bd848b86,ARC Physical Therapy Plus,,PENDING,,,true,false,2026-09-24
"Block Real Estate Services, LLC",69fded0e62446148bd848b89,Archway Technology LLC,,PENDING,,,true,false,2026-09-24
"Block Real Estate Services, LLC",69fded0e62446148bd848b8c,ARJ Infusion Services,,PENDING,,,true,false,2026-09-24
"Block Real Estate Services, LLC",69fded0e62446148bd848b8f,Arrowhead Forensics,,PENDING,,,true,false,2026-09-24
"Block Real Estate Services, LLC",69fded0e62446148bd848b92,Arthur J Gallagher Risk Management Services Inc,,PENDING,,,true,false,2026-09-24
"Block Real Estate Services, LLC",69fded0e62446148bd848b95,Ashley Nelson Studios,,PENDING,,,true,false,2026-09-24
"Block Real Estate Services, LLC",69fded0e62446148bd848b98,Aspen Properties Group,,PENDING,,,true,false,2026-09-24
"Block Real Estate Services, LLC",69fded0e62446148bd848b9b,Aspire Wealth Management LLC,,PENDING,,,true,false,2026-09-24
"Block Real Estate Services, LLC",69fded0e62446148bd848ba1,Asurion LLC,,PENDING,,,true,false,2026-09-24
"Block Real Estate Services, LLC",69fded0e62446148bd848ba4,Asurion UBIF,,PENDING,,,true,false,2026-09-24
"Block Real Estate Services, LLC",69fded0e62446148bd848ba7,"Athletico Physical Therapy / Athletico Management, LLC",,PENDING,,,true,false,2026-09-24
"Block Real Estate Services, LLC",69fded0e62446148bd848baa,Auction Merchandise of KC,,PENDING,,,true,false,2026-09-24
"Block Real Estate Services, LLC",69fded0e62446148bd848bad,Recognition Plus Audio Video Graphics,,PENDING,,,true,false,2026-09-24
"Block Real Estate Services, LLC",69fded0e62446148bd848bb0,AVI-SPL LLC,,PENDING,,,true,false,2026-09-24
"Block Real Estate Services, LLC",69fded0e62446148bd848bb3,Axiom Strategies LLC,,PENDING,,,true,false,2026-09-24
"Block Real Estate Services, LLC",69fded0e62446148bd848bb6,AXIS Capital / AXIS Reinsurance Company,,PENDING,,,true,false,2026-09-24
"Block Real Estate Services, LLC",69fded0e62446148bd848bb9,"Pet Supplies Plus / B&B Pet Products, LLC",,PENDING,,,true,false,2026-09-24
"Block Real Estate Services, LLC",69fded0e62446148bd848bbc,Bachelor Controls Inc,,PENDING,,,true,false,2026-09-24
"Block Real Estate Services, LLC",69fded0e62446148bd848bbf,Baking With A Bass / Kayla Bass,,PENDING,,,true,false,2026-09-24
"Block Real Estate Services, LLC",69fded0e62446148bd848bc2,Bank of America,,PENDING,,,true,false,2026-09-24
"Block Real Estate Services, LLC",69fded0e62446148bd848bc5,Bankers Life and Casualty Company,,PENDING,,,true,false,2026-09-24
"Block Real Estate Services, LLC",69fded0f62446148bd848bcb,"Banner Logistics, Inc",,PENDING,,,true,false,2026-09-24
"Block Real Estate Services, LLC",69fded0f62446148bd848bce,"Saturday Morning Bazaar / Bazaar Collectibles, LLC",,PENDING,,,false,false,2026-09-24
"Block Real Estate Services, LLC",69fded0f62446148bd848bd4,Costa Vida Fresh Mexican Grill / BB Magical Fruit,,PENDING,,,true,false,2026-09-24
"Block Real Estate Services, LLC",69fded0f62446148bd848bd7,BDM Inc,,PENDING,,,true,false,2026-09-24
"Block Real Estate Services, LLC",69fded0f62446148bd848bda,Bella's Italian Restaurant Inc,,PENDING,,,true,false,2026-09-24
"Block Real Estate Services, LLC",69fded0f62446148bd848bdd,"Pepper Jax Grill / Belton North Cass, LLC",,PENDING,,,true,false,2026-09-24
"Block Real Estate Services, LLC",69fded0f62446148bd848be0,Beltone Hearing Aid Center,,PENDING,,,true,false,2026-09-24
"Block Real Estate Services, LLC",69fded0f62446148bd848be3,"Best Wash Laundromats / Best Wash Holdings, LLC",,PENDING,,,true,false,2026-09-24
"Block Real Estate Services, LLC",69fded0f62446148bd848bec,Sarpino's / BHPS Restaurant Group LLC,,PENDING,,,true,false,2026-09-24
"Block Real Estate Services, LLC",69fded0f62446148bd848bef,"CEVA Animal Health, LLC / Bioimmune Company",,PENDING,,,true,false,2026-09-24
"Block Real Estate Services, LLC",69fded0f62446148bd848bf2,Bird Dog Shaved Ice (Vacant but still leasing),,PENDING,,,false,false,2026-09-24
"Block Real Estate Services, LLC",69fded0f62446148bd848bf8,Block Multi-Family Group,,PENDING,,,true,false,2026-09-24
"Block Real Estate Services, LLC",69fded0f62446148bd848bfb,"Block Real Estate Services, LLC / Block Partners, LLC",,PENDING,,,true,false,2026-09-24
"Block Real Estate Services, LLC",69fded0f62446148bd848c01,BluSky Restoration Contractors LLC,,PENDING,,,true,false,2026-09-24
"Block Real Estate Services, LLC",69fded0f62446148bd848c04,"BluSky Salon Suites, Inc.",,PENDING,,,true,false,2026-09-24
"Block Real Estate Services, LLC",69fded0f62446148bd848c07,"BMO Harris Commercial Banking / BMO Harris Bank, NA",,PENDING,,,true,false,2026-09-24
"Block Real Estate Services, LLC",69fded0f62446148bd848c0a,"AKKA Karate USA / BMS Fitnes Solutions, Inc. (AKKA Olathe Martial Arts)",,PENDING,,,true,false,2026-09-24
"Block Real Estate Services, LLC",69fded0f62446148bd848c0d,Bode Cellmark Forensics Inc,,PENDING,,,true,false,2026-09-24
"Block Real Estate Services, LLC",69fded0f62446148bd848c10,"Sono Bello / Body Contour Centers, LLC",,PENDING,,,true,false,2026-09-24
"Block Real Estate Services, LLC",69fded0f62446148bd848c13,"Celebrate Dental & Braces / Brave, LLC",,PENDING,,,true,false,2026-09-24
"Block Real Estate Services, LLC",69fded0f62446148bd848c19,"Kitchen and Bath by Briggs / Briggs, Inc.",,PENDING,,,true,false,2026-09-24
"Block Real Estate Services, LLC",69fded1062446148bd848c1c,Brown & Root Industrial Services LLC,,PENDING,,,true,false,2026-09-24
"Block Real Estate Services, LLC",69fded1062446148bd848c1f,The Professional Group / Bryan Torez,,PENDING,,,true,false,2026-09-24
"Block Real Estate Services, LLC",69fded1062446148bd848c22,Bryght Labs,,PENDING,,,true,false,2026-09-24
"Block Real Estate Services, LLC",69fded1062446148bd848c25,"Buckeye Cleaning Center KC / Buckeye International, Inc.",,PENDING,,,true,false,2026-09-24
"Block Real Estate Services, LLC",69fded1062446148bd848c28,Builder Direct LLC,,PENDING,,,true,false,2026-09-24
"Block Real Estate Services, LLC",69fded1062446148bd848c2b,Bunzl Distribution Inc,,PENDING,,,true,false,2026-09-24
"Block Real Estate Services, LLC",69fded1062446148bd848c2e,BUNZL,,PENDING,,,true,false,2026-09-24
"Block Real Estate Services, LLC",69fded1062446148bd848c31,"Equipment Preference, Inc. (fka Burlis-Lawson Group, Inc.)",,PENDING,,,true,false,2026-09-24
"Block Real Estate Services, LLC",69fded1062446148bd848c37,Butler Suppy Inc,,PENDING,,,true,false,2026-09-24
"Block Real Estate Services, LLC",69fded1062446148bd848c3a,BWI Companies Inc,,PENDING,,,true,false,2026-09-24
"Block Real Estate Services, LLC",69fded1062446148bd848c3d,"Corbion / Caravan Ingredients, Inc.",,PENDING,,,true,false,2026-09-24
"Block Real Estate Services, LLC",69fded1062446148bd848c40,"APEX / KC Orthopedic Institute (fka Carondelet Orthopedic Surgeons, PA)",,PENDING,,,true,false,2026-09-24
"Block Real Estate Services, LLC",69fded1062446148bd848c43,Carrier Corporation,,PENDING,,,true,false,2026-09-24
"Block Real Estate Services, LLC",69fded1062446148bd848c46,CarStar Riverside (fka Autobody on the Run),,PENDING,,,true,false,2026-09-24
"Block Real Estate Services, LLC",69fded1062446148bd848c49,Cass County Public Library,,PENDING,,,true,false,2026-09-24
"Block Real Estate Services, LLC",69fded1062446148bd848c4f,CBD American Shaman LLC,,PENDING,,,true,false,2026-09-24
"Block Real Estate Services, LLC",69fded1062446148bd848c52,"Sunflower Health Plan / Centene Management Company, LLC",,PENDING,,,true,false,2026-09-24
"Block Real Estate Services, LLC",69fded1062446148bd848c55,Central Power Systems & Services LLC,,PENDING,,,true,false,2026-09-24
"Block Real Estate Services, LLC",69fded1062446148bd848c58,"The Retirement Planning Group / Cetera Financial Group, Inc.",,PENDING,,,true,false,2026-09-24
"Block Real Estate Services, LLC",69fded1062446148bd848c5b,"Challenger Sports, Inc.",,PENDING,,,true,false,2026-09-24
"Block Real Estate Services, LLC",69fded1062446148bd848c5e,Champion Supply Company LLC,,PENDING,,,true,false,2026-09-24
"Block Real Estate Services, LLC",69fded1062446148bd848c61,Charles D Jones Company,,PENDING,,,true,false,2026-09-24
"Block Real Estate Services, LLC",69fded1062446148bd848c67,Check Into Cash,,PENDING,,,true,false,2026-09-24
"Block Real Estate Services, LLC",69fded1062446148bd848c6a,Cherish The Furs LLC,,PENDING,,,true,false,2026-09-24
"Block Real Estate Services, LLC",69fded1162446148bd848c6d,"Chin Asian Restaurant, LLC",,PENDING,,,true,false,2026-09-24
"Block Real Estate Services, LLC",69fded1162446148bd848c70,Chipotle Mexican Grill,,PENDING,,,true,false,2026-09-24
"Block Real Estate Services, LLC",69fded1162446148bd848c73,Triple Black Tattoo / Chris Keegan,,PENDING,,,true,false,2026-09-24
"Block Real Estate Services, LLC",69fded1162446148bd848c76,"Chrysalis Center, LLC",,PENDING,,,true,false,2026-09-24
"Block Real Estate Services, LLC",69fded1162446148bd848c79,CigaWatt LLC,,PENDING,,,true,false,2026-09-24
"Block Real Estate Services, LLC",69fded1162446148bd848c7f,CJ Industries LLC,,PENDING,,,true,false,2026-09-24
"Block Real Estate Services, LLC",69fded1162446148bd848c82,Clarivate Analytics LLC,,PENDING,,,true,false,2026-09-24
"Block Real Estate Services, LLC",69fded1162446148bd848c85,ClassOneModelWorks.com LLC,,PENDING,,,true,false,2026-09-24
"Block Real Estate Services, LLC",69fded1162446148bd848c88,Clopay Building Products,,PENDING,,,true,false,2026-09-24
"Block Real Estate Services, LLC",69fded1162446148bd848c8b,CNR Construction KC LLC,,PENDING,,,true,false,2026-09-24
"Block Real Estate Services, LLC",69fded1162446148bd848c8e,Coffel Construction LLC,,PENDING,,,true,false,2026-09-24
"Block Real Estate Services, LLC",69fded1162446148bd848c91,CMA / Colarelli Meyer & Associates,,PENDING,,,true,false,2026-09-24
"Block Real Estate Services, LLC",69fded1162446148bd848c94,"HCA aka College Park Endoscopy Center, LLC / Surgery Ventures",,PENDING,,,true,false,2026-09-24
"Block Real Estate Services, LLC",69fded1162446148bd848c97,"Commercial Industrial Supply, LLC",,PENDING,,,true,false,2026-09-24
"Block Real Estate Services, LLC",69fded1162446148bd848c9a,Companion Protect Agency,,PENDING,,,true,false,2026-09-24
"Block Real Estate Services, LLC",69fded1162446148bd848c9d,Concrete Strategies LLC,,PENDING,,,true,false,2026-09-24
"Block Real Estate Services, LLC",69fded1162446148bd848ca0,"CKF / Consolidated Supply, Inc.",,PENDING,,,true,false,2026-09-24
"Block Real Estate Services, LLC",69fded1162446148bd848ca3,Converge LLC,,PENDING,,,true,false,2026-09-24
"Block Real Estate Services, LLC",69fded1162446148bd848ca6,Convergint Technologies LLC,,PENDING,,,true,false,2026-09-24
"Block Real Estate Services, LLC",69fded1162446148bd848ca9,Core Adventures LLC,,PENDING,,,true,false,2026-09-24
"Block Real Estate Services, LLC",69fded1162446148bd848cac,CORE Cashless LLC,,PENDING,,,true,false,2026-09-24
"Block Real Estate Services, LLC",69fded1162446148bd848caf,Cornerstones Barbershop LLC,,PENDING,,,true,false,2026-09-24
"Block Real Estate Services, LLC",69fded1162446148bd848cb2,Corporate Flooring Inc,,PENDING,,,true,false,2026-09-24
"Block Real Estate Services, LLC",69fded1162446148bd848cb5,Cort Furniture Rental / Cort Business Services Corporation,,PENDING,,,true,false,2026-09-24
"Block Real Estate Services, LLC",69fded1162446148bd848cb8,CorVel Healthcare Corporation,,PENDING,,,true,false,2026-09-24
"Block Real Estate Services, LLC",69fded1162446148bd848cbb,"Cosentino, Group, Inc. / Associated Wholesale Grocers, Inc.",,PENDING,,,true,false,2026-09-24
"Block Real Estate Services, LLC",69fded1162446148bd848cbe,"Costco-Innovel Properties, LLC (fka Sears Logistics Service, Inc.)",,PENDING,,,true,false,2026-09-24
"Block Real Estate Services, LLC",69fded1262446148bd848cc1,"Covisian CTX, LLC (fka RGMI Consultant / Centrinex, LLC)",,PENDING,,,true,false,2026-09-24
"Block Real Estate Services, LLC",69fded1262446148bd848cc4,"Ameriprise Financial Services, LLC / Respective Wealth / Schenck, Thompson & Associates, LLC (fka Creative Collaboration)",,PENDING,,,true,false,2026-09-24
"Block Real Estate Services, LLC",69fded1262446148bd848cc7,Creative Consumer Concepts Inc,,PENDING,,,true,false,2026-09-24
"Block Real Estate Services, LLC",69fded1262446148bd848cca,"Crescent Electric Supply Company, Inc.",,PENDING,,,true,false,2026-09-24
"Block Real Estate Services, LLC",69fded1262446148bd848ccd,Crescent Springs Healing Center,,PENDING,,,true,false,2026-09-24
"Block Real Estate Services, LLC",69fded1262446148bd848cd0,Crossroads Courier Inc,,PENDING,,,true,false,2026-09-24
"Block Real Estate Services, LLC",69fded1262446148bd848cd3,Crown MedRealty Partners LLC,,PENDING,,,true,false,2026-09-24
"Block Real Estate Services, LLC",69fded1262446148bd848cd6,Cruise Marketing Inc,,PENDING,,,true,false,2026-09-24
"Block Real Estate Services, LLC",69fded1262446148bd848cd9,KK Express Employment / Curtis Holding Company,,PENDING,,,true,false,2026-09-24
"Block Real Estate Services, LLC",69fded1262446148bd848cdc,"DL Smith Electrical Construction, Inc.",,PENDING,,,true,false,2026-09-24
"Block Real Estate Services, LLC",69fded1262446148bd848cdf,"D.A. Davidson, Inc. / DA Davidson & Co.",,PENDING,,,true,false,2026-09-24
"Block Real Estate Services, LLC",69fded1262446148bd848ce2,"Roadhouse Restaurant / Dactyl, LLC",,PENDING,,,true,false,2026-09-24
"Block Real Estate Services, LLC",69fded1262446148bd848ce5,"Thermal Mechanics, Inc. (TMI)",,PENDING,,,true,false,2026-09-24
"Block Real Estate Services, LLC",69fded1262446148bd848ce8,Dairy Farmers Of America,,PENDING,,,true,false,2026-09-24
"Block Real Estate Services, LLC",69fded1262446148bd848ceb,Dairy Farmers of America Inc,,PENDING,,,true,false,2026-09-24
"Block Real Estate Services, LLC",69fded1262446148bd848cee,"Dark Horse Coffee / Dark Horse Collective, LLC",,PENDING,,,true,false,2026-09-24
"Block Real Estate Services, LLC",69fded1262446148bd848cf1,"Retail Data Systems of KC (RDS) / Data Systems, Inc.",,PENDING,,,true,false,2026-09-24
"Block Real Estate Services, LLC",69fded1262446148bd848cf4,Data Systems International/ Nextworld / Cloud Inventory,,PENDING,,,true,false,2026-09-24
"Block Real Estate Services, LLC",69fded1262446148bd848cf7,DataLocker Inc,,PENDING,,,true,false,2026-09-24
"Block Real Estate Services, LLC",69fded1262446148bd848cfa,B-Envied Salon / David M & Lisa Walla,,PENDING,,,true,false,2026-09-24
"Block Real Estate Services, LLC",69fded1262446148bd848cfd,Residential - renter occupied: David Remick,,PENDING,,,false,false,2026-09-24
"Block Real Estate Services, LLC",69fded1262446148bd848d00,Daylight Donuts-Olathe LLC,,PENDING,,,true,false,2026-09-24
"Block Real Estate Services, LLC",69fded1262446148bd848d03,DCB Homes LLC,,PENDING,,,true,false,2026-09-24
"Block Real Estate Services, LLC",69fded1262446148bd848d06,"Dental Health Essentials, LLC",,PENDING,,,true,false,2026-09-24
"Block Real Estate Services, LLC",69fded1262446148bd848d09,Dentek Inc DBA Sokolov Dental Laboratory Inc,,PENDING,,,true,false,2026-09-24
"Block Real Estate Services, LLC",69fded1262446148bd848d0c,Dermatology Consultants,,PENDING,,,true,false,2026-09-24
"Block Real Estate Services, LLC",69fded1262446148bd848d0f,"Diamond Towel and Supply Company, LLC",,PENDING,,,true,false,2026-09-24
"Block Real Estate Services, LLC",69fded1362446148bd848d12,Diana M. Dang,,PENDING,,,true,false,2026-09-24
"Block Real Estate Services, LLC",69fded1362446148bd848d15,Green Leaf Dispensary / DineShkumar P. Patel & Jingeshkumar D. Patel,,PENDING,,,true,false,2026-09-24
"Block Real Estate Services, LLC",69fded1362446148bd848d18,Discover Church,,PENDING,,,true,false,2026-09-24
"Block Real Estate Services, LLC",69fded1362446148bd848d1e,"Dollar General / Dolgencorp, Inc.",,PENDING,,,true,false,2026-09-24
"Block Real Estate Services, LLC",69fded1362446148bd848d21,Dollar Tree,,PENDING,,,true,false,2026-09-24
"Block Real Estate Services, LLC",69fded1362446148bd848d24,Dollar Tree #03352,,PENDING,,,true,false,2026-09-24
"Block Real Estate Services, LLC",69fded1362446148bd848d27,Dollar Tree #4044,,PENDING,,,true,false,2026-09-24
"Block Real Estate Services, LLC",69fded1362446148bd848d2a,Dollar Tree #8462,,PENDING,,,true,false,2026-09-24
"Block Real Estate Services, LLC",69fded1362446148bd848d2d,"Perry Plaza Dental / Dr. Darren Perry, DDS",,PENDING,,,false,false,2026-09-24
"Block Real Estate Services, LLC",69fded1362446148bd848d30,Personal Care Dental Group / Dr. Floyd Wiggins III,,PENDING,,,true,false,2026-09-24
"Block Real Estate Services, LLC",69fded1362446148bd848d33,DTG Medical Electronics,,PENDING,,,true,false,2026-09-24
"Block Real Estate Services, LLC",69fded1362446148bd848d36,DaVita Dialysis / DVA Renal Healthcare,,PENDING,,,true,false,2026-09-24
"Block Real Estate Services, LLC",69fded1362446148bd848d39,E & T Plastics MFG. CO. INC.,,PENDING,,,true,false,2026-09-24
"Block Real Estate Services, LLC",69fded1362446148bd848d3c,E2 Optics LLC,,PENDING,,,true,false,2026-09-24
"Block Real Estate Services, LLC",69fded1362446148bd848d3f,Eaton Electric / Eaton Corporation,,PENDING,,,true,false,2026-09-24
"Block Real Estate Services, LLC",69fded1362446148bd848d42,EcoShield Pest Solutions,,PENDING,,,true,false,2026-09-24
"Block Real Estate Services, LLC",69fded1362446148bd848d45,Edible Arrangements,,PENDING,,,true,false,2026-09-24
"Block Real Estate Services, LLC",69fded1362446148bd848d48,Edward Jones,,PENDING,,,true,false,2026-09-24
"Block Real Estate Services, LLC",69fded1362446148bd848d4b,Edward D Jones & Co LP,,PENDING,,,true,false,2026-09-24
"Block Real Estate Services, LLC",69fded1362446148bd848d4e,Einstein Bros Bagels #3961,,PENDING,,,true,false,2026-09-24
"Block Real Estate Services, LLC",69fded1362446148bd848d51,Electrical Investments Inc,,PENDING,,,true,false,2026-09-24
"Block Real Estate Services, LLC",69fded1362446148bd848d54,Electronics for Imaging / EFI Ink Jet Solutions,,PENDING,,,true,false,2026-09-24
"Block Real Estate Services, LLC",69fded1362446148bd848d57,"NTR Metals / Elemental Direct USA, LLC",,PENDING,,,true,false,2026-09-24
"Block Real Estate Services, LLC",69fded1362446148bd848d5a,Elliott Electric Supply Inc,,PENDING,,,true,false,2026-09-24
"Block Real Estate Services, LLC",69fded1362446148bd848d5d,Elysian Salon and Spa LLC,,PENDING,,,true,false,2026-09-24
"Block Real Estate Services, LLC",69fded1362446148bd848d60,Emerson Ecologics LLC,,PENDING,,,true,false,2026-09-24
"Block Real Estate Services, LLC",69fded1362446148bd848d63,Employers Mutual Casualty Company (EMC Insurance),,PENDING,,,true,false,2026-09-24
"Block Real Estate Services, LLC",69fded1462446148bd848d66,"EnerSys Delaware, Inc",,PENDING,,,true,false,2026-09-24
"Block Real Estate Services, LLC",69fded1462446148bd848d69,"Engaged Athletics Training Center / Engaged Holdings, LLC",,PENDING,,,true,false,2026-09-24
"Block Real Estate Services, LLC",69fded1462446148bd848d6c,EDT Engineers / Engineering Design & Testing Corporation,,PENDING,,,true,false,2026-09-24
"Block Real Estate Services, LLC",69fded1462446148bd848d6f,Enterprise Leasing Company of Kansas,,PENDING,,,true,false,2026-09-24
"Block Real Estate Services, LLC",69fded1462446148bd848d72,Enterprise Leasing Company of Kansas,,PENDING,,,true,false,2026-09-24
"Block Real Estate Services, LLC",69fded1462446148bd848d75,Equipmentshare.com Inc,,PENDING,,,true,false,2026-09-24
"Block Real Estate Services, LLC",69fded1462446148bd848d78,Erin McCandless Massage,,PENDING,,,true,false,2026-09-24
"Block Real Estate Services, LLC",69fded1462446148bd848d7b,Essense of Australia Inc,,PENDING,,,true,false,2026-09-24
"Block Real Estate Services, LLC",69fded1462446148bd848d81,Excel Automation Inc.,,PENDING,,,true,false,2026-09-24
"Block Real Estate Services, LLC",69fded1462446148bd848d84,"Emerson / Experitec, Inc.",,PENDING,,,true,false,2026-09-24
"Block Real Estate Services, LLC",69fded1462446148bd848d87,Express Hardwood Floors LLC,,PENDING,,,true,false,2026-09-24
"Block Real Estate Services, LLC",69fded1462446148bd848d8a,F & M Traders LLC,,PENDING,,,true,false,2026-09-24
"Block Real Estate Services, LLC",69fded1462446148bd848d8d,Faith Technologies Inc,,PENDING,,,true,false,2026-09-24
"Block Real Estate Services, LLC",69fded1462446148bd848d90,"Farm & Home Builders, Inc",,PENDING,,,true,false,2026-09-24
"Block Real Estate Services, LLC",69fded1462446148bd848d93,Fastenal Company,,PENDING,,,false,false,2026-09-24
"Block Real Estate Services, LLC",69fded1462446148bd848d96,FastSigns,,PENDING,,,true,false,2026-09-24
"Block Real Estate Services, LLC",69fded1462446148bd848d99,FedEx/Kinko's,,PENDING,,,true,false,2026-09-24
"Block Real Estate Services, LLC",69fded1462446148bd848d9c,"Daley & Fey, LLP",,PENDING,,,false,false,2026-09-24
"Block Real Estate Services, LLC",69fded1462446148bd848d9f,"Popculture Gourmet Popcorn / FILGR, LLC",,PENDING,,,true,false,2026-09-24
"Block Real Estate Services, LLC",69fded1462446148bd848da2,"Fine Line Graphics, Inc.",,PENDING,,,true,false,2026-09-24
"Block Real Estate Services, LLC",69fded1462446148bd848da5,Fireplace & Bar-B-Q Center Inc,,PENDING,,,true,false,2026-09-24
"Block Real Estate Services, LLC",69fded1462446148bd848da8,"InfuSystem / First Biomedical, Inc.",,PENDING,,,true,false,2026-09-24
"Block Real Estate Services, LLC",69fded1462446148bd848dab,First Church of Christ Scientist,,PENDING,,,true,false,2026-09-24
"Block Real Estate Services, LLC",69fded1462446148bd848dae,First Citizens Bank & Trust Company,,PENDING,,,false,false,2026-09-24
"Block Real Estate Services, LLC",69fded1462446148bd848db1,First Key Homes,,PENDING,,,true,false,2026-09-24
"Block Real Estate Services, LLC",69fded1562446148bd848db4,First Watch,,PENDING,,,true,false,2026-09-24
"Block Real Estate Services, LLC",69fded1562446148bd848db7,Fisher & Phillips LLP,,PENDING,,,true,false,2026-09-24
"Block Real Estate Services, LLC",69fded1562446148bd848dba,"Helen Jon / Five Clothes, LLC",,PENDING,,,true,false,2026-09-24
"Block Real Estate Services, LLC",69fded1562446148bd848dbd,"FleetPride, Inc",,PENDING,,,true,false,2026-09-24
"Block Real Estate Services, LLC",69fded1562446148bd848dc0,Force America Inc,,PENDING,,,true,false,2026-09-24
"Block Real Estate Services, LLC",69fded1562446148bd848dc3,"Fresenius Medical Care - Pittsburg Midwest Dialysis / Fort Scott Regional Dialysis Center, Inc.",,PENDING,,,true,false,2026-09-24
"Block Real Estate Services, LLC",69fded1562446148bd848dc6,Foxx Equipment Company,,PENDING,,,true,false,2026-09-24
"Block Real Estate Services, LLC",69fded1562446148bd848dc9,Freightsnap LLC,,PENDING,,,true,false,2026-09-24
"Block Real Estate Services, LLC",69fded1562446148bd848dcc,"Freirich & Katz, L.C. and JD Rosen CPA, PA / Freirich & Company, LLC",,PENDING,,,true,false,2026-09-24
"Block Real Estate Services, LLC",69fded1562446148bd848dcf,Frey Commodities USA Inc,,PENDING,,,true,false,2026-09-24
"Block Real Estate Services, LLC",69fded1562446148bd848dd2,Friends of the Johnson County Library,,PENDING,,,true,false,2026-09-24
"Block Real Estate Services, LLC",69fded1562446148bd848dd5,FS Investment Services Inc,,PENDING,,,true,false,2026-09-24
"Block Real Estate Services, LLC",69fded1562446148bd848dd8,"Future Foam, Inc",,PENDING,,,true,false,2026-09-24
"Block Real Estate Services, LLC",69fded1562446148bd848ddb,"Servpro / G&C Restoration, LLC",,PENDING,,,true,false,2026-09-24
"Block Real Estate Services, LLC",69fded1562446148bd848dde,G3 Industrial Solutions LLC,,PENDING,,,true,false,2026-09-24
"Block Real Estate Services, LLC",69fded1562446148bd848de1,G5 Enterprises Inc,,PENDING,,,true,false,2026-09-24
"Block Real Estate Services, LLC",69fded1562446148bd848de4,Vitev / Gabe Hunninghake,,PENDING,,,true,false,2026-09-24
"Block Real Estate Services, LLC",69fded1562446148bd848de7,"Triad Capital Advisors, Inc. / Gantry, Inc.",,PENDING,,,true,false,2026-09-24
"Block Real Estate Services, LLC",69fded1562446148bd848dea,"Garage Experts of Kansas City / Win-Win Concrete & Storage, LLC",,PENDING,,,true,false,2026-09-24
"Block Real Estate Services, LLC",69fded1562446148bd848ded,"Gas Equipment Company / Gas Equipment, Inc.",,PENDING,,,true,false,2026-09-24
"Block Real Estate Services, LLC",69fded1562446148bd848df0,Gateway Spine & Joint LLC,,PENDING,,,true,false,2026-09-24
"Block Real Estate Services, LLC",69fded1562446148bd848df3,Generate-Ubiquity Management LLC,,PENDING,,,true,false,2026-09-24
"Block Real Estate Services, LLC",69fded1662446148bd848dff,Geotechnology LLC,,PENDING,,,true,false,2026-09-24
"Block Real Estate Services, LLC",69fded1662446148bd848e02,"Pizza Hut / GMRG ACQ 1, LLC #0359",,PENDING,,,true,false,2026-09-24
"Block Real Estate Services, LLC",69fded1662446148bd848e08,GNC (Store #581-02),,PENDING,,,true,false,2026-09-24
"Block Real Estate Services, LLC",69fded1662446148bd848e0b,"GoPuff Lease / GoBrands, Inc.",,PENDING,,,true,false,2026-09-24
"Block Real Estate Services, LLC",69fded1662446148bd848e0e,"Golden Distributing Company, Inc.",,PENDING,,,false,false,2026-09-24
"Block Real Estate Services, LLC",69fded1662446148bd848e11,Google Fiber Inc,,PENDING,,,true,false,2026-09-24
"Block Real Estate Services, LLC",69fded1662446148bd848e14,Grain Valley Chop Shop,,PENDING,,,true,false,2026-09-24
"Block Real Estate Services, LLC",69fded1662446148bd848e17,Sni Valley Academy / Dr. Warren L. Moss - Grain Valley School District,,PENDING,,,true,false,2026-09-24
"Block Real Estate Services, LLC",69fded1662446148bd848e1a,"Patio Enclosures / Great Day Improvements, LLC",,PENDING,,,true,false,2026-09-24
"Block Real Estate Services, LLC",69fded1662446148bd848e1d,Great Rivers Associates,,PENDING,,,true,false,2026-09-24
"Block Real Estate Services, LLC",69fded1662446148bd848e20,"The Shredder + MedShred / Green Resource Management, Inc.",,PENDING,,,true,false,2026-09-24
"Block Real Estate Services, LLC",69fded1662446148bd848e23,"Action Stainless & Alloys / ACT Acquisition, Inc. (sublease from Hello Fresh / Grocery Delivery Logistics, Inc.)",,PENDING,,,true,false,2026-09-24
"Block Real Estate Services, LLC",69fded1662446148bd848e26,"Gexpro Services / Rexel USA, Inc. (fka GS Operating, LLC )",,PENDING,,,true,false,2026-09-24
"Block Real Estate Services, LLC",69fded1662446148bd848e29,Internal Revenue Service / Government Services Administration (GSA),,PENDING,,,true,false,2026-09-24
"Block Real Estate Services, LLC",69fded1662446148bd848e2c,Guardian Water & Air Systems LLC,,PENDING,,,true,false,2026-09-24
"Block Real Estate Services, LLC",69fded1662446148bd848e2f,"VIALS / Gunn & Richards, Inc.",,PENDING,,,true,false,2026-09-24
"Block Real Estate Services, LLC",69fded1662446148bd848e32,H & R Block Enterprises LLC,,PENDING,,,true,false,2026-09-24
"Block Real Estate Services, LLC",69fded1662446148bd848e35,H M Cragg Co,,PENDING,,,true,false,2026-09-24
"Block Real Estate Services, LLC",69fded1662446148bd848e38,"H&R Block Eastern Tax Svc., Inc. / H&R Block 24167",,PENDING,,,true,false,2026-09-24
"Block Real Estate Services, LLC",69fded1662446148bd848e3b,"Discount Tire / Halle Properties, Inc.",,PENDING,,,true,false,2026-09-24
"Block Real Estate Services, LLC",69fded1662446148bd848e3e,"Harbor Freight Tools USA, Inc",,PENDING,,,true,false,2026-09-24
"Block Real Estate Services, LLC",69fded1662446148bd848e41,"Hartfiel Automation, Inc.",,PENDING,,,true,false,2026-09-24
"Block Real Estate Services, LLC",69fded1662446148bd848e44,HCA Realty,,PENDING,,,true,false,2026-09-24
"Block Real Estate Services, LLC",69fded1762446148bd848e4a,Healthy Meals Inc,,PENDING,,,true,false,2026-09-24
"Block Real Estate Services, LLC",69fded1762446148bd848e4d,Wright/Laird Casting / Heather Laird,,PENDING,,,true,false,2026-09-24
"Block Real Estate Services, LLC",69fded1762446148bd848e50,"Hyper Energy /HEB KS, LLC",,PENDING,,,true,false,2026-09-24
"Block Real Estate Services, LLC",69fded1762446148bd848e53,Henderson Engineers Inc,,PENDING,,,true,false,2026-09-24
"Block Real Estate Services, LLC",69fded1762446148bd848e56,Hennessy Enterprises LLC,,PENDING,,,true,false,2026-09-24
"Block Real Estate Services, LLC",69fded1762446148bd848e59,Hensley Electric Inc,,PENDING,,,true,false,2026-09-24
"Block Real Estate Services, LLC",69fded1762446148bd848e5c,"Heritage First, Inc.",,PENDING,,,true,false,2026-09-24
"Block Real Estate Services, LLC",69fded1762446148bd848e5f,"Hibbett Sports / Hibbett Retail, Inc.",,PENDING,,,true,false,2026-09-24
"Block Real Estate Services, LLC",69fded1762446148bd848e62,Hoambrecker Enterprises LLC,,PENDING,,,true,false,2026-09-24
"Block Real Estate Services, LLC",69fded1762446148bd848e65,"Hoang Tran Nhat Pham, Phuoc Duc Ngo and Binh Xuan Nguyen",,PENDING,,,true,false,2026-09-24
"Block Real Estate Services, LLC",69fded1762446148bd848e68,Hoefer Welker LLC,,PENDING,,,true,false,2026-09-24
"Block Real Estate Services, LLC",69fded1762446148bd848e6b,"Horizon PSI / Horizon Systems, Inc.",,PENDING,,,true,false,2026-09-24
"Block Real Estate Services, LLC",69fded1762446148bd848e6e,Hot Dog Design LLC,,PENDING,,,true,false,2026-09-24
"Block Real Estate Services, LLC",69fded1762446148bd848e71,Hughes Machinery Company,,PENDING,,,true,false,2026-09-24
"Block Real Estate Services, LLC",69fded1762446148bd848e74,Husqvarna Construction Products North America Inc,,PENDING,,,true,false,2026-09-24
"Block Real Estate Services, LLC",69fded1762446148bd848e77,Hyalogic LLC,,PENDING,,,true,false,2026-09-24
"Block Real Estate Services, LLC",69fded1762446148bd848e7a,Hydro Extrusion USA LLC,,PENDING,,,true,false,2026-09-24
"Block Real Estate Services, LLC",69fded1762446148bd848e7d,Hy-Vee Inc,,PENDING,,,true,false,2026-09-24
"Block Real Estate Services, LLC",69fded1762446148bd848e80,"SOFIE / IBA Molecular North America, Inc.",,PENDING,,,true,false,2026-09-24
"Block Real Estate Services, LLC",69fded1762446148bd848e83,"Xerox / Image Quest, Inc.",,PENDING,,,true,false,2026-09-24
"Block Real Estate Services, LLC",69fded1762446148bd848e86,Infinity Fasteners Inc,,PENDING,,,true,false,2026-09-24
"Block Real Estate Services, LLC",69fded1762446148bd848e89,Inspire Therapy LLC,,PENDING,,,true,false,2026-09-24
"Block Real Estate Services, LLC",69fded1762446148bd848e8c,Great Clips / Iris Corporation,,PENDING,,,true,false,2026-09-24
"Block Real Estate Services, LLC",69fded1762446148bd848e8f,"Tea Garden / Iris Restaurant, LLC",,PENDING,,,true,false,2026-09-24
"Block Real Estate Services, LLC",69fded1862446148bd848e98,"JACO / JACO General Contractor, Inc.",,PENDING,,,true,false,2026-09-24
"Block Real Estate Services, LLC",69fded1862446148bd848e9e,"Janette Brown Insurance Agency, LLC (Farmer's Insurance)",,PENDING,,,true,false,2026-09-24
"Block Real Estate Services, LLC",69fded1862446148bd848ea1,Studio 5 Beauty Boutique / Jayci Lynn Stratton,,PENDING,,,true,false,2026-09-24
"Block Real Estate Services, LLC",69fded1862446148bd848ea4,"Proforma Idology Marketing Group / JES Business Solutions, LLC",,PENDING,,,true,false,2026-09-24
"Block Real Estate Services, LLC",69fded1862446148bd848ea7,"Jetalum Windows & Doors / JetAlum, LLC",,PENDING,,,true,false,2026-09-24
"Block Real Estate Services, LLC",69fded1862446148bd848eaa,Jimmy John's,,PENDING,,,true,false,2026-09-24
"Block Real Estate Services, LLC",69fded1862446148bd848ead,"Pinches / JLJ Holdings, LLC",,PENDING,,,true,false,2026-09-24
"Block Real Estate Services, LLC",69fded1862446148bd848eb0,"Johnson Controls Fire Protection, LP (fka Simplex Grinnell)",,PENDING,,,true,false,2026-09-24
"Block Real Estate Services, LLC",69fded1862446148bd848eb3,Johnson Granite Supply Inc,,PENDING,,,true,false,2026-09-24
"Block Real Estate Services, LLC",69fded1862446148bd848eb9,JP Morgan Chase Bank,,PENDING,,,true,false,2026-09-24
"Block Real Estate Services, LLC",69fded1862446148bd848ebc,Juro International Systems Inc,,PENDING,,,true,false,2026-09-24
"Block Real Estate Services, LLC",69fded1862446148bd848ebf,Kababs,,PENDING,,,true,false,2026-09-24
"Block Real Estate Services, LLC",69fded1862446148bd848ec2,"Noblemans Barber Lounge / Kansas City Barber Group, LLC",,PENDING,,,true,false,2026-09-24
"Block Real Estate Services, LLC",69fded1862446148bd848ec5,Kansas City Bone & Joint Clinic,,PENDING,,,true,false,2026-09-24
"Block Real Estate Services, LLC",69fded1862446148bd848ec8,Central Links Golf / Kansas City Golf Association (fka KCGA),,PENDING,,,true,false,2026-09-24
"Block Real Estate Services, LLC",69fded1862446148bd848ecb,"Kansas City Gymnastics, Inc.",,PENDING,,,true,false,2026-09-24
"Block Real Estate Services, LLC",69fded1862446148bd848ece,Kansas City Urology Care,,PENDING,,,true,false,2026-09-24
"Block Real Estate Services, LLC",69fded1862446148bd848ed1,"Kansas City Urology Care, PA",,PENDING,,,true,false,2026-09-24
"Block Real Estate Services, LLC",69fded1862446148bd848ed4,WinAir,,PENDING,,,true,false,2026-09-24
"Block Real Estate Services, LLC",69fded1862446148bd848ed7,"Kansas Gas Co / ONE Gas, Inc",,PENDING,,,true,false,2026-09-24
"Block Real Estate Services, LLC",69fded1862446148bd848eda,Kansas Granite Mart,,PENDING,,,false,false,2026-09-24
"Block Real Estate Services, LLC",69fded1862446148bd848edd,Kansas Granite Mart Inc,,PENDING,,,true,false,2026-09-24
"Block Real Estate Services, LLC",69fded1862446148bd848ee0,Kate Smith Soiree LLC,,PENDING,,,true,false,2026-09-24
"Block Real Estate Services, LLC",69fded1962446148bd848ee3,Kavar Capital Partners / Douglas G & Kara L,,PENDING,,,true,false,2026-09-24
"Block Real Estate Services, LLC",69fded1962446148bd848ee6,"Kawneer Company, Inc.",,PENDING,,,true,false,2026-09-24
"Block Real Estate Services, LLC",69fded1962446148bd848ee9,"KC Classic Auto, LLC",,PENDING,,,true,false,2026-09-24
"Block Real Estate Services, LLC",69fded1962446148bd848eec,KC Cocktail Company LLC,,PENDING,,,true,false,2026-09-24
"Block Real Estate Services, LLC",69fded1962446148bd848eef,"The Dotte Spot / KC Smashers, LLC",,PENDING,,,true,false,2026-09-24
"Block Real Estate Services, LLC",69fded1962446148bd848ef2,"KGPCo / KGP Telecommunications, LLC",,PENDING,,,true,false,2026-09-24
"Block Real Estate Services, LLC",69fded1962446148bd848ef5,"Merry Maids 391 & 604 / Khaos, Inc.",,PENDING,,,true,false,2026-09-24
"Block Real Estate Services, LLC",69fded1962446148bd848ef8,Salon Expose / Kim Medina,,PENDING,,,true,false,2026-09-24
"Block Real Estate Services, LLC",69fded1962446148bd848efb,Knappco LLC,,PENDING,,,true,false,2026-09-24
"Block Real Estate Services, LLC",69fded1962446148bd848efe,Knapstein Design,,PENDING,,,true,false,2026-09-24
"Block Real Estate Services, LLC",69fded1962446148bd848f01,"KTI / Kruger Technologies, Inc.",,PENDING,,,true,false,2026-09-24
"Block Real Estate Services, LLC",69fded1962446148bd848f04,KU Women's Health Specialty Centers / KU Gynocology and Obstetrical Foundation,,PENDING,,,true,false,2026-09-24
"Block Real Estate Services, LLC",69fded1962446148bd848f07,LabCorp / Laboratory Corporation of America Holdings,,PENDING,,,true,false,2026-09-24
"Block Real Estate Services, LLC",69fded1962446148bd848f0a,Landers Visions LLC,,PENDING,,,true,false,2026-09-24
"Block Real Estate Services, LLC",69fded1962446148bd848f0d,Landmarc Environmental Systems LLC,,PENDING,,,true,false,2026-09-24
"Block Real Estate Services, LLC",69fded1962446148bd848f13,"LeafFilter North, LLC/Leaf Home Safety Solutions, LLC",,PENDING,,,true,false,2026-09-24
"Block Real Estate Services, LLC",69fded1962446148bd848f16,"LeafFilter North, LLC/Leaf Home Safety Solutions, LLC",,PENDING,,,true,false,2026-09-24
"Block Real Estate Services, LLC",69fded1962446148bd848f19,Legacy Restaurant Group LLC,,PENDING,,,true,false,2026-09-24
"Block Real Estate Services, LLC",69fded1962446148bd848f1c,Lenexa Manufacturing Company LLC,,PENDING,,,true,false,2026-09-24
"Block Real Estate Services, LLC",69fded1962446148bd848f1f,Leslie's Poolmart Inc,,PENDING,,,true,false,2026-09-24
"Block Real Estate Services, LLC",69fded1962446148bd848f22,Life Assist Inc,,PENDING,,,true,false,2026-09-24
"Block Real Estate Services, LLC",69fded1962446148bd848f25,Lightning Logistics,,PENDING,,,true,false,2026-09-24
"Block Real Estate Services, LLC",69fded1962446148bd848f28,Medical Midwest / Lincare,,PENDING,,,true,false,2026-09-24
"Block Real Estate Services, LLC",69fded1962446148bd848f2b,Gilded Chaos / Lindsay Kupper,,PENDING,,,true,false,2026-09-24
"Block Real Estate Services, LLC",69fded1962446148bd848f2e,Link Media Omaha LLC,,PENDING,,,true,false,2026-09-24
"Block Real Estate Services, LLC",69fded1962446148bd848f31,"Workforce Partnership / Local Workforce Investment Area, III (Vacating 5/31/26)",,PENDING,,,false,false,2026-09-24
"Block Real Estate Services, LLC",69fded1a62446148bd848f34,Long's Shotokan Karate Academy and Martial Arts LLC,,PENDING,,,true,false,2026-09-24
"Block Real Estate Services, LLC",69fded1a62446148bd848f37,"Mobile Air And Power / Resolute Industrial, LLC (sublease from Loomis Armored Services)",,PENDING,,,true,false,2026-09-24
"Block Real Estate Services, LLC",69fded1a62446148bd848f3a,"Lynk, Inc.",,PENDING,,,true,false,2026-09-24
"Block Real Estate Services, LLC",69fded1a62446148bd848f3d,Mactan Asian Market / Steve Shatto,,PENDING,,,true,false,2026-09-24
"Block Real Estate Services, LLC",69fded1a62446148bd848f40,Magic Kitchen Inc,,PENDING,,,true,false,2026-09-24
"Block Real Estate Services, LLC",69fded1a62446148bd848f43,Magnum Systems Inc,,PENDING,,,true,false,2026-09-24
"Block Real Estate Services, LLC",69fded1a62446148bd848f46,"Magvia Percussion, LLC / WFLIII Drums",,PENDING,,,true,false,2026-09-24
"Block Real Estate Services, LLC",69fded1a62446148bd848f49,Mainland Valuation Services,,PENDING,,,true,false,2026-09-24
"Block Real Estate Services, LLC",69fded1a62446148bd848f4c,"Shoot 360 / Mambas Basketball Academy, LLC",,PENDING,,,true,false,2026-09-24
"Block Real Estate Services, LLC",69fded1a62446148bd848f52,Manna Pro Products LLC,,PENDING,,,true,false,2026-09-24
"Block Real Estate Services, LLC",69fded1a62446148bd848f55,"Bistro / Marcie, Inc.",,PENDING,,,true,false,2026-09-24
"Block Real Estate Services, LLC",69fded1a62446148bd848f58,Marcon Marketing Concepts Inc,,PENDING,,,true,false,2026-09-24
"Block Real Estate Services, LLC",69fded1a62446148bd848f5b,"Marel, USA",,PENDING,,,true,false,2026-09-24
"Block Real Estate Services, LLC",69fded1a62446148bd848f5e,"Mariner Wealth Advisors / Mariner Holdings, LLC",,PENDING,,,true,false,2026-09-24
"Block Real Estate Services, LLC",69fded1a62446148bd848f61,"Blue Endo / Market-tiers, Inc.",,PENDING,,,true,false,2026-09-24
"Block Real Estate Services, LLC",69fded1a62446148bd848f64,Martinrea Riverside LLC,,PENDING,,,true,false,2026-09-24
"Block Real Estate Services, LLC",69fded1a62446148bd848f67,Massage Envy,,PENDING,,,true,false,2026-09-24
"Block Real Estate Services, LLC",69fded1a62446148bd848f6d,Mattress Firm Inc,,PENDING,,,true,false,2026-09-24
"Block Real Estate Services, LLC",69fded1a62446148bd848f70,"Mavs Volleyball / MAVS, LLC",,PENDING,,,true,false,2026-09-24
"Block Real Estate Services, LLC",69fded1a62446148bd848f73,MAWD Pathology Group P.A.,,PENDING,,,true,false,2026-09-24
"Block Real Estate Services, LLC",69fded1a62446148bd848f76,"Clear Choice Dental Implant Center / MB Properties, LLC",,PENDING,,,true,false,2026-09-24
"Block Real Estate Services, LLC",69fded1a62446148bd848f79,MC Flooring LLC,,PENDING,,,true,false,2026-09-24
"Block Real Estate Services, LLC",69fded1a62446148bd848f7c,McClure Engineering Company,,PENDING,,,true,false,2026-09-24
"Block Real Estate Services, LLC",69fded1a62446148bd848f82,McQuaid Brothers Remodeling,,PENDING,,,true,false,2026-09-24
"Block Real Estate Services, LLC",69fded1a62446148bd848f85,"McShane & Brady, LLC",,PENDING,,,true,false,2026-09-24
"Block Real Estate Services, LLC",69fded1b62446148bd848f88,"Mechanical Sales Midwest, Inc",,PENDING,,,true,false,2026-09-24
"Block Real Estate Services, LLC",69fded1b62446148bd848f8b,"Med Resources, Inc.",,PENDING,,,true,false,2026-09-24
"Block Real Estate Services, LLC",69fded1b62446148bd848f8e,Medical Missions Foundation,,PENDING,,,true,false,2026-09-24
"Block Real Estate Services, LLC",69fded1b62446148bd848f91,Medical Technology Associates Inc,,PENDING,,,true,false,2026-09-24
"Block Real Estate Services, LLC",69fded1b62446148bd848f94,"Mr. Handy Man / Melcar Enterprises (fka Stagg Enterprises, LLC)",,PENDING,,,true,false,2026-09-24
"Block Real Estate Services, LLC",69fded1b62446148bd848f97,"Melcher Investment Company, LP",,PENDING,,,true,false,2026-09-24
"Block Real Estate Services, LLC",69fded1b62446148bd848f9a,"510 Counseling Group / Melissa Winston, LLC",,PENDING,,,true,false,2026-09-24
"Block Real Estate Services, LLC",69fded1b62446148bd848f9d,"Salom Asian Market / Men Sui and Naa Aung, Wife and Husband",,PENDING,,,true,false,2026-09-24
"Block Real Estate Services, LLC",69fded1b62446148bd848fa0,The Shul of Leawood / Merkos Linyonci Chinuch of Kansas dba Chabad of Leawood,,PENDING,,,true,false,2026-09-24
"Block Real Estate Services, LLC",69fded1b62446148bd848fa3,"Metro Spine & Rehab PA (Dr. Galate) / Precision Spine & Orthopedic Specialists, LLC",,PENDING,,,true,false,2026-09-24
"Block Real Estate Services, LLC",69fded1b62446148bd848fa6,MicroProtein Technologies Inc,,PENDING,,,true,false,2026-09-24
"Block Real Estate Services, LLC",69fded1b62446148bd848fa9,Midland Exteriors LLC,,PENDING,,,true,false,2026-09-24
"Block Real Estate Services, LLC",69fded1b62446148bd848fac,"Midland Steel Erection, LLC",,PENDING,,,true,false,2026-09-24
"Block Real Estate Services, LLC",69fded1b62446148bd848faf,"Midwest Administrative Services, LLC (fka Fail-Safe Product Protection, Inc.)",,PENDING,,,true,false,2026-09-24
"Block Real Estate Services, LLC",69fded1b62446148bd848fb2,Midwest Dance Center / Priscilla Lea Young,,PENDING,,,true,false,2026-09-24
"Block Real Estate Services, LLC",69fded1b62446148bd848fb8,MIdwest Model Railroad LLC,,PENDING,,,true,false,2026-09-24
"Block Real Estate Services, LLC",69fded1b62446148bd848fbb,"Midwest Vacuums / Cast, Inc.",,PENDING,,,true,false,2026-09-24
"Block Real Estate Services, LLC",69fded1b62446148bd848fbe,"Mills Record Company / Mills Records, LLC",,PENDING,,,true,false,2026-09-24
"Block Real Estate Services, LLC",69fded1b62446148bd848fc1,"Ingersol Rand / Milton Roy, LLC",,PENDING,,,true,false,2026-09-24
"Block Real Estate Services, LLC",69fded1b62446148bd848fc4,"Mindful Child Wellness + Aeriel Yoga, LLC",,PENDING,,,true,false,2026-09-24
"Block Real Estate Services, LLC",69fded1b62446148bd848fc7,Miner Ltd,,PENDING,,,true,false,2026-09-24
"Block Real Estate Services, LLC",69fded1b62446148bd848fca,"Wingstop / Missouri Wings XIV, LLC",,PENDING,,,true,false,2026-09-24
"Block Real Estate Services, LLC",69fded1b62446148bd848fcd,Mitchell Capital Management Company,,PENDING,,,true,false,2026-09-24
"Block Real Estate Services, LLC",69fded1b62446148bd848fd0,"Pride Cleaners / MJV-A, LLC",,PENDING,,,true,false,2026-09-24
"Block Real Estate Services, LLC",69fded1b62446148bd848fd3,"Dal Tile / Mohawk Carpet Distribution, Inc.",,PENDING,,,true,false,2026-09-24
"Block Real Estate Services, LLC",69fded1b62446148bd848fd6,Moncayo Legal LLC,,PENDING,,,true,false,2026-09-24
"Block Real Estate Services, LLC",69fded1b62446148bd848fd9,Moncom LLC,,PENDING,,,true,false,2026-09-24
"Block Real Estate Services, LLC",69fded1c62446148bd848fdc,Monte Cook Games LLC,,PENDING,,,true,false,2026-09-24
"Block Real Estate Services, LLC",69fded1c62446148bd848fdf,"Munch's Supply O'Connor LLC / O'Connor Company, Inc.",,PENDING,,,true,false,2026-09-24
"Block Real Estate Services, LLC",69fded1c62446148bd848fe2,"National Vision, Inc",,PENDING,,,true,false,2026-09-24
"Block Real Estate Services, LLC",69fded1c62446148bd848fe5,Nationwide Life and Benefits Insurance Company / Nationwide (fka Allstate Insurance and National General Management Corp.),,PENDING,,,true,false,2026-09-24
"Block Real Estate Services, LLC",69fded1c62446148bd848fe8,"Prosperity Partners / NDH Advisors, LLC (fka Mariner Group, LLC & Stratus Group, LLC)",,PENDING,,,true,false,2026-09-24
"Block Real Estate Services, LLC",69fded1c62446148bd848feb,Neenan Company,,PENDING,,,true,false,2026-09-24
"Block Real Estate Services, LLC",69fded1c62446148bd848fee,"Creche Innovations / Neonatal Product Group, Inc.",,PENDING,,,true,false,2026-09-24
"Block Real Estate Services, LLC",69fded1c62446148bd848ff1,Nestle Purina PetCare Co.,,PENDING,,,true,false,2026-09-24
"Block Real Estate Services, LLC",69fded1c62446148bd848ff4,Netsmart Technologies Inc,,PENDING,,,true,false,2026-09-24
"Block Real Estate Services, LLC",69fded1c62446148bd848ff7,New Century Dodge Chrysler Wholesale Parts,,PENDING,,,true,false,2026-09-24
"Block Real Estate Services, LLC",69fded1c62446148bd848ffa,New China Super Buffet,,PENDING,,,true,false,2026-09-24
"Block Real Estate Services, LLC",69fded1c62446148bd848ffd,"New Cingular Wireless PCS, LLC",,PENDING,,,true,false,2026-09-24
"Block Real Estate Services, LLC",69fded1c62446148bd849000,New Lawn LLC,,PENDING,,,true,false,2026-09-24
"Block Real Estate Services, LLC",69fded1c62446148bd849003,New Nail & Spa,,PENDING,,,true,false,2026-09-24
"Block Real Estate Services, LLC",69fded1c62446148bd849006,New York Air Brake Co,,PENDING,,,true,false,2026-09-24
"Block Real Estate Services, LLC",69fded1c62446148bd849009,Nextaff Group LLC,,PENDING,,,false,false,2026-09-24
"Block Real Estate Services, LLC",69fded1c62446148bd84900c,"Nexus Medical, LLC",,PENDING,,,true,false,2026-09-24
"Block Real Estate Services, LLC",69fded1c62446148bd84900f,Nifty Promotions LLC,,PENDING,,,true,false,2026-09-24
"Block Real Estate Services, LLC",69fded1c62446148bd849012,"Pirtek / Norris Ventures, LLC",,PENDING,,,true,false,2026-09-24
"Block Real Estate Services, LLC",69fded1c62446148bd849015,O' Reilly Automotive,,PENDING,,,true,false,2026-09-24
"Block Real Estate Services, LLC",69fded1c62446148bd849018,Office Depot,,PENDING,,,true,false,2026-09-24
"Block Real Estate Services, LLC",69fded1c62446148bd84901b,"Office Max, Inc #472",,PENDING,,,true,false,2026-09-24
"Block Real Estate Services, LLC",69fded1c62446148bd84901e,Old National Bank (fka First Midwest Bank ),,PENDING,,,true,false,2026-09-24
"Block Real Estate Services, LLC",69fded1c62446148bd849021,Olivia Wang,,PENDING,,,true,false,2026-09-24
"Block Real Estate Services, LLC",69fded1c62446148bd849024,Ollie's Bargain Outlet Inc,,PENDING,,,true,false,2026-09-24
"Block Real Estate Services, LLC",69fded1c62446148bd849027,OMB Bank,,PENDING,,,true,false,2026-09-24
"Block Real Estate Services, LLC",69fded1c62446148bd84902a,OneDigital Borrower LLC,,PENDING,,,true,false,2026-09-24
"Block Real Estate Services, LLC",69fded1c62446148bd84902d,"Ocean Prime / OPKC, LLC",,PENDING,,,true,false,2026-09-24
"Block Real Estate Services, LLC",69fded1d62446148bd849030,"Walgreens / Option Care Enterprises, Inc.",,PENDING,,,true,false,2026-09-24
"Block Real Estate Services, LLC",69fded1d62446148bd849033,O'Reilly Automotive,,PENDING,,,true,false,2026-09-24
"Block Real Estate Services, LLC",69fded1d62446148bd849036,Orkin LLC,,PENDING,,,true,false,2026-09-24
"Block Real Estate Services, LLC",69fded1d62446148bd849039,Orscheln Farm & Home LLC,,PENDING,,,true,false,2026-09-24
"Block Real Estate Services, LLC",69fded1d62446148bd84903c,Orscheln Farm and Home LLC,,PENDING,,,true,false,2026-09-24
"Block Real Estate Services, LLC",69fded1d62446148bd84903f,"OUTFRONT Media, LLC / Gannett Outdoor Co., Inc.",,PENDING,,,true,false,2026-09-24
"Block Real Estate Services, LLC",69fded1d62446148bd849042,"Oz Accommodations, Inc.",,PENDING,,,true,false,2026-09-24
"Block Real Estate Services, LLC",69fded1d62446148bd849045,Downtown Liquor / P & S Investment LLC,,PENDING,,,true,false,2026-09-24
"Block Real Estate Services, LLC",69fded1d62446148bd849048,"P1 Group / P1 Service, LLC",,PENDING,,,true,false,2026-09-24
"Block Real Estate Services, LLC",69fded1d62446148bd84904b,Belton Modern Dentistry / Pacific Dental Services,,PENDING,,,true,false,2026-09-24
"Block Real Estate Services, LLC",69fded1d62446148bd84904e,Pack3000 LLC,,PENDING,,,true,false,2026-09-24
"Block Real Estate Services, LLC",69fded1d62446148bd849051,"Hydro Ponics / River Market Hydro / Palm Green, LLC",,PENDING,,,true,false,2026-09-24
"Block Real Estate Services, LLC",69fded1d62446148bd849054,Papa Murphy's / Papa's Partners,,PENDING,,,true,false,2026-09-24
"Block Real Estate Services, LLC",69fded1d62446148bd849057,"W + D North America, Inc. / Paper Converting Machine Corporation/BW Converting",,PENDING,,,true,false,2026-09-24
"Block Real Estate Services, LLC",69fded1d62446148bd84905a,Park Hill Alano Club,,PENDING,,,true,false,2026-09-24
"Block Real Estate Services, LLC",69fded1d62446148bd84905d,Nitto Denko Automotive / Parkers America,,PENDING,,,true,false,2026-09-24
"Block Real Estate Services, LLC",69fded1d62446148bd849060,Parris Communications,,PENDING,,,true,false,2026-09-24
"Block Real Estate Services, LLC",69fded1d62446148bd849063,"The Laundry Hut, LLC / Parvin Laundry, LLC",,PENDING,,,false,false,2026-09-24
"Block Real Estate Services, LLC",69fded1d62446148bd849066,Paycom Payroll LLC,,PENDING,,,true,false,2026-09-24
"Block Real Estate Services, LLC",69fded1d62446148bd849069,PCG Wealth Management LLC,,PENDING,,,true,false,2026-09-24
"Block Real Estate Services, LLC",69fded1d62446148bd84906c,Pennsylvania Tool Sales and Service Inc,,PENDING,,,true,false,2026-09-24
"Block Real Estate Services, LLC",69fded1d62446148bd84906f,Penske Truck Leasing Co LP,,PENDING,,,true,false,2026-09-24
"Block Real Estate Services, LLC",69fded1d62446148bd849072,People First Network of Kansas LLC,,PENDING,,,true,false,2026-09-24
"Block Real Estate Services, LLC",69fded1d62446148bd849075,"Pine Ridge Management Office & BMS / PERG Buildings, LLC",,PENDING,,,true,false,2026-09-24
"Block Real Estate Services, LLC",69fded1d62446148bd849078,"PERG Buildings, LLC",,PENDING,,,true,false,2026-09-24
"Block Real Estate Services, LLC",69fded1d62446148bd84907b,Petfolk Real Estate Holdings LLC,,PENDING,,,true,false,2026-09-24
"Block Real Estate Services, LLC",69fded1d62446148bd84907e,"PetSense, LLC",,PENDING,,,true,false,2026-09-24
"Block Real Estate Services, LLC",69fded1d62446148bd849081,"ICON / PRA Health Sciences / Pharmaceutical Research Associates, Inc.",,PENDING,,,true,false,2026-09-24
"Block Real Estate Services, LLC",69fded1d62446148bd849084,Pharmacy Corp of America,,PENDING,,,false,false,2026-09-24
"Block Real Estate Services, LLC",69fded1e62446148bd84908a,Phoenix Fastpitch LLC,,PENDING,,,true,false,2026-09-24
"Block Real Estate Services, LLC",69fded1e62446148bd84908d,"Servpro / Piat, Inc.",,PENDING,,,true,false,2026-09-24
"Block Real Estate Services, LLC",69fded1e62446148bd849090,"Pinnacle Construction Group, LLC",,PENDING,,,true,false,2026-09-24
"Block Real Estate Services, LLC",69fded1e62446148bd849093,Pivot International Inc,,PENDING,,,true,false,2026-09-24
"Block Real Estate Services, LLC",69fded1e62446148bd849096,"Pizza Hut of America, Inc.",,PENDING,,,true,false,2026-09-24
"Block Real Estate Services, LLC",69fded1e62446148bd84909c,"Northstar Wealth / Polaris, LLC",,PENDING,,,true,false,2026-09-24
"Block Real Estate Services, LLC",69fded1e62446148bd84909f,Polaris Pharmacy Services of Missouri,,PENDING,,,true,false,2026-09-24
"Block Real Estate Services, LLC",69fded1e62446148bd8490a2,Polymershapes LLC,,PENDING,,,true,false,2026-09-24
"Block Real Estate Services, LLC",69fded1e62446148bd8490a5,Power Motion Inc,,PENDING,,,true,false,2026-09-24
"Block Real Estate Services, LLC",69fded1e62446148bd8490a8,Power Sales & Advertising Inc,,PENDING,,,true,false,2026-09-24
"Block Real Estate Services, LLC",69fded1e62446148bd8490ab,Prairie Engineers PC,,PENDING,,,true,false,2026-09-24
"Block Real Estate Services, LLC",69fded1e62446148bd8490ae,Prestige Land Title LLC,,PENDING,,,true,false,2026-09-24
"Block Real Estate Services, LLC",69fded1e62446148bd8490b1,"Prime Source Building Products, Inc.",,PENDING,,,true,false,2026-09-24
"Block Real Estate Services, LLC",69fded1e62446148bd8490b4,Principal Life Insurance Company,,PENDING,,,true,false,2026-09-24
"Block Real Estate Services, LLC",69fded1e62446148bd8490b7,Pro Concrete Design Inc,,PENDING,,,true,false,2026-09-24
"Block Real Estate Services, LLC",69fded1e62446148bd8490ba,Professional Toxicology Services Inc,,PENDING,,,true,false,2026-09-24
"Block Real Estate Services, LLC",69fded1e62446148bd8490bd,Promex Limited,,PENDING,,,true,false,2026-09-24
"Block Real Estate Services, LLC",69fded1e62446148bd8490c0,"Sportsman's Cap / Promotional Headwear International, Inc.",,PENDING,,,true,false,2026-09-24
"Block Real Estate Services, LLC",69fded1e62446148bd8490c3,Propak Logistics Inc,,PENDING,,,true,false,2026-09-24
"Block Real Estate Services, LLC",69fded1e62446148bd8490c9,"Adapt Health / Provider Plus, Inc.",,PENDING,,,true,false,2026-09-24
"Block Real Estate Services, LLC",69fded1e62446148bd8490cc,"Psychology Office Management, Inc.",,PENDING,,,true,false,2026-09-24
"Block Real Estate Services, LLC",69fded1e62446148bd8490cf,Pulse Design Group,,PENDING,,,true,false,2026-09-24
"Block Real Estate Services, LLC",69fded1e62446148bd8490d2,"Q4 Industries, LLC",,PENDING,,,true,false,2026-09-24
"Block Real Estate Services, LLC",69fded1f62446148bd8490d8,R & R Communications Inc,,PENDING,,,true,false,2026-09-24
"Block Real Estate Services, LLC",69fded1f62446148bd8490db,Brinkmann Constructors / R G Brinkman Company,,PENDING,,,true,false,2026-09-24
"Block Real Estate Services, LLC",69fded1f62446148bd8490de,Darden dba Longhorn Steakhouse / RARE Hospitality of Kansas,,PENDING,,,true,false,2026-09-24
"Block Real Estate Services, LLC",69fded1f62446148bd8490e1,"RBC Capital Markets, LLC / Royal Bank of Canada",,PENDING,,,true,false,2026-09-24
"Block Real Estate Services, LLC",69fded1f62446148bd8490e4,"LynTec, Inc. / RDC, Inc.",,PENDING,,,true,false,2026-09-24
"Block Real Estate Services, LLC",69fded1f62446148bd8490e7,Reeves-Wiedeman Co,,PENDING,,,true,false,2026-09-24
"Block Real Estate Services, LLC",69fded1f62446148bd8490ea,"Regal Staffing, LLC",,PENDING,,,true,false,2026-09-24
"Block Real Estate Services, LLC",69fded1f62446148bd8490ed,Releve Performing Arts / Ashley Collier,,PENDING,,,true,false,2026-09-24
"Block Real Estate Services, LLC",69fded1f62446148bd8490f0,"Remax Real Estate / Harry C. Meierarend, III",,PENDING,,,true,false,2026-09-24
"Block Real Estate Services, LLC",69fded1f62446148bd8490f3,Rent-A-Center #1724,,PENDING,,,true,false,2026-09-24
"Block Real Estate Services, LLC",69fded1f62446148bd8490f6,"Ambius / Rentokil North America, Inc. (fka JC Ehrlich Company)",,PENDING,,,true,false,2026-09-24
"Block Real Estate Services, LLC",69fded1f62446148bd8490f9,Repairs Unlimited LLC,,PENDING,,,true,false,2026-09-24
"Block Real Estate Services, LLC",69fded1f62446148bd8490fc,Reserve Applied Management of Kansas City LLC,,PENDING,,,true,false,2026-09-24
"Block Real Estate Services, LLC",69fded1f62446148bd8490ff,"Revolutionary Business Concepts, Inc",,PENDING,,,true,false,2026-09-24
"Block Real Estate Services, LLC",69fded1f62446148bd849102,"IVXPRESS, Inc. (fka Riverside Pharmacy Associates)",,PENDING,,,true,false,2026-09-24
"Block Real Estate Services, LLC",69fded1f62446148bd849105,Rockwell Automation,,PENDING,,,true,false,2026-09-24
"Block Real Estate Services, LLC",69fded1f62446148bd849108,"Rosen's, Inc.",,PENDING,,,true,false,2026-09-24
"Block Real Estate Services, LLC",69fded1f62446148bd84910b,Roto-Rooter Services Company Inc,,PENDING,,,true,false,2026-09-24
"Block Real Estate Services, LLC",69fded1f62446148bd84910e,Rottler Pest & Lawn Solutions / Rottler Pest Control Company,,PENDING,,,true,false,2026-09-24
"Block Real Estate Services, LLC",69fded1f62446148bd849111,"Taco Bell / Royal City Bell, LLC",,PENDING,,,true,false,2026-09-24
"Block Real Estate Services, LLC",69fded1f62446148bd849114,"Royal Gyros (Royal Donuts, LLC) / Ahed Kalifa",,PENDING,,,true,false,2026-09-24
"Block Real Estate Services, LLC",69fded1f62446148bd849117,Royal Seamless Gutter Inc,,PENDING,,,true,false,2026-09-24
"Block Real Estate Services, LLC",69fded1f62446148bd84911a,RSM US LLP,,PENDING,,,true,false,2026-09-24
"Block Real Estate Services, LLC",69fded1f62446148bd849120,Ryan Poage & Company,,PENDING,,,false,false,2026-09-24
"Block Real Estate Services, LLC",69fded1f62446148bd849123,Safari Mart,,PENDING,,,true,false,2026-09-24
"Block Real Estate Services, LLC",69fded2062446148bd849129,"Sally Beauty Co., Inc. / Sally Beauty 1717",,PENDING,,,true,false,2026-09-24
"Block Real Estate Services, LLC",69fded2062446148bd84912c,Salon Ji,,PENDING,,,true,false,2026-09-24
"Block Real Estate Services, LLC",69fded2062446148bd84912f,Salvation Army Family Store / The Salvation Army,,PENDING,,,true,false,2026-09-24
"Block Real Estate Services, LLC",69fded2062446148bd849132,"Sanders Management, Inc",,PENDING,,,true,false,2026-09-24
"Block Real Estate Services, LLC",69fded2062446148bd849135,Savanah Hunt,,PENDING,,,true,false,2026-09-24
"Block Real Estate Services, LLC",69fded2062446148bd849138,Scheels All Sports Inc,,PENDING,,,true,false,2026-09-24
"Block Real Estate Services, LLC",69fded2062446148bd84913b,New Image Leasing / Seal Harbor Capital,,PENDING,,,true,false,2026-09-24
"Block Real Estate Services, LLC",69fded2062446148bd84913e,Security Data Supply,,PENDING,,,true,false,2026-09-24
"Block Real Estate Services, LLC",69fded2062446148bd849141,Seen Merchandising LLC,,PENDING,,,true,false,2026-09-24
"Block Real Estate Services, LLC",69fded2062446148bd849144,Select Comfort Retail Corporation,,PENDING,,,true,false,2026-09-24
"Block Real Estate Services, LLC",69fded2062446148bd849147,Select Physical Therapy / Healthsouth Corp,,PENDING,,,true,false,2026-09-24
"Block Real Estate Services, LLC",69fded2062446148bd84914a,"Senior Day KC / The Respite House, LLC",,PENDING,,,true,false,2026-09-24
"Block Real Estate Services, LLC",69fded2062446148bd84914d,"SERC Physical Therapy / SERC Rehabilitation Partners, LLC",,PENDING,,,true,false,2026-09-24
"Block Real Estate Services, LLC",69fded2062446148bd849153,Anthony's Plumbing,,PENDING,,,false,false,2026-09-24
"Block Real Estate Services, LLC",69fded2062446148bd849156,"Echo Electric / Springfield Electric Supply Company, LLC (fka Shaw Supply Company)",,PENDING,,,true,false,2026-09-24
"Block Real Estate Services, LLC",69fded2062446148bd84915c,Sherwin Williams-SW 07526,,PENDING,,,true,false,2026-09-24
"Block Real Estate Services, LLC",69fded2062446148bd84915f,"Shoe Sensation, Inc.",,PENDING,,,true,false,2026-09-24
"Block Real Estate Services, LLC",69fded2062446148bd849162,"Show Me State Vital Care / Show Me State Infusion Pharmacy, LLC",,PENDING,,,true,false,2026-09-24
"Block Real Estate Services, LLC",69fded2062446148bd849165,Side Pockets Inc,,PENDING,,,true,false,2026-09-24
"Block Real Estate Services, LLC",69fded2062446148bd849168,Siemens Corporation,,PENDING,,,true,false,2026-09-24
"Block Real Estate Services, LLC",69fded2062446148bd84916b,Siemens Energy Inc,,PENDING,,,true,false,2026-09-24
"Block Real Estate Services, LLC",69fded2062446148bd84916e,SJK Global LLC,,PENDING,,,true,false,2026-09-24
"Block Real Estate Services, LLC",69fded2062446148bd849171,Skechers Outlet,,PENDING,,,true,false,2026-09-24
"Block Real Estate Services, LLC",69fded2062446148bd849174,Slim 4 Life Weight Loss Centers Inc,,PENDING,,,true,false,2026-09-24
"Block Real Estate Services, LLC",69fded2062446148bd849177,"Epic Vision Center / Smithville Eye Center, LLC",,PENDING,,,true,false,2026-09-24
"Block Real Estate Services, LLC",69fded2162446148bd84917a,"Church's Chicken / SNSA, Inc.",,PENDING,,,true,false,2026-09-24
"Block Real Estate Services, LLC",69fded2162446148bd84917d,Soar Nutrition,,PENDING,,,true,false,2026-09-24
"Block Real Estate Services, LLC",69fded2162446148bd849180,Sobriety First,,PENDING,,,true,false,2026-09-24
"Block Real Estate Services, LLC",69fded2162446148bd849183,"Soleran, Inc. (sublease from Sunflower Health Plan / Centene Management Company, LLC)",,PENDING,,,true,false,2026-09-24
"Block Real Estate Services, LLC",69fded2162446148bd849189,South Western Communications Inc,,PENDING,,,true,false,2026-09-24
"Block Real Estate Services, LLC",69fded2162446148bd84918c,Southwest Solutions Group Inc,,PENDING,,,true,false,2026-09-24
"Block Real Estate Services, LLC",69fded2162446148bd849192,Sport Clips,,PENDING,,,true,false,2026-09-24
"Block Real Estate Services, LLC",69fded2162446148bd849195,Sports Rehab & Physical Therapy Inc,,PENDING,,,true,false,2026-09-24
"Block Real Estate Services, LLC",69fded2162446148bd849198,"Sports Rehab and Physical Therapy Associates, Inc. (sublease from Kansas City Bone & Joint)",,PENDING,,,true,false,2026-09-24
"Block Real Estate Services, LLC",69fded2162446148bd84919b,"SRS Commercial AVL, LLC (fka Stark Raving Solutions, LLC)",,PENDING,,,true,false,2026-09-24
"Block Real Estate Services, LLC",69fded2162446148bd84919e,"Midwest Roofing / SRS Distribution, Inc.",,PENDING,,,true,false,2026-09-24
"Block Real Estate Services, LLC",69fded2162446148bd8491a1,"Spirit Haven / SSB, LLC",,PENDING,,,true,false,2026-09-24
"Block Real Estate Services, LLC",69fded2162446148bd8491a4,"Midwest Office Technology / STA-MOT-KS, LLC",,PENDING,,,true,false,2026-09-24
"Block Real Estate Services, LLC",69fded2162446148bd8491a7,"Staples, Inc.",,PENDING,,,true,false,2026-09-24
"Block Real Estate Services, LLC",69fded2162446148bd8491aa,Star Beauty,,PENDING,,,true,false,2026-09-24
"Block Real Estate Services, LLC",69fded2162446148bd8491ad,Starbucks #2436,,PENDING,,,true,false,2026-09-24
"Block Real Estate Services, LLC",69fded2162446148bd8491b0,Starbucks Corporation #9654,,PENDING,,,true,false,2026-09-24
"Block Real Estate Services, LLC",69fded2162446148bd8491b3,Starbucks Corporation,,PENDING,,,true,false,2026-09-24
"Block Real Estate Services, LLC",69fded2162446148bd8491b6,Creative Nails / Steven Lam & Bang Nguyen,,PENDING,,,true,false,2026-09-24
"Block Real Estate Services, LLC",69fded2162446148bd8491b9,Stifel Nicolaus & Company Inc,,PENDING,,,true,false,2026-09-24
"Block Real Estate Services, LLC",69fded2162446148bd8491bc,Stratus Surfaces LLC,,PENDING,,,true,false,2026-09-24
"Block Real Estate Services, LLC",69fded2162446148bd8491bf,Studio Local LLC,,PENDING,,,true,false,2026-09-24
"Block Real Estate Services, LLC",69fded2162446148bd8491c2,"Style Crest, Inc. (fka Durham Supply, Inc.)",,PENDING,,,true,false,2026-09-24
"Block Real Estate Services, LLC",69fded2162446148bd8491c5,Subway #41462,,PENDING,,,true,false,2026-09-24
"Block Real Estate Services, LLC",69fded2162446148bd8491c8,"Subway Real Estate, LLC",,PENDING,,,true,false,2026-09-24
"Block Real Estate Services, LLC",69fded2162446148bd8491cb,Summit Heating & Cooling LLC,,PENDING,,,true,false,2026-09-24
"Block Real Estate Services, LLC",69fded2162446148bd8491ce,"UDP (Unisource Document Products)/ Datamax / Sumner Group, Inc.",,PENDING,,,true,false,2026-09-24
"Block Real Estate Services, LLC",69fded2262446148bd8491d1,Sunbelt Rentals Inc,,PENDING,,,true,false,2026-09-24
"Block Real Estate Services, LLC",69fded2262446148bd8491d4,"Sunflower Food Company / Sunflower Hills, Inc.",,PENDING,,,true,false,2026-09-24
"Block Real Estate Services, LLC",69fded2262446148bd8491d7,"SPI Coatings / Superior Products International II, Inc.",,PENDING,,,true,false,2026-09-24
"Block Real Estate Services, LLC",69fded2262446148bd8491da,Southwestern Bell Telephone Company - IT Room,,PENDING,,,true,false,2026-09-24
"Block Real Estate Services, LLC",69fded2262446148bd8491dd,Tallgrass Energy / Tallgrass MLP,,PENDING,,,true,false,2026-09-24
"Block Real Estate Services, LLC",69fded2262446148bd8491e0,TeamSmile Inc,,PENDING,,,true,false,2026-09-24
"Block Real Estate Services, LLC",69fded2262446148bd8491e3,Tech Electronics of Kansas,,PENDING,,,true,false,2026-09-24
"Block Real Estate Services, LLC",69fded2262446148bd8491e6,Telamon Technologies Corporation,,PENDING,,,true,false,2026-09-24
"Block Real Estate Services, LLC",69fded2262446148bd8491e9,Temp-Con,,PENDING,,,true,false,2026-09-24
"Block Real Estate Services, LLC",69fded2262446148bd8491ec,Tesla Inc,,PENDING,,,true,false,2026-09-24
"Block Real Estate Services, LLC",69fded2262446148bd8491ef,Test & Measurement Inc,,PENDING,,,true,false,2026-09-24
"Block Real Estate Services, LLC",69fded2262446148bd8491f2,"NetSmart Technologies, Inc (sublease from TEVA Pharmaceutical USA, Inc.)",,PENDING,,,true,false,2026-09-24
"Block Real Estate Services, LLC",69fded2262446148bd8491f5,"Assist RX (sublease from TEVA Pharmaceutical USA, Inc.)",,PENDING,,,true,false,2026-09-24
"Block Real Estate Services, LLC",69fded2262446148bd8491fb,Thai Chili Cuisine,,PENDING,,,true,false,2026-09-24
"Block Real Estate Services, LLC",69fded2262446148bd8491fe,The American National Red Cross,,PENDING,,,true,false,2026-09-24
"Block Real Estate Services, LLC",69fded2262446148bd849201,The CapFinancial Group LLC,,PENDING,,,true,false,2026-09-24
"Block Real Estate Services, LLC",69fded2262446148bd849204,CATO / The Cato Corporation,,PENDING,,,true,false,2026-09-24
"Block Real Estate Services, LLC",69fded2262446148bd849207,"Rogers Labs (fka P&C Next) / The Compatibility Center, LLC",,PENDING,,,true,false,2026-09-24
"Block Real Estate Services, LLC",69fded2262446148bd84920a,"The Hairem / The Hairem of Olathe, LLC",,PENDING,,,true,false,2026-09-24
"Block Real Estate Services, LLC",69fded2262446148bd84920d,Argosy Casino & Hotel / The Missouri Gaming Company,,PENDING,,,true,false,2026-09-24
"Block Real Estate Services, LLC",69fded2262446148bd849210,The Peavey Corporation,,PENDING,,,true,false,2026-09-24
"Block Real Estate Services, LLC",69fded2262446148bd849213,The Sunderland Foundation,,PENDING,,,true,false,2026-09-24
"Block Real Estate Services, LLC",69fded2262446148bd849216,The Waldinger Corporation,,PENDING,,,true,false,2026-09-24
"Block Real Estate Services, LLC",69fded2262446148bd849219,"Theodore Habiger and Rm 39 Midtown, LLC",,PENDING,,,true,false,2026-09-24
"Block Real Estate Services, LLC",69fded2262446148bd84921c,"TK Elevator (TKE) / thyssenkrupp Real Estate North America, LLC",,PENDING,,,true,false,2026-09-24
"Block Real Estate Services, LLC",69fded2262446148bd84921f,"THA Hydraulics / China Lifts - Tingheng, Inc.",,PENDING,,,true,false,2026-09-24
"Block Real Estate Services, LLC",69fded2262446148bd849222,Titan Built LLC,,PENDING,,,true,false,2026-09-24
"Block Real Estate Services, LLC",69fded2262446148bd849225,"T-Mobile USA, Inc. (fka Sprint CMC / Sprint United Management Company)",,PENDING,,,true,false,2026-09-24
"Block Real Estate Services, LLC",69fded2362446148bd849228,Tool Source Warehouse Inc,,PENDING,,,true,false,2026-09-24
"Block Real Estate Services, LLC",69fded2362446148bd84922e,Torgeson Electric Company,,PENDING,,,true,false,2026-09-24
"Block Real Estate Services, LLC",69fded2362446148bd849231,"Johnson County Davita / Total Renal Care, Inc.",,PENDING,,,true,false,2026-09-24
"Block Real Estate Services, LLC",69fded2362446148bd849234,"DaVita Dialysis / Total Renal Care, Inc.",,PENDING,,,true,false,2026-09-24
"Block Real Estate Services, LLC",69fded2362446148bd849237,Transtar Industries LLC,,PENDING,,,true,false,2026-09-24
"Block Real Estate Services, LLC",69fded2362446148bd84923a,Trinity Property Management LLC,,PENDING,,,true,false,2026-09-24
"Block Real Estate Services, LLC",69fded2362446148bd84923d,"Liquor Houzz / Trivedi and Riaz, Inc.",,PENDING,,,true,false,2026-09-24
"Block Real Estate Services, LLC",69fded2362446148bd849240,True Blue Plumbing LLC,,PENDING,,,true,false,2026-09-24
"Block Real Estate Services, LLC",69fded2362446148bd849243,"University Health WIC / Truman Medical Center, Inc.",,PENDING,,,true,false,2026-09-24
"Block Real Estate Services, LLC",69fded2362446148bd849246,Turn5 Inc,,PENDING,,,true,false,2026-09-24
"Block Real Estate Services, LLC",69fded2362446148bd849249,Twentyseven Global LLC,,PENDING,,,true,false,2026-09-24
"Block Real Estate Services, LLC",69fded2362446148bd84924c,"Once Upon A Smile / UB Dental, LLC",,PENDING,,,true,false,2026-09-24
"Block Real Estate Services, LLC",69fded2362446148bd84924f,UBS Financial Services Inc,,PENDING,,,true,false,2026-09-24
"Block Real Estate Services, LLC",69fded2362446148bd849252,UMB Bank N.A.,,PENDING,,,true,false,2026-09-24
"Block Real Estate Services, LLC",69fded2362446148bd849255,Unified Door & Hardware Group LLC,,PENDING,,,true,false,2026-09-24
"Block Real Estate Services, LLC",69fded2362446148bd849258,Union Bank & Trust Co.,,PENDING,,,true,false,2026-09-24
"Block Real Estate Services, LLC",69fded2362446148bd84925e,"Triton Stone Group/Triton Stone of Kansas City / Unique Stone Concepts, LLC",,PENDING,,,true,false,2026-09-24
"Block Real Estate Services, LLC",69fded2362446148bd849261,Unistrut Corporation,,PENDING,,,true,false,2026-09-24
"Block Real Estate Services, LLC",69fded2362446148bd849264,"United Access of KC, LLC",,PENDING,,,true,false,2026-09-24
"Block Real Estate Services, LLC",69fded2362446148bd849267,"Planet Fitness / United PF JLM, LLC",,PENDING,,,true,false,2026-09-24
"Block Real Estate Services, LLC",69fded2362446148bd84926a,United Refrigeration Inc,,PENDING,,,true,false,2026-09-24
"Block Real Estate Services, LLC",69fded2362446148bd84926d,University of Kansas Hospital Authority,,PENDING,,,true,false,2026-09-24
"Block Real Estate Services, LLC",69fded2362446148bd849270,"KCBR DESIGN/REMODEL / Unlimited Contracting, LLC",,PENDING,,,true,false,2026-09-24
"Block Real Estate Services, LLC",69fded2362446148bd849273,Unopenedpackman Sportscards and Collectibles LLC,,PENDING,,,true,false,2026-09-24
"Block Real Estate Services, LLC",69fded2362446148bd849276,Unum Life Insurance Company of America & Colonial Life Insurance,,PENDING,,,true,false,2026-09-24
"Block Real Estate Services, LLC",69fded2362446148bd849279,"Vakok Asian Market, LLC",,PENDING,,,true,false,2026-09-24
"Block Real Estate Services, LLC",69fded2462446148bd84927c,"Vape Time / AVRWL, LLC (fka Aqueous Vapor)",,PENDING,,,true,false,2026-09-24
"Block Real Estate Services, LLC",69fded2462446148bd84927f,Var City Maintenance LLC,,PENDING,,,true,false,2026-09-24
"Block Real Estate Services, LLC",69fded2462446148bd849282,Verizon / Cellular Sales,,PENDING,,,true,false,2026-09-24
"Block Real Estate Services, LLC",69fded2462446148bd849288,Victor Caballero,,PENDING,,,true,false,2026-09-24
"Block Real Estate Services, LLC",69fded2462446148bd84928b,Vintage Stock,,PENDING,,,true,false,2026-09-24
"Block Real Estate Services, LLC",69fded2462446148bd84928e,Vintegrity Kansas LLC,,PENDING,,,true,false,2026-09-24
"Block Real Estate Services, LLC",69fded2462446148bd849291,"Vision Savage Media, LLC",,PENDING,,,true,false,2026-09-24
"Block Real Estate Services, LLC",69fded2462446148bd849294,Vitas Healthcare Corporation Midwest,,PENDING,,,true,false,2026-09-24
"Block Real Estate Services, LLC",69fded2462446148bd849297,Vortex Industries LLC,,PENDING,,,true,false,2026-09-24
"Block Real Estate Services, LLC",69fded2462446148bd84929a,"VRC Companies, LLC (fka T2 Holdings, LLC/Redishred Kansas, Inc. dba Proshred Security)",,PENDING,,,true,false,2026-09-24
"Block Real Estate Services, LLC",69fded2462446148bd84929d,"Mike's Liquor / Waldo Spirits, Inc.",,PENDING,,,true,false,2026-09-24
"Block Real Estate Services, LLC",69fded2462446148bd8492a3,Warners Stellian Co Inc,,PENDING,,,true,false,2026-09-24
"Block Real Estate Services, LLC",69fded2462446148bd8492a6,Wayfair LLC,,PENDING,,,true,false,2026-09-24
"Block Real Estate Services, LLC",69fded2462446148bd8492a9,"Advena Living /Cornerstone Group Holdings, Inc. (sublease of Midlands Independent Review Board, LLC / WCG IRB, Inc.)",,PENDING,,,true,false,2026-09-24
"Block Real Estate Services, LLC",69fded2462446148bd8492ac,WellSky Corporation,,PENDING,,,true,false,2026-09-24
"Block Real Estate Services, LLC",69fded2462446148bd8492af,"Satellite Engineering / WESCO Distribution, Inc.",,PENDING,,,true,false,2026-09-24
"Block Real Estate Services, LLC",69fded2462446148bd8492b2,West Shore Home LLC,,PENDING,,,true,false,2026-09-24
"Block Real Estate Services, LLC",69fded2462446148bd8492b5,Westlake Hardware 54,,PENDING,,,true,false,2026-09-24
"Block Real Estate Services, LLC",69fded2462446148bd8492bb,Woodbridge Corporation,,PENDING,,,true,false,2026-09-24
"Block Real Estate Services, LLC",69fded2462446148bd8492be,Workout Anytime,,PENDING,,,true,false,2026-09-24
"Block Real Estate Services, LLC",69fded2462446148bd8492c1,World Acceptance Corporation / World Finance,,PENDING,,,true,false,2026-09-24
"Block Real Estate Services, LLC",69fded2462446148bd8492c4,"Advance Auto Store #4362 / Worldpac, Inc.",,PENDING,,,true,false,2026-09-24
"Block Real Estate Services, LLC",69fded2462446148bd8492c7,"Worldwide Express / WWEX Franchise Holdings, LLC",,PENDING,,,true,false,2026-09-24
"Block Real Estate Services, LLC",69fded2462446148bd8492ca,"Galvin's Wholesale / WWMAJ Systems, LLC",,PENDING,,,true,false,2026-09-24
"Block Real Estate Services, LLC",69fded2462446148bd8492cd,Xpress Stop 2 LLC / World of Spirits,,PENDING,,,true,false,2026-09-24
"Block Real Estate Services, LLC",69fded2562446148bd8492d0,"The Zen Den Massage / Calm Seas, LLC",,PENDING,,,true,false,2026-09-24
"Block Real Estate Services, LLC",69fded2562446148bd8492d3,Yia Yias Tattoo Parlor LLC,,PENDING,,,true,false,2026-09-24
"Block Real Estate Services, LLC",69fded2562446148bd8492d6,Zeller & Gmelin,,PENDING,,,true,false,2026-09-24
"Block Real Estate Services, LLC",69fded2562446148bd8492d9,ZSF USA LLC,,PENDING,,,true,false,2026-09-24
"Block Real Estate Services, LLC",6a072930f523b35823695c72,Taikan Development Corporation,,PENDING,,,true,false,2026-09-24
"Block Real Estate Services, LLC",6a16fbaf1814afc0f5360986,"Dr. Robert Browne, DDS",,PENDING,,,true,false,2026-09-24
"Block Real Estate Services, LLC",6a16fd4062a03ce510d12d9b,"Liberda Consulting, LLC",,PENDING,,,false,false,2026-09-24
"Block Real Estate Services, LLC",6a170f97efde9f2154ab7751,Vitale Realtors,,PENDING,,,true,false,2026-09-24
"Block Real Estate Services, LLC",6a170fafee5ef0b8dcf50e8a,Tom Platt Residence,,PENDING,,,true,false,2026-09-24
"Block Real Estate Services, LLC",6a170fd6da8b48075226ce37,"Page Communication, LLC",,PENDING,,,true,false,2026-09-24
"Block Real Estate Services, LLC",6a170fecda8b48075226d712,WLM Warehouse,,PENDING,,,true,false,2026-09-24
"Block Real Estate Services, LLC",6a171003ee5ef0b8dcf522cf,"Pop! Vintage Furniture & Accessories, LLC",,PENDING,,,true,false,2026-09-24
"Block Real Estate Services, LLC",6a171027da8b48075226e443,Wearhouse Vintage / Madalynn Ramirez & Lily Davis,,PENDING,,,true,false,2026-09-24
"Block Real Estate Services, LLC",6a17103e4ee870c0f8575639,"WGN & Associates, LLC",,PENDING,,,true,false,2026-09-24
"Block Real Estate Services, LLC",6a17105b1814afc0f53b2a39,Computers To Go / Scott Petrak,,PENDING,,,true,false,2026-09-24
"Block Real Estate Services, LLC",6a17132fefde9f2154ac6af4,The Underground Lab / Animal Kingdom Athletics,,PENDING,,,false,false,2026-09-24
"Block Real Estate Services, LLC",6a174c521814afc0f550857c,"Money N Minutes / Z & H Holding, LLC",,PENDING,,,false,false,2026-09-24
"Block Real Estate Services, LLC",6a174c5f68ca7e99894e866e,"Party Time Liquor / LEXMI, LLC",,PENDING,,,true,false,2026-09-24
"Block Real Estate Services, LLC",6a1750d2df078f8120119232,Dr. Julia Loecker Dentistry,,PENDING,,,true,false,2026-09-24
"Block Real Estate Services, LLC",6a1750de402cef48fa2e24a7,Cheezsteak Company / Asma Shane,,PENDING,,,true,false,2026-09-24
"Block Real Estate Services, LLC",6a17544d68ca7e9989502900,Spurgeon Chiropractic / Dr. Ryan Spurgeon Healing Neck & Joints,,PENDING,,,true,false,2026-09-24
"Block Real Estate Services, LLC",6a1757dbf2985118876d7f9a,Afrah Event Center / Astro Ventures,,PENDING,,,true,false,2026-09-24
"Block Real Estate Services, LLC",6a175a7bee5ef0b8dc066236,"PropertyRate, LLC",,PENDING,,,true,false,2026-09-24
"Block Real Estate Services, LLC",6a1842e4b517ae25a873e28c,"Kari's On 39th, LLC",,PENDING,,,false,false,2026-09-24
"Block Real Estate Services, LLC",6a1842efb517ae25a873e629,Lisa Coryell,,PENDING,,,false,false,2026-09-24
"Block Real Estate Services, LLC",6a1842f8e701796d85d37b7e,Myla Ruffin,,PENDING,,,false,false,2026-09-24
"Block Real Estate Services, LLC",6a184302bda7a44c6000696a,Anthony Falcon,,PENDING,,,false,false,2026-09-24
"Block Real Estate Services, LLC",6a18430bf8f612ef09496270,Angel Romero,,PENDING,,,false,false,2026-09-24
"Block Real Estate Services, LLC",6a1843168bbe0a0890e878d2,"Seen Productions, LLC",,PENDING,,,false,false,2026-09-24
"Block Real Estate Services, LLC",6a1843228bbe0a0890e87ab8,Residential - renter occupied: Taylor Hill,,PENDING,,,false,false,2026-09-24
"Block Real Estate Services, LLC",6a18432d8bbe0a0890e87ff9,Residential - renter occupied: John Woods,,PENDING,,,false,false,2026-09-24
"Block Real Estate Services, LLC",6a184f0e5a886bcac1349c23,"Veseris / ES OPCO OSE, LLC",,PENDING,,,true,false,2026-09-24
"Block Real Estate Services, LLC",6a184f4af8f612ef094c4c00,PharMerica / Pharmacy Corporation of America,,PENDING,,,true,false,2026-09-24
"Block Real Estate Services, LLC",6a184fbc8bbe0a0890eb6a1d,"HD Supply Facilities Maintenance, LTD.",,PENDING,,,true,false,2026-09-24
"Block Real Estate Services, LLC",6a18531ae701796d85d75b3b,Voya Services Company,,PENDING,,,false,false,2026-09-24
"Block Real Estate Services, LLC",6a1855835a886bcac1362a47,"Sheldon Fleishman, DPM, PA",,PENDING,,,false,false,2026-09-24
"Block Real Estate Services, LLC",6a1857c8bda7a44c60055e47,KU Neurology  / University of Kansas Hospital Authority,,PENDING,,,true,false,2026-09-24
"Block Real Estate Services, LLC",6a1857d1b517ae25a878d29f,The University of Kansas Physicians Plastic Surgery,,PENDING,,,true,false,2026-09-24
"Block Real Estate Services, LLC",6a1857dba4bcce858bf09778,Hanger Clinic (sublease of APEX / KC Orthopaedic Institute),,PENDING,,,false,false,2026-09-24
"Block Real Estate Services, LLC",6a1857e9a4bcce858bf099bb,"USA Vein Clinics (fka Vein Clinics of America, Inc.)",,PENDING,,,true,false,2026-09-24
"Block Real Estate Services, LLC",6a1858dddf417460157fddd6,"Anytime Fitness / Southside Fitness, LLC",,PENDING,,,true,false,2026-09-24
"Block Real Estate Services, LLC",6a185a8317ab90e8a02c371c,Otolaryngology-Head and Neck Surgery / University of Kansas Hospital Authority,,PENDING,,,true,false,2026-09-24
"Block Real Estate Services, LLC",6a185a8e462ef1e78ea1ad25,Mid America Cardiology / University of Kansas Hospital,,PENDING,,,true,false,2026-09-24
"Block Real Estate Services, LLC",6a185a9ab517ae25a8797914,Jayhawk Primary Care / Medical Plaza Internal Medicine,,PENDING,,,true,false,2026-09-24
"Block Real Estate Services, LLC",6a185d6484a21cbe19a54e57,"Endura Services, LLC",,PENDING,,,true,false,2026-09-24
"Block Real Estate Services, LLC",6a185d785a886bcac13835bd,"Aperture Credentialing, LLC",,PENDING,,,true,false,2026-09-24
"Block Real Estate Services, LLC",6a185d8617ab90e8a02d0292,"TW Telecom of Kansas City, LLC (Roof Lease)",,PENDING,,,true,false,2026-09-24
"Block Real Estate Services, LLC",6a185e8d5a886bcac13878a0,NAPA / Genuine Parts Company,,PENDING,,,true,false,2026-09-24
"Block Real Estate Services, LLC",6a186100b517ae25a87b054a,CrossFirst Bank,,PENDING,,,true,false,2026-09-24
"Block Real Estate Services, LLC",6a18614617ab90e8a02de8cb,"Prime Social / OPKC, LLC",,PENDING,,,true,false,2026-09-24
"Block Real Estate Services, LLC",6a1862ef17ab90e8a02e444c,Fire House Subs,,PENDING,,,true,false,2026-09-24
"Block Real Estate Services, LLC",6a1863036b3214c65fe64e2c,Mathnasium,,PENDING,,,true,false,2026-09-24
"Block Real Estate Services, LLC",6a18630f5a886bcac1399a34,"Westside Grill and Bar / Cheers 221, LLC",,PENDING,,,true,false,2026-09-24
"Block Real Estate Services, LLC",6a18646fe701796d85db75b6,To the Hoop Bar & Grill,,PENDING,,,false,false,2026-09-24
"Block Real Estate Services, LLC",6a1866145a886bcac13a5c35,Bariatric & Metabolic Classroom / HCA-MMC-Menorah Medical Center,,PENDING,,,true,false,2026-09-24
"Block Real Estate Services, LLC",6a18661fa4bcce858bf426d7,Premier Gastroenterology of Kansas City (fka KC Gastroenterology & Hepatology / HCA-MMC-Menorah Medical Center),,PENDING,,,true,false,2026-09-24
"Block Real Estate Services, LLC",6a18663117ab90e8a02f12a9,Midwest Heart & Vascular and KCHRI (Kansas City Heart Rhythm Institute),,PENDING,,,true,false,2026-09-24
"Block Real Estate Services, LLC",6a18663d462ef1e78ea4b046,HCA-OPRMC,,PENDING,,,true,false,2026-09-24
"Block Real Estate Services, LLC",6a186650b517ae25a87c5643,Kansas City Vascular & General Surgery Group / HCA Midwest Health,,PENDING,,,true,false,2026-09-24
"Block Real Estate Services, LLC",6a1869cab517ae25a87d2e2e,"Metro Elevator Kansas City, Inc.",,PENDING,,,true,false,2026-09-24
"Block Real Estate Services, LLC",6a186a17e701796d85dca48c,85 Degrees Bakery / DA FA Inc 85C,,PENDING,,,true,false,2026-09-24
"Block Real Estate Services, LLC",6a186a26b517ae25a87d3e04,Old Navy,,PENDING,,,false,false,2026-09-24
"Block Real Estate Services, LLC",6a18721753ab917b1e649498,"Critical Facilities Technology, LLC",,PENDING,,,true,false,2026-09-24
"Block Real Estate Services, LLC",6a187263e701796d85de7c91,"LVT Trucking, Inc.",,PENDING,,,true,false,2026-09-24
"Block Real Estate Services, LLC",6a18740bdf41746015864e9a,"Morton Fence, LLC",,PENDING,,,true,false,2026-09-24
"Block Real Estate Services, LLC",6a187768b517ae25a8805ad8,"KC Roofscapes, LLC",,PENDING,,,true,false,2026-09-24
"Block Real Estate Services, LLC",6a187790d2723fbba9a43f46,"Integrated Health Systems, LLC",,PENDING,,,true,false,2026-09-24
"Block Real Estate Services, LLC",6a187b32d2723fbba9a51c41,"Re-View Windows, Inc. (fka Architectural Specialties, Inc. )",,PENDING,,,true,false,2026-09-24
"Block Real Estate Services, LLC",6a187b72462ef1e78ea98fda,"Heper USA, Inc.",,PENDING,,,true,false,2026-09-24
"Block Real Estate Services, LLC",6a1885319ef1cffe57c7679c,Dutch Brothers Coffee,,PENDING,,,true,false,2026-09-24
"Block Real Estate Services, LLC",6a18853c9ef1cffe57c768cc,Nails 4 U,,PENDING,,,true,false,2026-09-24
"Block Real Estate Services, LLC",6a1885479ef1cffe57c76a9d,Community Bank of Raymore,,PENDING,,,false,false,2026-09-24
"Block Real Estate Services, LLC",6a188717b517ae25a883e8df,"Lot 7, Village West",,PENDING,,,true,false,2026-09-24
"Block Real Estate Services, LLC",6a199d6fabae685b1c514ece,CB Smoothie Supps LLC,,PENDING,,,true,false,2026-09-24
"Block Real Estate Services, LLC",6a19b8b18805769e5038a2ed,Savor Strategy,,PENDING,,,true,false,2026-09-24
"Block Real Estate Services, LLC",6a1dccbb23b401dcff773de7,TitleMax Title Loans / Title Max of Missouri,,PENDING,,,true,false,2026-09-24
"Block Real Estate Services, LLC",6a1dcea405955276b691e1da,Regal Distributing Co.,,PENDING,,,true,false,2026-09-24
"Block Real Estate Services, LLC",6a1dceb25e529bb0fc8a0f0a,"Integrated Opening Solutions, LLC",,PENDING,,,true,false,2026-09-24
"Block Real Estate Services, LLC",6a1dd8f38805769e5068fd19,"Living Spaces Furniture, LLC",,PENDING,,,true,false,2026-09-24
"Block Real Estate Services, LLC",6a1dd8fdfec65127865d9614,"Jaeckle Wholesale, Inc.",,PENDING,,,true,false,2026-09-24
"Block Real Estate Services, LLC",6a1dd90798a3fac93a1b2583,"ASMI Stone and Tile, LLC",,PENDING,,,true,false,2026-09-24
"Block Real Estate Services, LLC",6a1dd913a0ed8c51ab1dfbe5,"Hercules Industries, Inc. (fka National Sales Company)",,PENDING,,,true,false,2026-09-24
"Block Real Estate Services, LLC",6a1dd91da0ed8c51ab1e0010,"Golden Star, Inc.",,PENDING,,,true,false,2026-09-24
"Block Real Estate Services, LLC",6a1ddfeea0ed8c51ab1fa0c7,Jeff Thomson Orthodontics,,PENDING,,,true,false,2026-09-24
"Block Real Estate Services, LLC",6a1ddffd98a3fac93a1cc908,"DPTRE, LLC (fka Fleming Advisors, LLC)",,PENDING,,,true,false,2026-09-24
"Block Real Estate Services, LLC",6a1de0072575f4fed44847a8,Home Cleaning Center of America,,PENDING,,,true,false,2026-09-24
"Block Real Estate Services, LLC",6a1de0142575f4fed4484ab8,"Gentry Dental / James D Gentry, Dmd",,PENDING,,,true,false,2026-09-24
"Block Real Estate Services, LLC",6a1de01f98a3fac93a1cd31d,Leawood Cosmetic and Family Dentistry,,PENDING,,,true,false,2026-09-24
"Block Real Estate Services, LLC",6a1de39a3dca02afc00b3666,St. Luke's Hospital,,PENDING,,,true,false,2026-09-24
"Block Real Estate Services, LLC",6a1dec22a0ed8c51ab231e08,"IMA Financial Group, Inc.",,PENDING,,,true,false,2026-09-24
"Block Real Estate Services, LLC",6a1dec74a79f4c38d50cc8b0,Property Tax Advisory Group - PTAG,,PENDING,,,true,false,2026-09-24
"Block Real Estate Services, LLC",6a1dec8ab9a647219f2d816b,"The Andersons, Inc.",,PENDING,,,true,false,2026-09-24
"Block Real Estate Services, LLC",6a1df24c23b401dcff806fc2,"Viking Power / Shoppa's Material Handling, LTD",,PENDING,,,true,false,2026-09-24
"Block Real Estate Services, LLC",6a1df25998a3fac93a21a0b8,"Indra Air Traffic, Inc. / Indra Sistemas, SA",,PENDING,,,true,false,2026-09-24
"Block Real Estate Services, LLC",6a1df440fec6512786651841,Red Wok Chinese,,PENDING,,,true,false,2026-09-24
"Block Real Estate Services, LLC",6a1df44f98a3fac93a2216bd,Dominos Pizza,,PENDING,,,true,false,2026-09-24
"Block Real Estate Services, LLC",6a1df45b23b401dcff80d7c4,Salon 152,,PENDING,,,true,false,2026-09-24
"Block Real Estate Services, LLC",6a1df4662575f4fed44df021,KC Smoke Shop,,PENDING,,,true,false,2026-09-24
"Block Real Estate Services, LLC",6a1df472b9a647219f2f2916,Jeweler's Bench,,PENDING,,,true,false,2026-09-24
"Block Real Estate Services, LLC",6a1df835fec651278665b987,"CBS Outdoor, Inc.",,PENDING,,,true,false,2026-09-24
"Block Real Estate Services, LLC",6a1df84165d51d7aa5739d4e,Protective Animal Welfare Society / Sandra L. Outlaw f/k/a A Dogs' Fun Playce,,PENDING,,,true,false,2026-09-24
"Block Real Estate Services, LLC",6a1dfcd80a51a0db79c1dfba,JRJ Partners - Condo Owners (Clancey Design Distributor),,PENDING,,,true,false,2026-09-24
"Block Real Estate Services, LLC",6a1dfce4a0ed8c51ab262c0b,Building 28 TIC,,PENDING,,,false,false,2026-09-24
"Block Real Estate Services, LLC",6a1dff1ca79f4c38d5103b69,"Design & Detail / Mel B, LLC",,PENDING,,,true,false,2026-09-24
"Block Real Estate Services, LLC",6a1e004c23b401dcff82ac21,BRES Management Office,,PENDING,,,true,false,2026-09-24
"Block Real Estate Services, LLC",6a1ee9c0aa8b4d40c45d9cb4,"Ridgeview Eye Care, LLC",,PENDING,,,true,false,2026-09-24
"Block Real Estate Services, LLC",6a1ee9ca9e67678941bccbb6,"Olathe Health Physicians, Inc.",,PENDING,,,false,false,2026-09-24
"Block Real Estate Services, LLC",6a1eecf750bfd60555852c16,"ERGO Midwest, Inc.",,PENDING,,,true,false,2026-09-24
"Block Real Estate Services, LLC",6a46a9fa881712769bd59511,Abdalla Osman,,PENDING,,,true,false,2026-09-24
"Block Real Estate Services, LLC",6a46a9fa881712769bd59518,"Better Way Dogs, LLC",,PENDING,,,true,false,2026-09-24
"Block Real Estate Services, LLC",6a46a9fa881712769bd5951f,"Betur, LLC",,PENDING,,,true,false,2026-09-24
"Block Real Estate Services, LLC",6a46a9fa881712769bd59526,"Catholic Charities of Northeast Kansas, Inc.",,PENDING,,,true,false,2026-09-24
"Block Real Estate Services, LLC",6a46a9fa881712769bd5952d,Chazmine English,,PENDING,,,true,false,2026-09-24
"Block Real Estate Services, LLC",6a46a9fa881712769bd59534,"Divino Brands, LLC",,PENDING,,,true,false,2026-09-24
"Block Real Estate Services, LLC",6a46a9fa881712769bd5953b,Evalinesthetics,,PENDING,,,true,false,2026-09-24
"Block Real Estate Services, LLC",6a46a9fa881712769bd59542,"GuideTech, LLC",,PENDING,,,true,false,2026-09-24
"Block Real Estate Services, LLC",6a46a9fa881712769bd59549,"Isaiah Ink, LLC",,PENDING,,,true,false,2026-09-24
"Block Real Estate Services, LLC",6a46a9fb881712769bd59550,"Jade & Ember Munchery / Savor Strategy Group, LLC",,PENDING,,,true,false,2026-09-24
"Block Real Estate Services, LLC",6a46a9fb881712769bd59557,Jonathan Walker,,PENDING,,,true,false,2026-09-24
"Block Real Estate Services, LLC",6a46a9fb881712769bd59566,"Parkway Animal Hospital / Village Vet, LLC",,PENDING,,,false,false,2026-09-24
"Block Real Estate Services, LLC",6a46a9fb881712769bd5956d,"R Hays, LLC",,PENDING,,,true,false,2026-09-24
"Block Real Estate Services, LLC",6a46a9fb881712769bd59574,Residential - renter occupied: George & Kelsey K.,,PENDING,,,true,false,2026-09-24
"Block Real Estate Services, LLC",6a46a9fb881712769bd5957b,Shelby Lawson & Co.,,PENDING,,,true,false,2026-09-24
"Block Real Estate Services, LLC",6a46a9fb881712769bd59582,Veterans Ascent Corp,,PENDING,,,true,false,2026-09-24
"Block Real Estate Services, LLC",6a70fd6dfbd38db02fd82322,"Decker Integrated Orthotics and Prosthetics, LLC",,PENDING,,,true,false,2026-09-24
"Block Real Estate Services, LLC",6a7100a9132501a25c9e41ac,"The Reynolds Law Firm, LLC",,PENDING,,,true,false,2026-09-24
"Block Real Estate Services, LLC",6a71f9b8bcf6cdcf331ccfcd,"Hennessy Enterprises, LLC",,PENDING,,,true,false,2026-09-24
"Block Real Estate Services, LLC",6a71fb111df1817c9d71e47a,Wholesale Electric Supply Co.,,PENDING,,,true,false,2026-09-24
"Block Real Estate Services, LLC",6a71fb4d1df1817c9d71edf9,"L&C Cabinetry KCI, LLC",,PENDING,,,true,false,2026-09-24
"Block Real Estate Services, LLC",6a71fe9c1df1817c9d72a945,"Thrift World, Inc.",,PENDING,,,true,false,2026-09-24
"Block Real Estate Services, LLC",6a72067ea7b0558ab72338fb,Lure Creative,,PENDING,,,true,false,2026-09-24
"Block Real Estate Services, LLC",6a7c9366ee0b08ce4f040184,Halbrook Wood PC,,PENDING,,,true,false,2026-09-24
"Block Real Estate Services, LLC",6a7ccb7c72f903848e0cb0d8,Robin's Gluten Free Bakery,,PENDING,,,true,false,2026-09-24
"Block Real Estate Services, LLC",6a7de8128ae97a448204bb45,LRIco Services LLC,,PENDING,,,true,false,2026-09-24
"Block Real Estate Services, LLC",6a9ada38bfedaa57c4931d01,"Fry Orthodontics / Jeremy R. Fry, D.D.S, M.S, LLC",,PENDING,,,true,false,2026-09-24
"Block Real Estate Services, LLC",6a9ada38bfedaa57c4931d08,"Back Nine Golf / C&E Ventures, LLC",,PENDING,,,true,false,2026-09-24
"Block Real Estate Services, LLC",6a9ada38bfedaa57c4931d0f,"Hokulia Shave Ice / Yellow Snow, Inc.",,PENDING,,,true,false,2026-09-24
"Block Real Estate Services, LLC",6a9ada38bfedaa57c4931d16,Insight Vision Center #1155,,PENDING,,,true,false,2026-09-24
"Block Real Estate Services, LLC",6a9ada38bfedaa57c4931d1d,"Decomm Systems, LLC",,PENDING,,,true,false,2026-09-24
"Block Real Estate Services, LLC",6a9ada38bfedaa57c4931d24,"CB Smoothie Supps, LLC",,PENDING,,,true,false,2026-09-24
"Block Real Estate Services, LLC",6a9ada38bfedaa57c4931d2b,"KIDSUNITED / Goal Getters 2, LLC",,PENDING,,,true,false,2026-09-24
"Block Real Estate Services, LLC",6a9ada38bfedaa57c4931d32,"Parkway Animal Hospital, LLC / Village Vet, LLC",,PENDING,,,true,false,2026-09-24
"Block Real Estate Services, LLC",6a9af48732939092ea863a26,Daley & Fey,,PENDING,,,true,false,2026-09-24
"Block Real Estate Services, LLC",6aa85fceac91ff43d2d77bcb,MHC Group / McElroy's Inc,,PENDING,,,true,false,2026-09-24
"Block Real Estate Services, LLC",6aa861419efb7603ecfc63ae,CapFinancial Group,,PENDING,,,true,false,2026-09-24
"Block Real Estate Services, LLC",6aa86494ac91ff43d2d86f38,Direct Impact Logistics INC,,PENDING,,,true,false,2026-09-24
"Block Real Estate Services, LLC",6aad904d55224622f2d2f233,Empower Gymnastics LLC,,PENDING,,,true,false,2026-09-24
QTS Data Centers,69f0f3c4beb6279e947be0d0,"AP Gulf States, Inc.",,PENDING,,,true,false,2026-09-24
QTS Data Centers,69f0f3c4beb6279e947be0d5,Brasfield & Gorrie L.L.C.,,PENDING,,,true,false,2026-09-24
QTS Data Centers,69f0f3c4beb6279e947be0da,"Clayco, Inc.",,PENDING,,,true,false,2026-09-24
QTS Data Centers,69f0f3c4beb6279e947be0df,Evans General Contractors LLC,,PENDING,,,true,false,2026-09-24
QTS Data Centers,69f0f3c4beb6279e947be0e4,Gilbane Building Company,,PENDING,,,true,false,2026-09-24
QTS Data Centers,69f0f3c4beb6279e947be0e9,"Gray Construction, Inc.",,PENDING,,,true,false,2026-09-24
QTS Data Centers,69f0f3c5beb6279e947be0ee,"HITT Contracting, Inc.",,PENDING,,,true,false,2026-09-24
QTS Data Centers,69f0f3c5beb6279e947be0f3,"Holder Construction Group, LLC",,PENDING,,,true,false,2026-09-24
QTS Data Centers,69f0f3c5beb6279e947be0f8,"Layton Construction Company, LLC",,PENDING,,,true,false,2026-09-24
QTS Data Centers,69f0f3c5beb6279e947be0fd,M. A. Mortenson Company,,PENDING,,,true,false,2026-09-24
QTS Data Centers,69f0f3c5beb6279e947be102,Rogers-O-Brien Construction Company Ltd.,,PENDING,,,true,false,2026-09-24
QTS Data Centers,69f0f3c5beb6279e947be107,"Structure Tone, LLC",,PENDING,,,true,false,2026-09-24
QTS Data Centers,69f0f3c5beb6279e947be10c,"Suffolk Construction Company, Inc.",,PENDING,,,true,false,2026-09-24
QTS Data Centers,69f0f3c5beb6279e947be111,Whitting-Turner Contracting Company,,PENDING,,,true,false,2026-09-24