client,id,name,type,visibility,readonly,ref_type,ref_id,user_id,filter_json,created_at,updated_at,sync_date
"Block Real Estate Services, LLC",69d69f414f5954263ce4ed4d,Non Compliant Parties,PrimaryRecord,workspace,false,PrimaryObject,69bc0d686bc195aa02a7e3b0,6123dc3880b072109d86cac9,"{""and"":[{""name"":""status"",""operator"":""in"",""value"":[""active""]},{""name"":""complianceStatus"",""operator"":""in"",""value"":[""nonCompliant""]}]}",2026-04-08,2026-04-08,2026-06-01
"Block Real Estate Services, LLC",6a0b5d7000c98f5cc7ab43a9,The PURGE,PrimaryRecord,workspace,false,PrimaryObject,69bc0d686bc195aa02a7e3b0,6916131ad7eff5d5f9194e6f,"{""and"":[{""name"":""status"",""operator"":""in"",""value"":[""active""]},{""name"":""documentsCount"",""operator"":""greaterThan"",""value"":1}]}",2026-05-18,2026-05-18,2026-06-01
"Block Real Estate Services, LLC",6a0f3946f8f535d3664079fd,Expired Delete,Document,workspace,false,,,6916131ad7eff5d5f9194e6f,"{""and"":[{""name"":""status"",""operator"":""in"",""value"":[""active""]},{""name"":""expiration"",""operator"":""beforeLast"",""value"":{""months"":18}}]}",2026-05-21,2026-05-21,2026-06-01
"Block Real Estate Services, LLC",6a15e475654b5533bf463d60,Unassigned Docs,Document,workspace,false,,,6939ca46ef5dc7a165ca2078,"{""and"":[{""name"":""status"",""operator"":""in"",""value"":[""active""]},{""name"":""primaryRecordId"",""operator"":""equal"",""value"":""__empty__""}]}",2026-05-26,2026-05-26,2026-06-01
"Block Real Estate Services, LLC",6a16051c188121e7ef71b629,More than 1 document,PrimaryRecord,workspace,false,PrimaryObject,69bc0d686bc195aa02a7e3b0,6939ca46ef5dc7a165ca2078,"{""and"":[{""name"":""status"",""operator"":""in"",""value"":[""active""]},{""name"":""documentsCount"",""operator"":""greaterThan"",""value"":1},{""name"":""tagId"",""operator"":""notIn"",""value"":[""6a0728f8f523b35823695b2f"",""6a0b0e81198e7a1a0987477d""]}]}",2026-05-26,2026-05-26,2026-06-01
"Block Real Estate Services, LLC",6a16ef10da8b4807521f6566,TL Created (UNKNOWN & VENDOR) with 0 Documents,PrimaryRecord,workspace,false,PrimaryObject,69bc0d686bc195aa02a7e3b0,6916131ad7eff5d5f9194e6f,"{""and"":[{""name"":""status"",""operator"":""in"",""value"":[""active""]},{""name"":""typeId"",""operator"":""in"",""value"":[""6a0728ea206702aac861ebad"",""6a0b0e81198e7a1a0987477a""]},{""name"":""documentsCount"",""operator"":""equal"",""value"":0}]}",2026-05-27,2026-05-27,2026-06-01
"Block Real Estate Services, LLC",6a16ef921814afc0f533998d,All TL Created Parties,PrimaryRecord,workspace,false,PrimaryObject,69bc0d686bc195aa02a7e3b0,6916131ad7eff5d5f9194e6f,"{""and"":[{""name"":""status"",""operator"":""in"",""value"":[""active""]},{""name"":""typeId"",""operator"":""in"",""value"":[""6a0728ea206702aac861ebad"",""6a0b0e81198e7a1a0987477a""]}]}",2026-05-27,2026-05-27,2026-06-01
"Block Real Estate Services, LLC",6a16f5fe1814afc0f534d349,Older than 1 week,Document,workspace,false,,,6939ca46ef5dc7a165ca2078,"{""and"":[{""name"":""status"",""operator"":""in"",""value"":[""active""]},{""name"":""expiration"",""operator"":""beforeLast"",""value"":{""weeks"":1}}]}",2026-05-27,2026-05-27,2026-06-01
"Block Real Estate Services, LLC",6a16fec7da8b480752227e6b,All Tenants,PrimaryRecord,workspace,false,PrimaryObject,69bc0d686bc195aa02a7e3b0,6916131ad7eff5d5f9194e6f,"{""and"":[{""name"":""status"",""operator"":""in"",""value"":[""active""]}]}",2026-05-27,2026-05-27,2026-06-01
"Block Real Estate Services, LLC",6a1849d38bbe0a0890e9e475,Abbey view,ContextRecord,workspace,false,ContextObject,69bc0d686bc195aa02a7e3af,6939ca46ef5dc7a165ca2078,"{""and"":[{""name"":""status"",""operator"":""in"",""value"":[""active""]}]}",2026-05-28,2026-05-28,2026-06-01
"Block Real Estate Services, LLC",6a1dc7a4190c9b6c04b61f63,Assigned to review,Document,workspace,false,,,69ea2b2eabc6878d28437137,"{""and"":[{""name"":""status"",""operator"":""in"",""value"":[""active""]},{""name"":""reviewStatus"",""operator"":""in"",""value"":[""toReview""]},{""name"":""primaryRecordId"",""operator"":""notEqual"",""value"":""__empty__""}]}",2026-06-01,2026-06-01,2026-06-01
Construction Management Inc.,69dfbb5db82bd9e9de745d20,Hampton Project,PrimaryRecord,workspace,false,PrimaryObject,69c55ecf8839dd8358282da2,6916131ad7eff5d5f9194e6f,"{""and"":[{""name"":""status"",""operator"":""in"",""value"":[""active""]},{""name"":""contextRecordId"",""operator"":""in"",""value"":[""69ea482eabc6878d284b2eef""]}]}",2026-04-15,2026-04-23,2026-06-01
Construction Management Inc.,69e8fc6ba793ac461243467f,A-Z,PrimaryRecord,workspace,false,PrimaryObject,69c55ecf8839dd8358282da2,6939ca46ef5dc7a165ca2078,"{""and"":[{""name"":""status"",""operator"":""in"",""value"":[""active""]}]}",2026-04-22,2026-04-22,2026-06-01
Construction Management Inc.,69ea60025034d6d257e6e499,Staybridge Projects,PrimaryRecord,workspace,false,PrimaryObject,69c55ecf8839dd8358282da2,69ea2b2eabc6878d28437137,"{""and"":[{""name"":""status"",""operator"":""in"",""value"":[""active""]},{""name"":""contextRecordId"",""operator"":""in"",""value"":[""69ea483df29b547256e5eb8c""]}]}",2026-04-23,2026-04-23,2026-06-01
Construction Management Inc.,69f36074b006b12d5d8016fa,A-Z,Document,workspace,false,,,69ea2b2eabc6878d28437137,"{""and"":[{""name"":""status"",""operator"":""in"",""value"":[""active"",""archived""]}]}",2026-04-30,2026-04-30,2026-06-01
QTS Data Centers,6a035a047b5fded8b0173218,Active,PrimaryRecord,workspace,false,PrimaryObject,69f0b71d7b24cf3460d0c07d,6916131ad7eff5d5f9194e6f,"{""and"":[{""name"":""status"",""operator"":""in"",""value"":[""active""]}]}",2026-05-12,2026-05-12,2026-06-01
QTS Data Centers,6a035bd11881bdb2446f7b76,To Review,PrimaryRecord,workspace,false,PrimaryObject,69f0b71d7b24cf3460d0c07d,6916131ad7eff5d5f9194e6f,"{""and"":[{""name"":""status"",""operator"":""in"",""value"":[""active""]},{""name"":""reviewStatus"",""operator"":""in"",""value"":[""toReview""]}]}",2026-05-12,2026-05-12,2026-06-01