client,id,vendor_id,vendor_name,name,types,policy_number,status,processing,reviewed_at,archived_at,expiration_date,issue_date,flagged,flag_level,flag_notes,applies_to_all,insurer_names,created_at,updated_at,sync_date
"Block Real Estate Services, LLC",6a282910da52b0ee99d2eb99,69fded0c62446148bd848b05,"Big Biscuit / 27 Biscuits, LLC",Big Biscuit Industries LLC_Block Real Estate Services.pdf,,,processed,false,2026-06-11,,2027-05-01,2026-06-08,false,,,false,American Guarantee and Liability Insurance Company; Zurich American Insurance Company,2026-06-09,,2026-07-26
"Block Real Estate Services, LLC",6a625a41293db0c1319f2be1,69fded0c62446148bd848af9,"1&1 Internet / IONOS, Inc.","co Block Real Estate Services_IONOS, INC_2627 GLAutoUmbWCProp_7-23-2026_1213674639.pdf",,,processed,false,,,2027-01-01,2026-07-23,false,,,false,"National Union Fire Insurance Company of Pittsburgh, Pa.; Allianz Global Risks US Insurance Company; Chubb Indemnity Insurance Company; Federal Insurance Company",2026-07-23,,2026-07-26
"Block Real Estate Services, LLC",6a05e6f6fe7b4a8a036194e9,69fded0c62446148bd848b02,24 Hour Check Cashing,CERT_Block_Real_Estate_Services_LLC_218628_179011.pdf,,,processed,false,2026-06-01,,2027-04-16,2026-03-23,false,,,false,"Acuity, A Mutual Insurance Company",2026-05-14,,2026-07-26
"Block Real Estate Services, LLC",6a2599e5781c6c479f910adb,69fded0c62446148bd848afc,1248 Holdings LLC,1248 Holdings COI.pdf,,,processed,false,2026-06-08,,2027-04-01,,false,,,false,,2026-06-07,,2026-07-26
"Block Real Estate Services, LLC",6a3e916bc35829c634df586f,69fded0c62446148bd848afc,1248 Holdings LLC,1248 COI - Block - 4.26-4.27-updated.pdf,,,processed,false,2026-06-30,,2027-06-25,2026-06-22,false,,,false,Stonington Insurance Company,2026-06-26,,2026-07-26
"Block Real Estate Services, LLC",6a2c73107ea10850bf9fee8e,69fded0c62446148bd848aff,"1-800-Pack Rat, LLC","Block Real Estate Services, LLC_1-800-Pack-Rat, LLC_25-26 Master_6-12-2026_531717594.pdf",,,processed,false,2026-06-15,,2026-10-01,2026-06-12,false,,,false,Arch Insurance Company; Arch Indemnity Insurance Company; Scottsdale Insurance Company; Allied World Assurance Company (U.S.) Inc.,2026-06-12,,2026-07-26
"Block Real Estate Services, LLC",6a394c69accacb8cab636d9b,69fded0c62446148bd848b0e,A.N.D. Design Studio LLC,COI FOR KCG.pdf,,,processed,false,2026-06-30,,2027-04-01,,false,,,false,ACE Property and Casualty Insurance Company,2026-06-22,,2026-07-26
"Block Real Estate Services, LLC",6a57aafa22af1dedc09c94be,69fded0c62446148bd848b0e,A.N.D. Design Studio LLC,Lease - 3rd657 - AND Design Studio.pdf,,,processed,false,2026-07-15,,,,false,,,false,,2026-07-15,,2026-07-26
"Block Real Estate Services, LLC",6a3960fbaccacb8cab636f22,69fded0c62446148bd848b14,Academy Bank,Updated COI.pdf,,,processed,false,2026-06-23,,2026-08-18,2026-06-18,false,,,false,Travelers Property Casualty Company of America; The Charter Oak Fire Insurance Company,2026-06-22,,2026-07-26
"Block Real Estate Services, LLC",6a26f800caa475a04620536a,69fded0c62446148bd848b1d,"Adams Cable Equipment, Inc.",Updated COI 16200.pdf,,,processed,false,2026-06-11,,2025-09-01,2026-03-31,false,,,false,Liberty Mutual Fire Insurance Company; Liberty Insurance Corporation; Evanston Insurance Company,2026-06-08,,2026-07-26
"Block Real Estate Services, LLC",6a315fda77799616d66ce2b5,69fded0c62446148bd848b1a,Actuarial Resources Corporation (ARC),c_oBlockRealEstateServicesLLC_W46698189.pdf,,,processed,false,2026-06-17,,2026-08-31,2026-06-15,false,,,false,"Greenwich Insurance Company; XL Insurance America, Inc.",2026-06-16,,2026-07-26
"Block Real Estate Services, LLC",6a199b589d7340e121a98009,69fded0c62446148bd848b26,"Advanced Auto / Advanced Stores Co., Inc.",cert_CLE_ALLEN and GLORIA BLOCK FAMILY LIMITED_6889424_9.pdf,,,processed,false,2026-06-01,,2027-06-01,2026-05-28,false,,,true,ACE American Insurance Company; ACE Property and Casualty Insurance Company; SEE ACORD 101,2026-05-29,,2026-07-26
"Block Real Estate Services, LLC",6a3d8232900a41a58c79428f,69fded0c62446148bd848b29,Advanced Pharmaceuticals LLC,"Cert 26-27 - PERG Buildings, LLC.pdf",,,processed,false,2026-06-30,,2026-09-08,2026-06-19,false,,,false,Nautilus Insurance Company; Markel American Insurance Company,2026-06-25,,2026-07-26
"Block Real Estate Services, LLC",6a645241ba0418f566ac5ede,69fded0c62446148bd848b29,Advanced Pharmaceuticals LLC,Certificate.pdf,,,processed,false,,,2026-09-08,2026-07-24,false,,,false,Nautilus Insurance Company; Markel American Insurance Company,2026-07-25,,2026-07-26
"Block Real Estate Services, LLC",6a283a433f91c94eefb0cb18,69fded0c62446148bd848b2c,Advanced Turf Solutions Inc,"Advanced Turf Solutions, Inc. - Block Real Estate Services, LLC.pdf",,,processed,false,2026-06-11,,2026-07-01,,false,,,false,Allied Insurance Company of America; Nationwide Mutual Insurance Company; Nationwide General Insurance Company,2026-06-09,,2026-07-26
"Block Real Estate Services, LLC",6a3beb8e9af3fe11c94296ce,69fded0c62446148bd848b32,Advocate Construction Inc,block wc.pdf,,,processed,false,2026-06-25,,2026-10-01,2025-09-23,false,,,false,SUNZ Insurance Company,2026-06-24,,2026-07-26
"Block Real Estate Services, LLC",6a3c3a3a471d21bbc95f6cc3,69fded0c62446148bd848b32,Advocate Construction Inc,BlockRealEstateServicesLLC.pdf,,,processed,false,2026-06-25,,2027-04-01,2026-06-24,false,,,false,Admiral Insurance Company,2026-06-24,,2026-07-26
"Block Real Estate Services, LLC",6a07267b7ee88c9e36194d1a,69fded0d62446148bd848b35,"Aircraft Electrical / AEE-EMF, Inc.",BlockRealEstateServicesLLC.pdf,,,processed,false,2026-06-02,,2026-12-16,,false,,,false,,2026-05-15,,2026-07-26
"Block Real Estate Services, LLC",6a358e981f6b786b44770062,69fded0d62446148bd848b3b,Agape Montessori School/Pulliam Properties LLC,Certificate - 2026-06-19T134625.722.pdf,,,processed,false,2026-06-22,,2027-06-21,2026-06-19,false,,,false,West Bend Insurance Company,2026-06-19,,2026-07-26
"Block Real Estate Services, LLC",6a3011df85085468184506f6,69fded0d62446148bd848b3e,AgForce Transport Services / Consolidated Grain and Barge Co.,"HLBT Associates, LLC.pdf",,,processed,false,2026-06-15,,2027-05-01,2026-06-15,false,,,false,Nationwide Agribusiness Insurance Company; Westfield Specialty Insurance Company,2026-06-15,,2026-07-26
"Block Real Estate Services, LLC",6a569d0e117f21962232fbe7,69fded0d62446148bd848b44,All Access Garage Doors,All Access Block Cert.pdf,,,processed,false,2026-07-15,,2026-12-05,2026-07-14,false,,,false,OWNERS INS CO; AUTO OWNERS INS CO; Travelers Property Casualty Company of America,2026-07-14,,2026-07-26
"Block Real Estate Services, LLC",6a57f12be8caaf78715d08d3,69fded0d62446148bd848b44,All Access Garage Doors,All Access Block Cert.pdf,,,processed,false,2026-07-20,,2026-12-05,2026-07-15,false,,,false,OWNERS INS CO; AUTO OWNERS INS CO; Travelers Property Casualty Company of America,2026-07-15,,2026-07-26
"Block Real Estate Services, LLC",6a4bd0b2c8e29468b5d94158,69fded0d62446148bd848b4d,Allstate Insurance,CERTIFICATE OF INSURANCE (COI) Reinhart agency.Pdf,,,processed,false,2026-07-06,,2027-04-09,2026-07-06,false,,,false,Property and Casualty Insurance Company of Hartford,2026-07-06,,2026-07-26
"Block Real Estate Services, LLC",6a2c6b4c4096067a7a7bad82,69fded0d62446148bd848b59,"Hamilton Plumbing / Roger The Plumber / American Residential Services, LLC (ARS)",8425 Hamilton COI for Block 12JUN2026.pdf,,,processed,false,2026-06-15,,2026-10-01,2025-09-24,false,,,false,Liberty Mutual Fire Insurance Company; Twin City Fire Insurance Company; Liberty Insurance Corporation,2026-06-12,,2026-07-26
"Block Real Estate Services, LLC",6a22fd479bc28d99e321a29a,69fded0d62446148bd848b62,"AMSCO Supply / Flegler Investment Co., Inc.","BLOCK REAL ESTATE SERVICES, LLC.pdf",,,processed,false,2026-06-08,,2026-07-30,2026-06-05,false,,,false,Great Northern Insurance Company; The Travelers Indemnity Company; The Travelers Indemnity Company of America; Travelers Property Casualty Company of America; ACE American Insurance Company,2026-06-05,,2026-07-26
"Block Real Estate Services, LLC",6a319dfe14a7a365eb479528,69fded0d62446148bd848b62,"AMSCO Supply / Flegler Investment Co., Inc.",cert_ATL_BLOCK REAL ESTATE SERVICES LLC_6189400_2.pdf,,,processed,false,2026-06-17,,2026-10-01,2026-06-16,false,,,false,Zurich American Insurance Company; Zurich Insurance Europe AG,2026-06-16,,2026-07-26
"Block Real Estate Services, LLC",6a06215b1f712c628e56646c,69fded0d62446148bd848b65,Amsted Rail Company Inc,CollegeCrossingCDLLCandMarleyCollegeCrossingCDLLC_W45275293.pdf,,,processed,false,2026-06-02,,2027-03-31,2026-03-31,true,low,"<p>GL limits are low and umbrella does not follow form, is my assessment correct?</p>
<p><br></p>
<p>You are correct <span data-entityid=""6939ca46ef5dc7a165ca2078"" data-entityname=""@AbbeyRobinson"" data-entitytype=""mention"">@AbbeyRobinson</span>, but DOO and page 2 states they have another GL policy, but it's a SIR. We would need to contact Block to see if that is acceptable.</p>",false,Liberty Mutual Fire Insurance Company; AIG Specialty Insurance Company; LM Insurance Corporation; Liberty Insurance Corporation,2026-05-14,,2026-07-26
"Block Real Estate Services, LLC",6a4eb0d03314f98773ba373a,69fded0d62446148bd848b6b,Anixter Inc,26-27 WESCO Landlords - Block Real Estate Services.pdf,,,processed,false,2026-07-14,,2027-06-04,2026-07-08,false,,,false,Travelers Property Casualty Company of America,2026-07-08,,2026-07-26
"Block Real Estate Services, LLC",6a5691bef6533cf6aa2dd79b,69fded0d62446148bd848b6b,Anixter Inc,Lease - rl2877 - Anixter Inc.pdf,,,processed,false,2026-07-14,,,,false,,,false,,2026-07-14,,2026-07-26
"Block Real Estate Services, LLC",6a47ca0f5cdf4704ae0efe2a,69fded0d62446148bd848b77,"Apex Products, LLC",Scan2026-06-30_144448BlockCert.pdf,,,processed,false,2026-07-06,,2027-06-28,2026-06-11,false,,,false,West Bend Insurance Company,2026-07-03,,2026-07-26
"Block Real Estate Services, LLC",6a399fb6accacb8cab637009,69fded0e62446148bd848b7d,"APLOS, Inc.",Aplós COI 2026.pdf,,,processed,false,2026-06-23,,2026-07-17,2026-03-12,false,,,false,Nautilus Insurance Company; AmTrust Insurance Company; Evanston Insurance Company; Old Republic Professional Liability Inc,2026-06-22,,2026-07-26
"Block Real Estate Services, LLC",6a5a7d2575cf58525d542611,69fded0e62446148bd848b7d,"APLOS, Inc.","College Crossing CD, LLC_APLOS Inc._26-27 CGL_7-14-2026_1431799237.pdf",,,processed,false,2026-07-20,,2027-07-17,2026-07-14,false,,,false,Kinsale Insurance Company,2026-07-17,,2026-07-26
"Block Real Estate Services, LLC",6a5a82fde01184066f4af9b6,69fded0e62446148bd848b7d,"APLOS, Inc.","College Crossing CD, LLC_APLOS Inc._26-27 GLWCOM_7-17-2026_1500492899.pdf",,,processed,false,2026-07-20,,2027-07-17,2026-07-17,false,,,false,Kinsale Insurance Company; AmTrust Insurance Company,2026-07-17,,2026-07-26
"Block Real Estate Services, LLC",6a5a60efb260d1d902908e4c,69fded0e62446148bd848b83,Applied Industrial Technologies Inc,KCIP Riverside LLC-570120212995.pdf,,,processed,false,2026-07-20,,2027-06-01,2026-05-27,false,,,false,ACE American Insurance Company; ACE Property and Casualty Insurance Company,2026-07-17,,2026-07-26
"Block Real Estate Services, LLC",6a2c707c7ea10850bf9fee54,69fded0e62446148bd848b86,ARC Physical Therapy Plus,COI 1318 Belton Block real Estate Umbrella 9.30.25 - 9.30.26.pdf,,,processed,false,2026-06-15,,2026-09-30,2026-05-08,false,,,false,Lexington Insurance Company,2026-06-12,,2026-07-26
"Block Real Estate Services, LLC",6a32eb9c4f89dc4a36d328c0,69fded0e62446148bd848b86,ARC Physical Therapy Plus,COI 1318 Belton Block Real Estate Services LLC - 3.15.26 - 3.15.27.pdf,,,processed,false,2026-06-18,,2027-03-15,2026-06-17,false,,,false,The Insurance Company of the State of Pennsylvania,2026-06-17,,2026-07-26
"Block Real Estate Services, LLC",6a5520ec21f86634e8b19af4,69fded0e62446148bd848b86,ARC Physical Therapy Plus,Lease - ncd054 - ARC Physical Therapy Plus.pdf,,,processed,false,2026-07-13,,,,false,,,false,,2026-07-13,,2026-07-26
"Block Real Estate Services, LLC",6a2727d38f5f15a8835c79d5,69fded0e62446148bd848b92,Arthur J Gallagher Risk Management Services Inc,"46 PC Investors, LLC_Arthur J. Gallagher, LLC_25-26 Landlord Casualty C_6-8-2026_1568910419.pdf",,,processed,false,2026-06-11,,2026-10-01,,false,,,true,Arch Insurance Company; The Continental Insurance Company,2026-06-08,,2026-07-26
"Block Real Estate Services, LLC",6a27280d540f27b382a1ed5f,69fded0e62446148bd848b92,Arthur J Gallagher Risk Management Services Inc,"46 PC Investors, LLC_Arthur J. Gallagher, LLC_25-26 Landlord Property C_6-8-2026_1111070370.pdf",,,processed,false,2026-06-11,,2026-10-01,2026-06-08,false,,,true,"XL Insurance America, Inc.",2026-06-08,,2026-07-26
"Block Real Estate Services, LLC",6a2327b9fe918aea40160ac1,69fded0e62446148bd848b98,Aspen Properties Group,Policy 3.7 2026 to 3.7 2027.pdf,,,processed,false,2026-06-08,,2027-03-07,,false,,,false,United Wisconsin Insurance Company,2026-06-05,,2026-07-26
"Block Real Estate Services, LLC",6a3efffe57a0d280997f8d45,69fded0e62446148bd848b98,Aspen Properties Group,Aspen_Properties_Group_Nationwide_Commercial_Umbrella_Renewal_2025-2026.pdf.pdf,,,processed,false,2026-06-30,,,,false,,,false,,2026-06-26,,2026-07-26
"Block Real Estate Services, LLC",6a3f00ebc35829c634df634e,69fded0e62446148bd848b98,Aspen Properties Group,Aspen_Properties_Group_Nationwide_Businessowners_Policy_Renewal_2025-2026.pdf.pdf,,,processed,false,2026-06-30,,,,false,,,false,,2026-06-26,,2026-07-26
"Block Real Estate Services, LLC",6a399e75a17b73c16bc35db9,69fded0e62446148bd848b9b,Aspire Wealth Management LLC,ASPIRE WEALTH_BLOCK RE_COI.pdf,,,processed,false,2026-06-23,,2027-03-20,2026-06-22,false,,,false,Hartford Underwriters Insurance Company,2026-06-22,,2026-07-26
"Block Real Estate Services, LLC",6a2ab748071d75e4ccfca1a1,69fded0e62446148bd848ba1,Asurion LLC,GL Waiver of Subro Endorsement.pdf,,,processed,false,2026-06-15,,2027-04-30,,false,,,false,,2026-06-11,,2026-07-26
"Block Real Estate Services, LLC",6a4e8bf6bc03800db2d4ea5c,69fded0e62446148bd848ba1,Asurion LLC,PINNACLE CORPORATE - 14163813.pdf,,,processed,false,2026-07-14,,2027-04-30,2026-07-08,false,,,false,Liberty Insurance Corporation; Liberty Mutual Fire Insurance Company; LM Insurance Corporation,2026-07-08,,2026-07-26
"Block Real Estate Services, LLC",6a5e5cd71389a96ec8aff019,69fded0e62446148bd848ba4,Asurion UBIF,OAK PARK KS LLC - 18610780.pdf,,,processed,false,2026-07-20,,2027-04-30,2026-07-20,false,,,false,Liberty Insurance Corporation; Liberty Mutual Fire Insurance Company; LM Insurance Corporation,2026-07-20,,2026-07-26
"Block Real Estate Services, LLC",6a627b77f4a44f9d273a53f9,69fded0e62446148bd848ba4,Asurion UBIF,OAK PARK KS - 18610780.pdf,,,processed,false,,,2027-04-30,2026-07-23,false,,,false,Liberty Insurance Corporation; Liberty Mutual Fire Insurance Company; LM Insurance Corporation,2026-07-23,,2026-07-26
"Block Real Estate Services, LLC",6a3aab84fc287516f387ea8c,69fded0e62446148bd848bad,Recognition Plus Audio Video Graphics,Certificate of Insurance.pdf,,,processed,false,2026-06-23,,2027-02-01,2026-06-23,false,,,false,Twin City Fire Insurance Company,2026-06-23,,2026-07-26
"Block Real Estate Services, LLC",6a50ef24c8b75240b608c395,69fded0e62446148bd848baa,Auction Merchandise of KC,Document_260626_121652.pdf,,,processed,false,2026-07-14,,2026-11-05,,false,,,false,Midvale Indemnity Company,2026-07-10,,2026-07-26
"Block Real Estate Services, LLC",6a18aa1b9ef1cffe57d01607,69fded0e62446148bd848bb0,AVI-SPL LLC,NOT FOUND - AVI-SPL LLC.pdf,,,processed,false,2026-06-02,,2027-04-17,2026-04-08,false,,,false,Zurich American Insurance Company; American Guarantee and Liability Insurance Company; American Zurich Insurance Company; Federal Insurance Company; Allied World Assurance Company (U.S.) Inc.; Crum & Forster Specialty Insurance Company,2026-05-28,,2026-07-26
"Block Real Estate Services, LLC",6a39520bd382314fdae2ff3f,69fded0e62446148bd848bb3,Axiom Strategies LLC,COBLOC~1.PDF,,,processed,false,2026-06-22,,2026-08-07,2026-06-22,false,,,false,Evanston Insurance Company,2026-06-22,,2026-07-26
"Block Real Estate Services, LLC",6a26fc7c723912a814569421,69fded0e62446148bd848bb9,"Pet Supplies Plus / B&B Pet Products, LLC",Block Real Estate Services_Lenexa Property 25-26.pdf,,,processed,false,2026-06-11,,2026-12-01,2026-06-08,false,,,false,Selective Insurance Company of the Southeast,2026-06-08,,2026-07-26
"Block Real Estate Services, LLC",6a39895ed1bf38e72a670fab,69fded0e62446148bd848bbc,Bachelor Controls Inc,"Perg Building LLC co Block Real Estate Servi_Bachelor Controls, Inc._2026 - 2027 Master - Bach_6-22-2026_120642820.pdf",,,processed,false,2026-06-23,,2027-03-01,2026-06-22,false,,,false,Liberty Insurance Corporation; Travelers Property Casualty Company of America; Accelerant Specialty Insurance Company; Continental Casualty Company,2026-06-22,,2026-07-26
"Block Real Estate Services, LLC",6a32e2a7081d3b93fbe8b135,69fded0e62446148bd848bbf,Baking With A Bass / Kayla Bass,CERTIFICATE OF INSURANCE (COI).Pdf,,,processed,false,2026-06-17,,2027-03-06,2026-06-17,false,,,false,Hartford Underwriters Insurance Company; Hartford Fire Insurance Company,2026-06-17,,2026-07-26
"Block Real Estate Services, LLC",6a6113223d7c8f1b1ccd4171,69fded0e62446148bd848bbf,Baking With A Bass / Kayla Bass,Revised CERTIFICATE OF INSURANCE (COI).Pdf,,,processed,false,,,2027-03-06,2026-07-22,false,,,false,Hartford Underwriters Insurance Company,2026-07-22,,2026-07-26
"Block Real Estate Services, LLC",6a316395b12134bfb4442095,69fded0e62446148bd848bc2,Bank of America,COI MO8-118 3.15.26-3.15.27.pdf,,,processed,false,2026-06-17,,2026-08-01,2026-03-25,false,,,false,"Greenwich Insurance Company; National Union Fire Insurance Company of Pittsburgh, Pa.",2026-06-16,,2026-07-26
"Block Real Estate Services, LLC",6a34433b3a28b57599a17d33,69fded0f62446148bd848bcb,"Banner Logistics, Inc",1600 Vernon Street XXS Certificate.pdf,,,processed,false,2026-06-24,,2026-11-29,2026-06-17,false,,,false,"Service American Indemnity Company; Nautilus Insurance Company; TRANSGUARD INSURANCE COMPANY OF AMERICA, INC.",2026-06-18,,2026-07-26
"Block Real Estate Services, LLC",6a4be2cf5cdf4704ae0effad,69fded0f62446148bd848bd7,BDM Inc,Block Cert.pdf,,,processed,false,2026-07-08,,2027-05-01,2026-07-06,false,,,false,SECURA Insurance Company; The Travelers Indemnity Company,2026-07-06,,2026-07-26
"Block Real Estate Services, LLC",6a359462430d502f7f7fb4ca,69fded0f62446148bd848bd4,Costa Vida Fresh Mexican Grill / BB Magical Fruit,"Block Real Estate Services, LLC_BB Magical Fruit Two LLC_2627 Master COI_6-19-2026_2147481711.pdf",,,processed,false,2026-06-22,,2027-05-01,2026-06-19,false,,,false,St. Paul Fire and Marine Insurance Company; Travelers Property Casualty Company of America; The Travelers Indemnity Company of Connecticut,2026-06-19,,2026-07-26
"Block Real Estate Services, LLC",6a4fb5640efc7440a732444e,69fded0f62446148bd848bdd,"Pepper Jax Grill / Belton North Cass, LLC",WRG-PJ_Certificate of Insurance_North Cass Dev_6.30.26.pdf,,,processed,false,2026-07-14,,2027-06-30,2026-06-27,false,,,false,Union Insurance; The Zenith,2026-07-09,,2026-07-26
"Block Real Estate Services, LLC",6a5a46d375d581809e5678e6,69fded0f62446148bd848bdd,"Pepper Jax Grill / Belton North Cass, LLC",PepperJax 1727 E North Ave Belton MO.pdf,,,processed,false,2026-07-17,,2027-06-30,2026-07-17,false,,,false,Union Insurance Company; Zenith Insurance Company,2026-07-17,,2026-07-26
"Block Real Estate Services, LLC",6a2809a7188eff3d9a5a4c53,69fded0f62446148bd848be0,Beltone Hearing Aid Center,Independence COI 2026.pdf,,,processed,false,2026-06-11,,2027-01-01,2026-06-08,false,,,false,Owners Insurance Company; Markel Insurance Company,2026-06-09,,2026-07-26
"Block Real Estate Services, LLC",6a469ccdd293d5dfa850aac1,69fded0f62446148bd848be0,Beltone Hearing Aid Center,Downey Family Holdings Revised COI.pdf,,,processed,false,2026-07-06,,2027-01-01,2026-06-08,false,,,false,Owners Insurance Company; Markel Insurance Company; Markel Insurance Company,2026-07-02,,2026-07-26
"Block Real Estate Services, LLC",6a4bd82a5bdbb873e90ba360,69fded0f62446148bd848be0,Beltone Hearing Aid Center,Independence COI 2026.pdf,,,processed,false,2026-07-06,,2027-01-01,2026-06-08,false,,,false,Owners Insurance Company; Markel Insurance Company; Markel Insurance Company,2026-07-06,,2026-07-26
"Block Real Estate Services, LLC",6a3a993a59011af6e27dbda3,69fded0f62446148bd848c07,"BMO Harris Commercial Banking / BMO Harris Bank, NA",BMO Bank NA - Block Real Estate Services - 26062236825910 - 570121047321.pdf,,,processed,false,2026-06-23,,2027-04-30,2026-06-22,false,,,false,Zurich American Insurance Company; ACE American Insurance Company,2026-06-23,,2026-07-26
"Block Real Estate Services, LLC",6a516f849a50c31614a8c7d1,69fded0f62446148bd848c01,BluSky Restoration Contractors LLC,"Block Real Estate Services, LLC - Aon.pdf",,,processed,false,2026-07-14,,2027-04-01,2026-03-27,false,,,false,Zurich American Insurance Company,2026-07-10,,2026-07-26
"Block Real Estate Services, LLC",6a1894afe701796d85e6590d,69fded0f62446148bd848c10,"Sono Bello / Body Contour Centers, LLC","Corporate Medical Plaza III (BKWG Assoc), CMP_Body Contour Centers, LLC_2526 COI_5-15-2026_1709078656.pdf",,,processed,false,2026-06-01,,2026-10-01,,false,,,false,,2026-05-28,,2026-07-26
"Block Real Estate Services, LLC",6a42a4965e2a93cdf2411384,69fded0f62446148bd848c10,"Sono Bello / Body Contour Centers, LLC",Body Contour Centers LLC COI Corporate Medical Plaza III.pdf,,,processed,false,2026-06-30,,2026-10-01,2026-05-15,false,,,false,Hartford Fire Insurance Company; Trumbull Insurance Company; Hartford Accident and Indemnity Company; Everest National Insurance Company,2026-06-29,,2026-07-26
"Block Real Estate Services, LLC",6a54fee4501b8361b0e98203,69fded0f62446148bd848c19,"Kitchen and Bath by Briggs / Briggs, Inc.","co Block Real Estate Services, LLC_Briggs, Inc. of Omaha_2526 GAUW w Personal Pr_7-8-2026_1115031498.pdf",,,processed,false,2026-07-13,,2026-09-01,2026-07-08,false,,,false,Dakota Truck Underwriters; Middlesex Insurance Company,2026-07-13,,2026-07-26
"Block Real Estate Services, LLC",6a551e28ba1f441b3e41026b,69fded0f62446148bd848c19,"Kitchen and Bath by Briggs / Briggs, Inc.",Lease - tic681 - Kitchen and Bath by Briggs.pdf,,,processed,false,2026-07-13,,,,false,,,false,,2026-07-13,,2026-07-26
"Block Real Estate Services, LLC",6a05e7defeb0a066655c2944,69fded1062446148bd848c1f,The Professional Group / Bryan Torez,CorrectedCOI3-11-26.pdf,,,processed,false,2026-06-01,,2026-11-01,2026-03-11,false,,,false,State Farm Fire and Casualty Company,2026-05-14,,2026-07-26
"Block Real Estate Services, LLC",6a5a471fe01184066f4af829,69fded1062446148bd848c1f,The Professional Group / Bryan Torez,Editable COI.pdf,,,processed,false,2026-07-17,,2026-11-01,2026-03-11,false,,,false,State Farm Fire and Casualty Company,2026-07-17,,2026-07-26
"Block Real Estate Services, LLC",6a300e6a85085468184506d8,69fded1062446148bd848c22,Bryght Labs,COI Bryght Labs 11053 general liability.pdf,,,processed,false,2026-06-17,,2027-05-01,2026-05-28,false,,,false,Evanston Insurance Company,2026-06-15,,2026-07-26
"Block Real Estate Services, LLC",6a2afcdb9564d418934746fa,69fded1062446148bd848c25,"Buckeye Cleaning Center KC / Buckeye International, Inc.","Riverside Business Center 3_Buckeye International, Inc._26-27 MAIN GLI CAUT WCO E_6-11-2026_1889719103.pdf",,,processed,false,2026-06-25,,2027-03-01,2026-06-11,false,,,false,Old Republic Insurance Company; Westfield Specialty Insurance Company; Endurance American Specialty Insurance Company,2026-06-11,,2026-07-26
"Block Real Estate Services, LLC",6a3040437828333b350b9de5,69fded1062446148bd848c28,Builder Direct LLC,updated insurance for BUILDER DIRECT LLC 6-15-2026.pdf,,,processed,false,2026-06-17,,2026-08-02,2026-06-11,false,,,false,"State National Insurance Company, Inc.",2026-06-15,,2026-07-26
"Block Real Estate Services, LLC",6a3af8d2cf85b61f730f436a,69fded1062446148bd848c28,Builder Direct LLC,Work Comp Policy - Builder Direct LLC.pdf,,,processed,false,2026-06-24,,2027-07-01,2026-06-23,false,,,false,NCCI Assigned Risk,2026-06-23,,2026-07-26
"Block Real Estate Services, LLC",6a3b0162aa3f3f10db520d40,69fded1062446148bd848c28,Builder Direct LLC,PROGRESSIVE BUSINESS OWNERS - Builder Direct LLC.pdf,,,processed,false,2026-06-24,,2026-11-13,2026-06-22,false,,,false,United Financial Casualty Company,2026-06-23,,2026-07-26
"Block Real Estate Services, LLC",6a3b0173f87efbd22dc90413,69fded1062446148bd848c28,Builder Direct LLC,GENERAL LIABILITY INS-Next First - Builder Direct LLC.pdf,,,processed,false,2026-06-24,,2026-08-02,2026-06-11,false,,,false,"State National Insurance Company, Inc.",2026-06-23,,2026-07-26
"Block Real Estate Services, LLC",6a552a638f343040b1a1b4b0,69fded1062446148bd848c28,Builder Direct LLC,Lease - prg805 - Builder Direct.pdf,,,processed,false,2026-07-13,,,,false,,,false,,2026-07-13,,2026-07-26
"Block Real Estate Services, LLC",6a18af68587aecae706a4b40,69fded1062446148bd848c31,Burlis Lawson Group Inc,NOT FOUND - The Burlis Lawson Group.pdf,,,processed,false,2026-06-01,,,,false,,,false,,2026-05-28,,2026-07-26
"Block Real Estate Services, LLC",6a2750fa7f54c7a808caeb66,69fded1062446148bd848c37,Butler Suppy Inc,"Butler Supply, Inc._College Crossing IJ LLC_12-29-2025.pdf",,,processed,false,2026-06-11,,2027-01-01,,false,,,false,Zurich American Insurance Company; Great American Insurance Company; American Zurich Insurance Company,2026-06-08,,2026-07-26
"Block Real Estate Services, LLC",6a3e86c25f58e73b8f4f1e8f,69fded1062446148bd848c3a,BWI Companies Inc,25-26 GL CAU WC UMB Liability - 25 College Crossing Associates.pdf,,,processed,false,2026-06-30,,2026-11-01,2025-11-03,false,,,false,Travelers Property Casualty Company of America; AXIS Surplus Insurance Company; The Standard Fire Insurance Company; The Charter Oak Fire Insurance Company; Everest Indemnity Insurance Company,2026-06-26,,2026-07-26
"Block Real Estate Services, LLC",6a453d05da024f5dca5c5cc3,69fded1062446148bd848c3a,BWI Companies Inc,ACORD Form 20260701-083950-1.pdf,,,processed,false,2026-07-07,,2026-11-01,2026-07-01,false,,,false,Travelers Property Casualty Company of America; AXIS Surplus Insurance Company; The Standard Fire Insurance Company; The Charter Oak Fire Insurance Company; Everest Indemnity Insurance Company,2026-07-01,,2026-07-26
"Block Real Estate Services, LLC",6a07265ab7c7740fe9c4c5d4,69fded1062446148bd848c3d,"Corbion / Caravan Ingredients, Inc.",CaravanIngredientsCOIPERGBlockIncomeFundsIII1.pdf,,,processed,false,2026-06-02,,2027-01-01,2026-01-14,false,,,false,"Travelers Property Casualty Company of America; The Travelers Indemnity Company of Connecticut; National Union Fire Insurance Company of Pittsburgh, Pa.",2026-05-15,,2026-07-26
"Block Real Estate Services, LLC",6a28ca69da52b0ee99d30284,69fded1062446148bd848c43,Carrier Corporation,cert_NYC_Perg Bldgs_ LLC dba_12629267_2.pdf,,,processed,false,2026-06-11,,2027-04-01,,false,,,false,AIU Insurance Company; Old Republic Insurance Company,2026-06-10,,2026-07-26
"Block Real Estate Services, LLC",6a2b18d9181480923538cb46,69fded1062446148bd848c46,CarStar Riverside (fka Autobody on the Run),Certificate.pdf,,,processed,false,2026-06-15,,2026-11-24,2026-06-09,false,,,false,United Fire Group,2026-06-11,,2026-07-26
"Block Real Estate Services, LLC",6a4be0e2c8e29468b5d941e1,69fded1062446148bd848c49,Cass County Public Library,General Liab.pdf,,,processed,false,2026-07-06,,2027-07-01,,false,,,false,EMCASCO Insurance Company,2026-07-06,,2026-07-26
"Block Real Estate Services, LLC",6a4be0e3c8e29468b5d941fe,69fded1062446148bd848c49,Cass County Public Library,Work Comp.pdf,,,processed,false,2026-07-06,,2027-07-01,,false,,,false,CSAA Insurance Exchange,2026-07-06,,2026-07-26
"Block Real Estate Services, LLC",6a50040e1efef97be758f26d,69fded1062446148bd848c49,Cass County Public Library,Block Real Estate.pdf,,,processed,false,2026-07-10,,2027-07-01,2026-07-09,false,,,false,EMCASCO Insurance Company; Employers Mutual Casualty Company,2026-07-09,,2026-07-26
"Block Real Estate Services, LLC",6a457850375e453b63798372,69fded1062446148bd848c52,"Sunflower Health Plan / Centene Management Company, LLC",SSR Capital LLC_Centene Management Company LLC_Liability_6.1.2026.pdf,,,processed,false,2026-07-06,,2027-06-01,2026-05-28,false,,,false,"Old Republic Insurance Company; XL Insurance America, Inc.",2026-07-01,,2026-07-26
"Block Real Estate Services, LLC",6a577bbfd0fc4e2363910f23,69fded1062446148bd848c55,Central Power Systems & Services LLC,"2627 Master COI - Block Real Estate Services, LLC.pdf",,,processed,false,2026-07-15,,2027-07-01,2026-07-15,false,,,false,Twin City Fire Insurance Company; The Phoenix Insurance Company; Travelers Property Casualty Company of America,2026-07-15,,2026-07-26
"Block Real Estate Services, LLC",6a455a2fda024f5dca5c5d2f,69fded1062446148bd848c58,"The Retirement Planning Group / Cetera Financial Group, Inc.","co Block Real Estate Services, LLC_Cetera Financial Group, Inc_26-27 GL-AL-EX-WC_6-15-2026_1056662614.pdf",,,processed,false,2026-07-06,,2027-01-31,2026-06-15,false,,,false,"The Continental Insurance Company; American Casualty Company of Reading, Pennsylvania; Valley Forge Insurance Company",2026-07-01,,2026-07-26
"Block Real Estate Services, LLC",6a2c33de4096067a7a7bad25,69fded1062446148bd848c5b,"Challenger Sports, Inc.","CAL-VENT GROUP, LTD_ PROM MOTOR HOTEL, INC__Challenger Teamwear LLC Dba Challen_2627 COI_6-9-2026_2147481167 (1).pdf",,,processed,false,2026-06-25,,2027-03-01,2026-06-09,false,,,false,Travelers Property Casualty Insurance Company; EMCASCO Insurance Company; Employers Mutual Casualty Company; * Amtrust Financial Group,2026-06-12,,2026-07-26
"Block Real Estate Services, LLC",6a2ae3c2dd45710ae6ad6466,69fded1062446148bd848c5e,Champion Supply Company LLC,"COI 1-1-26 - CAL-VENT GROUP, LTD; PROM MOTOR HOTEL, INC; JAMS INDUSTRIAL, LLC; MELVILLE, LLC.pdf",,,processed,false,2026-06-15,,2027-01-01,,false,,,false,EMC Property & Casualty Company; Employers Mutual Casualty Company; Travelers Casualty and Surety Company,2026-06-11,,2026-07-26
"Block Real Estate Services, LLC",6a22f244a234618b199e4b1f,69fded1062446148bd848c67,Check Into Cash,21046-1778-35009 COI 10-15-26.pdf,,,processed,false,2026-06-08,,2026-10-15,2026-01-20,false,,,false,Travelers Property Casualty Company of America; The Continental Insurance Company; Travelers Casualty Insurance Company of America,2026-06-05,,2026-07-26
"Block Real Estate Services, LLC",6a43f95fc7f86ba6f2674d02,69fded1162446148bd848c76,"Chrysalis Center, LLC",Liability Insurance 2026to2027.pdf,,,processed,false,2026-07-02,,2027-07-04,,false,,,false,"American Casualty Company of Reading, Pennsylvania",2026-06-30,,2026-07-26
"Block Real Estate Services, LLC",6a301f2d09f375dfb856f241,69fded1162446148bd848c82,Clarivate Analytics LLC,HLBTAssociatesLLC_W46436397.pdf,,,processed,false,2026-06-17,,2026-12-01,2026-06-08,false,,,false,American Guarantee and Liability Insurance Company; Zurich American Insurance Company; American Zurich Insurance Company,2026-06-15,,2026-07-26
"Block Real Estate Services, LLC",6a455cf3d293d5dfa850a8fe,69fded1162446148bd848c82,Clarivate Analytics LLC,HLBTAssociatesLLC_W46906080.pdf,,,processed,false,2026-07-06,,2026-12-01,2026-06-29,false,,,false,American Guarantee and Liability Insurance Company; Zurich American Insurance Company; American Zurich Insurance Company,2026-07-01,,2026-07-26
"Block Real Estate Services, LLC",6a2c76ed4096067a7a7bada0,69fded1162446148bd848c85,ClassOneModelWorks.com LLC,Class One COI for Block Real Estate LLC.pdf,,,processed,false,2026-06-15,,2027-03-14,,false,,,false,Evanston Insurance Company; The Travelers Indemnity Company of America,2026-06-12,,2026-07-26
"Block Real Estate Services, LLC",6a6395b90a4315bb2509b38b,69fded1162446148bd848c85,ClassOneModelWorks.com LLC,Class One COI for Block Real Estate LLC.pdf,,,processed,false,,,2027-03-14,2026-07-24,false,,,false,Evanston Insurance Company; Mesa Underwriters Specialty Insurance Company; The Travelers Indemnity Company of America; KINSALE INSURANCE COMPANY,2026-07-24,,2026-07-26
"Block Real Estate Services, LLC",6a0725bd9839a89d50e8c4d5,69fded1162446148bd848c88,Clopay Building Products,PlatteValleyIndustrialCenter8_W45240625.pdf,,,processed,false,2026-06-02,,2027-02-28,2026-03-31,false,,,false,Zurich American Insurance Company; American Guarantee and Liability Insurance Company; Factory Mutual Insurance Company,2026-05-15,,2026-07-26
"Block Real Estate Services, LLC",6a2c05fde294f24a402e1e39,69fded1162446148bd848c7f,CJ Industries LLC,22284994-PLATTE-CJ COI.pdf,,,processed,false,2026-06-15,,2027-03-02,2026-02-19,false,,,false,"Transportation Insurance Company; Valley Forge Insurance Company; Illinois Union Insurance Company; The Continental Insurance Company; American Casualty Company of Reading, Pennsylvania",2026-06-12,,2026-07-26
"Block Real Estate Services, LLC",6a396c7f597e3570daab61a7,69fded1162446148bd848ca6,Convergint Technologies LLC,"Block Real Estate Services, LLC.pdf",,,processed,false,2026-06-23,,2027-04-01,2026-06-22,false,,,false,ACE American Insurance Company; Federal Insurance Company; ACE Fire Underwriters Insurance Company,2026-06-22,,2026-07-26
"Block Real Estate Services, LLC",6a35af3f56a52ac77dac41e8,69fded1162446148bd848c97,"Commercial Industrial Supply, LLC","co Block Real Estate Services_Commercial Industrial Supply, LLC_26 GAUW_6-19-2026_32299229.pdf",,,processed,false,2026-06-22,,2027-01-01,2026-06-19,false,,,false,The Cincinnati Insurance Company,2026-06-19,,2026-07-26
"Block Real Estate Services, LLC",6a06315454ab644e7ef7ef76,69fded1162446148bd848c91,CMA / Colarelli Meyer & Associates,WCCOI.pdf,,,processed,false,2026-06-03,,2026-07-01,2025-06-09,false,,,false,New Hampshire Insurance Company,2026-05-14,,2026-07-26
"Block Real Estate Services, LLC",6a2afc33181480923538caf4,69fded1162446148bd848c8b,CNR Construction KC LLC,BlockCNR.pdf,,,processed,false,2026-06-15,,2027-03-09,,false,,,false,Patrons Insurance Company,2026-06-11,,2026-07-26
"Block Real Estate Services, LLC",6a30409c09f375dfb856f2e6,69fded1162446148bd848c8b,CNR Construction KC LLC,EFA_CNR CONSTRUCTION_Block Real Estate Service_167304808.pdf,,,processed,false,2026-06-17,,2027-07-01,2026-06-15,false,,,false,New Hampshire Insurance Company,2026-06-15,,2026-07-26
"Block Real Estate Services, LLC",6a36d92356a52ac77dac42f7,69fded1162446148bd848ca3,Converge LLC,Endorsement_Endor_2_AddAI.pdf,,,processed,false,2026-06-22,,,,false,,,false,,2026-06-20,,2026-07-26
"Block Real Estate Services, LLC",6a36d92456a52ac77dac4314,69fded1162446148bd848ca3,Converge LLC,AIEndorsement_Block Real Estate Services LLC 1.pdf,,,processed,false,2026-06-22,,,,false,,,false,,2026-06-20,,2026-07-26
"Block Real Estate Services, LLC",6a36d92456a52ac77dac4331,69fded1162446148bd848ca3,Converge LLC,AICertificate_Block Real Estate Services LLC 1.pdf,,,processed,false,2026-06-22,,2027-06-06,,false,,,false,Philadelphia Indemnity Insurance Company,2026-06-20,,2026-07-26
"Block Real Estate Services, LLC",6a550209d7a2098716cacbe0,69fded1162446148bd848ca9,Core Adventures LLC,Block Real Estate Services.pdf.pdf,,,processed,false,2026-07-14,,2026-09-17,2026-02-20,false,,,false,Hartford Underwriters Insurance Company; Rated by Multiple Companies; Travelers Excess and Surplus Lines Company,2026-07-13,,2026-07-26
"Block Real Estate Services, LLC",6a5630c4b07e51bfe39a39b8,69fded1162446148bd848cb8,CorVel Healthcare Corporation,City Plaza Corporate - Block Real Estate - CorVel HC Overland Park MO COI 26-27.pdf,,,processed,false,2026-07-15,,2027-04-30,2026-07-13,true,low,<p>Lease requested from BRES</p>,false,Travelers Property Casualty Company of America; The Continental Insurance Company; Zurich American Insurance Company,2026-07-14,,2026-07-26
"Block Real Estate Services, LLC",6a610aca758aff68c41584d7,69fded1162446148bd848cb8,CorVel Healthcare Corporation,CorVel Health_1st Amendment_CPCCI_FE.pdf,,,processed,false,,,,,false,,,false,,2026-07-22,,2026-07-26
"Block Real Estate Services, LLC",6a610acb758aff68c41584f7,69fded1162446148bd848cb8,CorVel Healthcare Corporation,Overland Park (Kansas City) Lease Document_fully EX.pdf,,,processed,false,,,,,false,,,false,,2026-07-22,,2026-07-26
"Block Real Estate Services, LLC",6a2ffcae1ead0ab2cbe17b8f,69fded1162446148bd848cb2,Corporate Flooring Inc,Block Real Estate COI.pdf,,,processed,false,2026-06-17,,2027-02-27,2026-04-17,false,,,false,Auto - Owners,2026-06-15,,2026-07-26
"Block Real Estate Services, LLC",6a42a46f62bbed81ea5611a1,69fded1162446148bd848cbb,"Cosentino, Group, Inc. / Associated Wholesale Grocers, Inc.",Cosentino Group COI Mill Street Station LLC.pdf,,,processed,false,2026-06-30,,2027-05-01,2026-05-01,false,,,false,"Sentry Insurance Company; XL Specialty Insurance Company; Fireman's Fund Insurance Company; National Union Fire Insurance Company of Pittsburgh, Pa.; Sentry Casualty Company; National Union Fire Insurance Company of Louisiana",2026-06-29,,2026-07-26
"Block Real Estate Services, LLC",6a4eb426bc03800db2d4eb82,69fded1162446148bd848cbe,"Costco-Innovel Properties, LLC (fka Sears Logistics Service, Inc.)",cert_SEA_c_o Block Real Estate Services_ LLC_4242932_1.pdf,,,processed,false,2026-07-13,,2026-09-05,2026-07-08,false,,,false,Safety National Casualty Corporation; Fireman's Fund Indemnity Corporation,2026-07-08,,2026-07-26
"Block Real Estate Services, LLC",6a55572afcd6b574294a5877,69fded1162446148bd848cbe,"Costco-Innovel Properties, LLC (fka Sears Logistics Service, Inc.)",Lease - kci291 - Costco.pdf,,,processed,false,2026-07-13,,,,false,,,false,,2026-07-13,,2026-07-26
"Block Real Estate Services, LLC",6a55572bfcd6b574294a5897,69fded1162446148bd848cbe,"Costco-Innovel Properties, LLC (fka Sears Logistics Service, Inc.)",Lease - kci291 - Costco 5th Amend.pdf,,,processed,false,2026-07-13,,,,false,,,false,,2026-07-13,,2026-07-26
"Block Real Estate Services, LLC",6a42d16b95bcb4d172ad598b,69fded1262446148bd848cc1,"Covisian CTX, LLC (fka RGMI Consultant / Centrinex, LLC)","c_o Block Real Estate Services, LLC, Kansas City, MO, 64112, 06_29_2026(1).pdf",,,processed,false,2026-06-30,,2027-06-01,2026-06-29,false,,,false,Cincinnati Insurance Company; Convex Insurance UK Limited,2026-06-29,,2026-07-26
"Block Real Estate Services, LLC",6a42d16d95bcb4d172ad59a9,69fded1262446148bd848cc1,"Covisian CTX, LLC (fka RGMI Consultant / Centrinex, LLC)","c_o Block Real Estate Services, LLC, Kansas City, MO, 64112, 06_29_2026.pdf",,,processed,false,2026-06-30,,2027-06-01,2026-06-29,false,,,false,Cincinnati Insurance Company; Convex Insurance UK Limited,2026-06-29,,2026-07-26
"Block Real Estate Services, LLC",6a3c297da903d57194cee9b6,69fded1262446148bd848cc4,"Ameriprise Financial Services, LLC / Respective Wealth / Schenck, Thompson & Associates, LLC (fka Creative Collaboration)",CERTIFICATE OF INSURANCE (COI) 26.6.24.pdf,,,processed,false,2026-06-25,,2027-06-08,2026-06-24,false,,,false,Hartford Underwriters Insurance Company; Hartford Insurance Company of the Southeast,2026-06-24,,2026-07-26
"Block Real Estate Services, LLC",6a43d54504ca7701e3da69e3,69fded1262446148bd848cc4,"Ameriprise Financial Services, LLC / Respective Wealth / Schenck, Thompson & Associates, LLC (fka Creative Collaboration)",Cert of Ins - Block '26 renewal.pdf,,,processed,false,2026-06-30,,2027-06-08,2026-06-30,false,,,false,Hartford Underwriters Insurance Company; Hartford Insurance Company of the Southeast,2026-06-30,,2026-07-26
"Block Real Estate Services, LLC",6a330a0eca0531aad700c5a0,69fded1262446148bd848cc7,Creative Consumer Concepts Inc,"Updated CO BLOCK REAL ESTATE SERVICES, LLC.pdf",,,processed,false,2026-06-18,,2026-12-01,2025-11-25,false,,,true,Great American E & S Insurance Company; Trumbull Insurance Company; Twin City Fire Insurance Company; Hartford Fire Insurance Company,2026-06-17,,2026-07-26
"Block Real Estate Services, LLC",6a3a88ea1174d1adb3015007,69fded1262446148bd848cca,"Crescent Electric Supply Company, Inc.",Block Real Estate Services_Crescent Electric Supply Company_2526 REGULAR_6-22-2026_1834036507.pdf,,,processed,false,2026-06-23,,2026-10-01,2026-06-22,false,,,false,Amerisure Mutual Insurance Company; Amerisure Mutual Insurance Company; Great American Insurance Company; Homeland Insurance Company of New York; Amerisure Insurance Company; Lloyd's,2026-06-23,,2026-07-26
"Block Real Estate Services, LLC",6a4eb1f0c4f53220af8d6a52,69fded1262446148bd848ceb,Dairy Farmers of America Inc,DFA Lenexa Warehouse - COI (Updated).pdf,,,processed,false,2026-07-13,,2026-10-01,2026-07-09,false,,,false,"National Union Fire Insurance Co. Of Pittsburgh , PA; AIU Insurance Company",2026-07-08,,2026-07-26
"Block Real Estate Services, LLC",6a3e99f685fd97a7c8d426e2,69fded1262446148bd848cf1,"Retail Data Systems of KC (RDS) / Data Systems, Inc.","PERG BUILDINGS, LLC c_o Block Real Estate Services- COI.pdf",,,processed,false,2026-06-30,,2027-06-15,2026-06-24,false,,,false,The Phoenix Insurance Company; Travelers Property Casualty Company of America; Travelers Casualty and Surety Company of America; At-Bay Specialty Insurance Company; The Charter Oak Fire Insurance Company,2026-06-26,,2026-07-26
"Block Real Estate Services, LLC",6a47af6708adbeeac4a4754b,69fded1362446148bd848d15,Green Leaf Dispensary / DineShkumar P. Patel & Jingeshkumar D. Patel,GRC_Moberly_LLC_dba_Amaze_Cannabis_Green_Releaf_Dispensary_-_PL_-_25-26_-_PEQSPL001710-00 (1).pdf,,,processed,false,2026-07-06,,2026-11-21,,false,,,false,Palomar Excess and Surplus Insurance Company,2026-07-03,,2026-07-26
"Block Real Estate Services, LLC",6a0725319839a89d50e8ac80,69fded1362446148bd848d2d,"Perry Plaza Dental / Dr. Darren Perry, DDS",AUTOMATICRENEWALCERTIFICATE15.Pdf,,,processed,false,2026-06-02,,2026-09-27,,false,,,false,,2026-05-15,,2026-07-26
"Block Real Estate Services, LLC",6a0720af9945fee35b85225b,69fded1362446148bd848d1e,"Dollar General / Dolgencorp, Inc.",dollargeneral.pdf,,,processed,false,2026-06-02,,2027-02-10,2026-02-06,false,,,false,ACE American Insurance Company; Indemnity Insurance Company of North America; ACE Property and Casualty Insurance Company; ACE Fire Underwriters Insurance Company,2026-05-15,,2026-07-26
"Block Real Estate Services, LLC",6a42b04462bbed81ea5611f6,69fded1362446148bd848d60,Emerson Ecologics LLC,"Block Real Estate Services, LLC_Fullscript, Inc._26-27 GL, Products, CUM, _6-29-2026_279567711.pdf",,,processed,false,2026-06-30,,2027-03-01,2026-06-29,false,,,false,Federal Insurance Company; Chubb National Insurance Company,2026-06-29,,2026-07-26
"Block Real Estate Services, LLC",6a28545e0b231d12238089c1,69fded1362446148bd848d5d,Elysian Salon and Spa LLC,Updated Certificate 2026.pdf,,,processed,false,2026-06-10,,2026-12-05,2026-06-09,false,,,false,State Farm Fire and Casualty Company,2026-06-09,,2026-07-26
"Block Real Estate Services, LLC",6a29b9f66b36130833e2f81c,69fded1362446148bd848d5d,Elysian Salon and Spa LLC,Updated Certificate 2026.pdf,,,processed,false,2026-06-10,,2026-12-05,2026-06-09,false,,,false,State Farm Fire and Casualty Company; INSURER D,2026-06-10,,2026-07-26
"Block Real Estate Services, LLC",6a470236b96533e35defdba9,69fded1462446148bd848d78,Erin McCandless Massage,ABMP.pdf,,,processed,false,2026-07-06,,2026-11-22,,false,,,false,,2026-07-03,,2026-07-26
"Block Real Estate Services, LLC",6a3ea13ca83126525e6961fb,69fded1462446148bd848d8a,F & M Traders LLC,37SBAAM9TZ9.pdf,,,processed,false,2026-06-30,,2026-09-01,2026-06-26,false,,,false,Hartford Underwriters Insurance Company,2026-06-26,,2026-07-26
"Block Real Estate Services, LLC",6a28308fda52b0ee99d2ebb7,69fded1462446148bd848d9c,"Daley & Fey, LLP",26-27 Renewal - Insureds Copy.pdf,,,processed,false,2026-06-11,,2027-01-01,,false,,,false,,2026-06-09,,2026-07-26
"Block Real Estate Services, LLC",6a498a05f9eedea5ee36c5d3,69fded1462446148bd848d9c,"Daley & Fey, LLP",25-26 Renewal - WC - Insureds Copy.pdf,,,processed,false,2026-07-09,,2026-11-10,,false,,,false,CNA Casualty of California,2026-07-04,,2026-07-26
"Block Real Estate Services, LLC",6a4e5efbbc03800db2d4e648,69fded1462446148bd848d99,FedEx/Kinko's,"0002-Brixmor Property Group Inc. &_4381321_FedEx Office and Print Services, Inc. (1).pdf",,,processed,false,2026-07-08,,2026-10-01,2025-09-24,false,,,false,Old Republic Insurance Company; ACE American Insurance Company; Indemnity Insurance Company of North America,2026-07-08,,2026-07-26
"Block Real Estate Services, LLC",6a5532e221f86634e8b19b7b,69fded1462446148bd848d99,FedEx/Kinko's,Lease - tic827 - FedEx Kinkos.PDF,,,processed,false,2026-07-14,,,,false,,,false,,2026-07-13,,2026-07-26
"Block Real Estate Services, LLC",6a05ea571f712c628e4371ea,69fded1562446148bd848dc3,"Fresenius Medical Care - Pittsburg Midwest Dialysis / Fort Scott Regional Dialysis Center, Inc.",5701171733901.pdf,,,processed,false,2026-06-01,,2026-12-31,2025-12-22,false,,,false,"The Continental Insurance Company; American Casualty Company of Reading, Pennsylvania; Transportation Insurance Company; Continental Casualty Company; Fresenius Medical Care Risk Mgmt . Group ,",2026-05-14,,2026-07-26
"Block Real Estate Services, LLC",6a05e5a1d9aed916f09c2e7c,69fded1662446148bd848e1a,"Patio Enclosures / Great Day Improvements, LLC",2026PineRidgeLiabilityCOI.pdf,,,processed,false,2026-06-01,,2027-01-01,2026-01-05,false,,,false,Liberty Mutual Insurance Company; Indemnity National Insurance Company,2026-05-14,,2026-07-26
"Block Real Estate Services, LLC",6a5a5316e01184066f4af8b1,69fded1662446148bd848e35,H M Cragg Co,"College Crossing Associates LLC_H. M. Cragg Co_26-27  GL, WC & Umb _6-30-2026_1965003679.pdf",,,processed,false,2026-07-17,,2027-07-01,2026-06-30,false,,,false,The Charter Oak Fire Insurance Company; Travelers Property Casualty Company of America,2026-07-17,,2026-07-26
"Block Real Estate Services, LLC",6a31c9cc77799616d66ce396,69fded1662446148bd848e3e,"Harbor Freight Tools USA, Inc",574 COI.pdf,,,processed,false,2026-06-17,,2026-09-01,2025-09-03,false,,,false,ACE American Insurance Company; ACE Property and Casualty Insurance Company,2026-06-16,,2026-07-26
"Block Real Estate Services, LLC",6a18a7bc53ab917b1e71ccc9,69fded1662446148bd848e38,"H&R Block Eastern Tax Svc., Inc. / H&R Block 24167","H&R BLOCK EASTERN TAX SVC., INC. H&R BLOCK 24167 - 1811 E. North Avenue, Belton.pdf",,,processed,false,2026-06-02,,2027-05-01,2026-04-24,false,,,false,Continental Casualty Company; Liberty Mutual Fire Insurance Company; Liberty Insurance Corporation,2026-05-28,,2026-07-26
"Block Real Estate Services, LLC",6a3d88ecf08a13c0c880710d,69fded1762446148bd848e4a,Healthy Meals Inc,Healthy Meals Block 2026(1).pdf,,,processed,false,2026-06-30,,2026-02-06,2026-06-12,false,,,false,Next Insurance US Company; Progressive Advanced Insurance Company,2026-06-25,,2026-07-26
"Block Real Estate Services, LLC",6a592fefa8d82ac3668e4d6a,69fded1762446148bd848e4a,Healthy Meals Inc,Block 2026 Updated.pdf,,,processed,false,2026-07-17,,2027-02-06,2026-07-16,false,,,false,Next Insurance US Company; Progressive Advanced Insurance Company,2026-07-16,,2026-07-26
"Block Real Estate Services, LLC",6a5e4979fffb44ac3fc4c3d2,69fded1762446148bd848e4a,Healthy Meals Inc,Waiver-07/20/2026.msg,,,new,false,2026-07-20,,,,false,,,true,,2026-07-20,,2026-07-26
"Block Real Estate Services, LLC",6a50f3b73077efcb694b72d0,69fded1762446148bd848e4d,Wright/Laird Casting / Heather Laird,BOP_ACORD_C_oBlockRealEstateServicesLLC_07_06_2026_P106419759-3800115457156.PDF,,,processed,false,2026-07-14,,2027-04-10,2026-07-06,false,,,false,Hiscox Insurance Company Inc.,2026-07-10,,2026-07-26
"Block Real Estate Services, LLC",6a26ec5acaa475a046205336,69fded1762446148bd848e59,Hensley Electric Inc,Certificate (8).pdf,,,processed,false,2026-06-10,,2026-10-09,2026-06-08,false,,,false,SECURA Insurance Company; Vela Insurance,2026-06-08,,2026-07-26
"Block Real Estate Services, LLC",6a2ac243e28f42264227168b,69fded1762446148bd848e59,Hensley Electric Inc,"2026 Hensley Electric, Inc. COI - co Block Real Estate Services, LLC.pdf",,,processed,false,2026-06-15,,2026-10-09,2026-06-11,false,,,false,SECURA Insurance Company; Vela Insurance,2026-06-11,,2026-07-26
"Block Real Estate Services, LLC",6a3bf41b33fe3726a48fa1dd,69fded1762446148bd848e5f,"Hibbett Sports / Hibbett Retail, Inc.",cert_ATL_Northgate Associates_ LLC_6175629_3.pdf,,,processed,false,2026-06-25,,2026-09-01,2026-06-20,false,,,false,Arch Insurance Company; Arch Indemnity Insurance Company; Affiliated FM Insurance Company,2026-06-24,,2026-07-26
"Block Real Estate Services, LLC",6a515d04aa8908124e4b4694,69fded1762446148bd848e68,Hoefer Welker LLC,COI FOR BLOCK REAL ESTATE SERVICES 16593527.pdf,,,processed,false,2026-07-14,,2027-02-12,2026-07-10,false,,,false,The Phoenix Insurance Company; Travelers Property Casualty Company of America; Lexington Insurance Company,2026-07-10,,2026-07-26
"Block Real Estate Services, LLC",6a5514483d632943fbf440bc,69fded1762446148bd848e71,Hughes Machinery Company,PERG Building LLC-570120214537.pdf,,,processed,false,2026-07-14,,2027-06-01,2026-05-27,false,,,false,ACE American Insurance Company; ACE Property and Casualty Insurance Company,2026-07-13,,2026-07-26
"Block Real Estate Services, LLC",6a3415c20f8d07d45488f201,69fded1762446148bd848e6b,"Horizon PSI / Horizon Systems, Inc.","Perg Buildings, LLC Corrected.pdf",,,processed,false,2026-06-22,,2027-03-01,2026-06-14,false,,,false,Valley Forge Insurance Company; The Continental Insurance Company; Lloyds of London,2026-06-18,,2026-07-26
"Block Real Estate Services, LLC",6a301125b7970f3c499961be,69fded1762446148bd848e6e,Hot Dog Design LLC,HotDog-COI-workmans-comp.pdf,,,processed,false,2026-06-17,,2027-02-08,2026-02-07,false,,,false,National Specialty Insurance Company,2026-06-15,,2026-07-26
"Block Real Estate Services, LLC",6a30114e09f375dfb856f224,69fded1762446148bd848e6e,Hot Dog Design LLC,State-Farm-Binder of Insurance.pdf,,,processed,false,2026-06-17,,2027-02-24,,false,,,false,State Farm Fire and Casualty Company,2026-06-15,,2026-07-26
"Block Real Estate Services, LLC",6a63df77bf74d0d11c7f3617,69fded1762446148bd848e6e,Hot Dog Design LLC,Justin Wieners - COI for Block.pdf,,,processed,false,,,2027-02-24,2026-07-23,false,,,false,State Farm Fire and Casualty Company,2026-07-24,,2026-07-26
"Block Real Estate Services, LLC",6a05f629ca42782ea34e9d06,69fded1762446148bd848e74,Husqvarna Construction Products North America Inc,4-29-2026COI.pdf,,,processed,false,2026-06-03,,2027-05-01,2026-04-28,false,,,false,Millhouse Insurance Company; Liberty Mutual Fire Insurance Company; LM Insurance Corporation,2026-05-14,,2026-07-26
"Block Real Estate Services, LLC",6a3d3c24035235ff667a84ae,69fded1762446148bd848e77,Hyalogic LLC,Revised Certificate.pdf,,,processed,false,2026-06-25,,2027-05-19,2026-06-25,false,,,false,Certain Underwriters at Lloyds of London; Employers Preferred Insurance Company,2026-06-25,,2026-07-26
"Block Real Estate Services, LLC",6a3d7354f08a13c0c8807031,69fded1762446148bd848e77,Hyalogic LLC,Hyalogic LLC - KCIP Riverside LLC-Platte Valley REVISED CERT.pdf,,,processed,false,2026-06-25,,2027-05-19,2026-06-25,false,,,false,CONTINENTAL CASUALTY CO; Employers Preferred Insurance Company,2026-06-25,,2026-07-26
"Block Real Estate Services, LLC",6a3d920d540c4e7a799a0485,69fded1762446148bd848e77,Hyalogic LLC,Hyalogic LLC - KCIP Riverside LLC-Platte Valley REVISED CERT.pdf,,,processed,false,2026-06-30,,2027-05-19,2026-06-25,false,,,false,CONTINENTAL CASUALTY CO; Employers Preferred Insurance Company,2026-06-25,,2026-07-26
"Block Real Estate Services, LLC",6a4bd8e6e300a9bf74f56503,69fded1762446148bd848e77,Hyalogic LLC,Hyalogic - KCIP Reissued Cert.pdf,,,processed,false,2026-07-06,,2027-05-19,2026-07-06,false,,,false,CONTINENTAL CASUALTY CO; Employers Preferred Insurance Company,2026-07-06,,2026-07-26
"Block Real Estate Services, LLC",6a3d78e5f08a13c0c880704e,69fded1762446148bd848e89,Inspire Therapy LLC,Amtrust COI.pdf,,,processed,false,2026-06-30,,2027-02-12,,false,,,false,"Technology Insurance Company, Inc.",2026-06-25,,2026-07-26
"Block Real Estate Services, LLC",6a3d78e7f08a13c0c8807089,69fded1762446148bd848e89,Inspire Therapy LLC,AICertificate_Block Real Estate Services LLC 1.pdf,,,processed,false,2026-06-30,,2027-03-28,,false,,,false,Philadelphia Indemnity Insurance Company,2026-06-25,,2026-07-26
"Block Real Estate Services, LLC",6a57f7880b9ad2deddc2976e,69fded1762446148bd848e83,"Xerox / Image Quest, Inc.",c_oBlockRealEstateServices_W47275736.pdf,,,processed,false,2026-07-21,,2027-01-01,2026-07-15,false,,,false,ACE American Insurance Company; ACE Property and Casualty Insurance Company,2026-07-15,,2026-07-26
"Block Real Estate Services, LLC",6a60f6f65801cfb60ca31af6,69fded1762446148bd848e83,"Xerox / Image Quest, Inc.",Lease - cck640 - Xerox Image Quest.pdf,,,processed,false,2026-07-22,,,,false,,,false,,2026-07-22,,2026-07-26
"Block Real Estate Services, LLC",6a05e812fe7b4a8a0361eb0a,69fded1762446148bd848e86,Infinity Fasteners Inc,rtreter.pdf,,,processed,false,2026-06-01,,2027-02-01,,false,,,false,,2026-05-14,,2026-07-26
"Block Real Estate Services, LLC",6a26c5b57f54c7a808caeac2,69fded1862446148bd848e98,"JACO / JACO General Contractor, Inc.","BLOCK REAL ESTATE SERVICES, LLC 23603386.pdf",,,processed,false,2026-06-08,,2026-11-01,2026-06-05,false,,,false,Hartford Casualty Insurance Company; Trumbull Insurance Company; National Fire Insurance Company of Hartford; Hartford Accident and Indemnity Company,2026-06-08,,2026-07-26
"Block Real Estate Services, LLC",6a2c0de40628b2237ea885d8,69fded1862446148bd848e9e,"Janette Brown Insurance Agency, LLC (Farmer's Insurance)",Tyler Brown Agency_Certificate of Liability Insurance.pdf,,,processed,false,2026-06-15,,2027-03-19,2026-06-12,false,,,false,Truck Insurance Exchange; Farmers Insurance Exchange; Mid-Century Insurance Company; Fire Insurance Exchange,2026-06-12,,2026-07-26
"Block Real Estate Services, LLC",6a3d7af9919a57cb6c1f875d,69fded1862446148bd848eaa,Jimmy John's,"Oak Park KS, LLC_(34485)_Acord25.pdf",,,processed,false,2026-06-25,,2027-05-27,2026-06-25,false,,,false,Intrepid Insurance Company; Intrepid Specialty Insurance Company,2026-06-25,,2026-07-26
"Block Real Estate Services, LLC",6a28344f1b3591a22e40d141,69fded1862446148bd848ea4,"Proforma Idology Marketing Group / JES Business Solutions, LLC",JES Block 2025-2026.PDF,,,processed,false,2026-06-11,,2026-11-01,2026-06-09,false,,,false,USLI - United States Liability Insurance,2026-06-09,,2026-07-26
"Block Real Estate Services, LLC",6a2c134e14fe6fd29725e9c7,69fded1862446148bd848ea4,"Proforma Idology Marketing Group / JES Business Solutions, LLC",EIG141064114-Endorsement Issued - Chg Billing Plan.pdf,,,processed,false,2026-06-15,,2026-11-01,,false,,,false,,2026-06-12,,2026-07-26
"Block Real Estate Services, LLC",6a610ee03d7c8f1b1ccd4153,69fded1862446148bd848ea7,"Jetalum Windows & Doors / JetAlum, LLC",Block Real Estate Services LLC.pdf,,,processed,false,,,,,false,,,false,,2026-07-22,,2026-07-26
"Block Real Estate Services, LLC",6a22feb5b0c1404bfda217e1,69fded1862446148bd848ead,"Pinches / JLJ Holdings, LLC",Insurance COI JLJ.pdf,,,processed,false,2026-06-08,,2026-10-01,2026-06-05,false,,,false,Hartford Insurance Company of the Southeast,2026-06-05,,2026-07-26
"Block Real Estate Services, LLC",6a22ff2cb0c1404bfda217ff,69fded1862446148bd848ead,"Pinches / JLJ Holdings, LLC",PT Liability.pdf,,,processed,false,2026-06-08,,2026-11-26,2025-11-26,false,,,false,Starr Indemnity & Liability Company,2026-06-05,,2026-07-26
"Block Real Estate Services, LLC",6a2333a6a234618b199e4caa,69fded1862446148bd848ebf,Kababs,Kababs COI WC.pdf,,,processed,false,2026-06-08,,2027-04-10,2026-06-05,false,,,false,Property and Casualty Insurance Company of Hartford,2026-06-05,,2026-07-26
"Block Real Estate Services, LLC",6a5a45d495f24ba6c2d723af,69fded1862446148bd848ed4,WinAir,"Block Real Estate Services, LLC_Winsupply Lenexa KS Co._2025-26 Winsupply Master_7-17-2026_1498305093.pdf",,,processed,false,2026-07-22,,2026-10-01,2026-07-17,false,,,false,Sentry Insurance Company; Sentry Casualty Company; Lexington Insurance Company,2026-07-17,,2026-07-26
"Block Real Estate Services, LLC",6a4bc13a34844debcaaebb39,69fded1862446148bd848ed7,Kansas Gas Co,"25-26 Ren'l - 3737 Investors, LLC and Dean W. Lawrence.pdf",,,processed,false,2026-07-06,,2026-11-01,2025-10-21,false,,,false,Everest National Insurance Company; Old Republic Insurance Company,2026-07-06,,2026-07-26
"Block Real Estate Services, LLC",6a05e55dfeb0a066655b8ed2,69fded1962446148bd848ee6,"Kawneer Company, Inc.",Cert26-27.pdf,,,processed,false,2026-06-01,,2027-04-01,2026-04-09,false,,,false,"National Union Fire Insurance Company of Pittsburgh, Pa.; AIU Insurance Company; Zurich American Insurance Company",2026-05-14,,2026-07-26
"Block Real Estate Services, LLC",6a31b0e7421d720267e63cd5,69fded1962446148bd848f0d,Landmarc Environmental Systems LLC,Weaver Consultants Group - Block Real Estate Services LLC - 26061536747556 - 570120978707.pdf,,,processed,false,2026-06-17,,2027-05-01,2026-06-16,false,,,false,New Hampshire Insurance Company; Navigators Specialty Insurance Company; AIU Insurance Company,2026-06-16,,2026-07-26
"Block Real Estate Services, LLC",6a57d20d868dd55ecda5723a,69fded1a62446148bd848f3a,"Lynk, Inc.",Lynk Workmans Comp 76WEGDR6753.pdf,,,processed,false,2026-07-21,,2027-05-17,2026-07-15,false,,,false,Hartford Accident and Indemnity Company,2026-07-15,,2026-07-26
"Block Real Estate Services, LLC",6a5934a71d9ce7620fc2608e,69fded1a62446148bd848f3a,"Lynk, Inc.",26-27 Block Real Estate Services.pdf,,,processed,false,2026-07-21,,2027-05-17,,false,,,false,ACE Property and Casualty Insurance Company; Bankers Standard Insurance Company,2026-07-16,,2026-07-26
"Block Real Estate Services, LLC",6a4bba455bdbb873e90ba26d,69fded1a62446148bd848f43,Magnum Systems Inc,"26-27 EOP - Block Real Estate Services, LLC.pdf",,,processed,false,2026-07-09,,2027-01-31,2026-07-06,false,,,false,"Hartford Fire Insurance Company
One Hartford Plaza
Hartford , CT 06155-0001",2026-07-06,,2026-07-26
"Block Real Estate Services, LLC",6a509a2267ec7d66154090e2,69fded1a62446148bd848f43,Magnum Systems Inc,"26-27 Master - Block Real Estate Services, LLC.pdf",,,processed,false,2026-07-13,,2027-01-31,2026-07-06,false,,,true,Hartford Fire Insurance Company; Trumbull Insurance Company; Hartford Casualty Insurance Company; Rated By Multiple Companies ( Hartford Fire & Its P & C Affiliates ); Navigators Specialty Insurance Company,2026-07-10,,2026-07-26
"Block Real Estate Services, LLC",6a2dada730f44d51aca8df30,69fded1a62446148bd848f55,"Bistro / Marcie, Inc.",PolicyPackage_CSB-00189578-01 (2).pdf,,,processed,false,2026-06-25,,,,false,,,false,,2026-06-13,,2026-07-26
"Block Real Estate Services, LLC",6a43e12ad1b03a7ae56a1365,69fded1a62446148bd848f55,"Bistro / Marcie, Inc.",CERT FOR BLOCK REAL ESTATE SERVICES 6-26.pdf,,,processed,false,2026-06-30,,2026-09-01,,false,,,false,Spinnaker Insurance Company,2026-06-30,,2026-07-26
"Block Real Estate Services, LLC",6a5663c6070863dfb4dba817,69fded1a62446148bd848f55,"Bistro / Marcie, Inc.",ai-Block Real Estate Services LLC (2).pdf,,,processed,false,2026-07-15,,,,false,,,false,,2026-07-14,,2026-07-26
"Block Real Estate Services, LLC",6a5663d307a076d99c353d47,69fded1a62446148bd848f55,"Bistro / Marcie, Inc.",wos-Block Real Estate Services LLC (1).pdf,,,processed,false,2026-07-15,,,,false,,,false,,2026-07-14,,2026-07-26
"Block Real Estate Services, LLC",6a30b70b646087042c34d9ed,69fded1b62446148bd848f9a,"510 Counseling Group / Melissa Winston, LLC",N8WC571044-ACORDAPP25-C.PDF,,,processed,false,2026-06-17,,2027-06-06,2026-06-15,false,,,false,Berkshire Hathaway Direct Insurance Company,2026-06-16,,2026-07-26
"Block Real Estate Services, LLC",6a56b432c7f0a9f6b9dd780d,69fded1b62446148bd848f9a,"510 Counseling Group / Melissa Winston, LLC",-011-N8BP578018 - COI BLOCK[4 docs](To Me - Email (15803)).pdf,,,processed,false,2026-07-15,,2027-06-06,2026-07-09,false,,,false,Berkshire Hathaway Direct Insurance Company,2026-07-14,,2026-07-26
"Block Real Estate Services, LLC",6a5a4eec75d581809e567904,69fded1b62446148bd848fac,"Midland Steel Erection, LLC","Riverside Industrial Center Investment, LLC_Midland Steel Erection, LLC_Erection GLAUUM  26-27_3-25-2026_703165017.pdf",,,processed,false,2026-07-17,,2027-01-01,2026-03-25,false,,,false,Employers Mutual Casualty Company; The Burlington Insurance Company; Bearing Midwest Casualty Company,2026-07-17,,2026-07-26
"Block Real Estate Services, LLC",6a5a4f06e01184066f4af892,69fded1b62446148bd848fac,"Midland Steel Erection, LLC","Riverside Industrial Center Investment, LLC_Midland Steel Erection, LLC_Erection GLAUUM  26-27_3-25-2026_703165017.pdf",,,processed,false,2026-07-17,,2027-01-01,2026-03-25,false,,,false,Employers Mutual Casualty Company; The Burlington Insurance Company; Bearing Midwest Casualty Company,2026-07-17,,2026-07-26
"Block Real Estate Services, LLC",6a5e60765cde91549298d302,69fded1b62446148bd848fc1,"Ingersol Rand / Milton Roy, LLC",Ingersoll Rand Inc - Block Real Estate Services LLC - 26071037043810 - 570121811554.pdf,,,processed,false,2026-07-22,,2027-03-01,2026-07-13,false,,,false,Zurich American Insurance Company; American Zurich Insurance Company; ACE Property and Casualty Insurance Company,2026-07-20,,2026-07-26
"Block Real Estate Services, LLC",6a5a6e1095f24ba6c2d72497,69fded1c62446148bd848ffd,"New Cingular Wireless PCS, LLC",MOI EXP 06.01.27.pdf,,,processed,false,2026-07-20,,2027-06-01,,false,,,false,,2026-07-17,,2026-07-26
"Block Real Estate Services, LLC",6a18ac02462ef1e78eb4fadf,69fded1d62446148bd849072,People First Network of Kansas LLC,NOT FOUND - Peoples First Netweork of KS LLC.pdf,,,processed,false,2026-06-01,,2026-02-20,2026-02-23,false,,,false,West Bend Insurance Company; FirstComp Insurance Company,2026-05-28,,2026-07-26
"Block Real Estate Services, LLC",6a316919b1b5f77cae90f0a0,69fded1d62446148bd84906f,Penske Truck Leasing Co LP,Platte Valley COI 26-27 Updated.pdf,,,processed,false,2026-06-30,,2027-01-01,,false,,,false,Old Republic Insurance Company,2026-06-16,,2026-07-26
"Block Real Estate Services, LLC",6a05e8421f712c628e42e3a0,69fded1d62446148bd849081,"ICON / PRA Health Sciences / Pharmaceutical Research Associates, Inc.",CollegeCrossingJ154723.pdf,,,processed,false,2026-06-01,,2026-06-01,2025-05-30,false,,,false,Federal Insurance Company; Great Northern Insurance Company; ACE American Insurance Company,2026-05-14,,2026-07-26
"Block Real Estate Services, LLC",6a32baeb4f89dc4a36d32867,69fded1e62446148bd84908d,"Servpro / Piat, Inc.","co Block Real Estate Services, LLC._25-26 Standard- PIAT (1).pdf",,,processed,false,2026-06-17,,2026-07-01,2026-06-17,false,,,false,Capitol Specialty Insurance Corporation; Continental Casualty Company; The Cincinnati Casualty Company; Waypoint Mutual,2026-06-17,,2026-07-26
"Block Real Estate Services, LLC",6a3ea341c440b3797746b7c8,69fded1e62446148bd8490cf,Pulse Design Group,"Block Real Estate Services LLC_Pulse Design Group, Inc._26-27 GAUWP_6-26-2026_1733011510.pdf",,,processed,false,2026-06-30,,2027-01-01,2026-06-26,false,,,false,Hartford Underwriters Insurance Company; XL Specialty Insurance Company,2026-06-26,,2026-07-26
"Block Real Estate Services, LLC",6a55019a21f86634e8b199c9,69fded1f62446148bd8490d8,R & R Communications Inc,GLP1092006_2027-08-07_P02CP0000665492000_POLICY_Other_.pdf (SECURED).pdf,,,processed,false,2026-07-15,,2026-08-07,,false,,,false,Midvale Indemnity Company,2026-07-13,,2026-07-26
"Block Real Estate Services, LLC",6a5800662ff1568432c9253f,69fded1f62446148bd8490d8,R & R Communications Inc,LEASE - prg805 - R & R Communications Inc.pdf,,,processed,false,2026-07-15,,,,false,,,false,,2026-07-15,,2026-07-26
"Block Real Estate Services, LLC",6a6399069fd4fabc2d008a75,69fded1f62446148bd8490d8,R & R Communications Inc,WCP1002202_2027-05-24_P02WK0000019072002_POLICY_WC_.pdf (SECURED).pdf,,,processed,false,,,,,false,,,false,,2026-07-24,,2026-07-26
"Block Real Estate Services, LLC",6a566542920c7c777ab3acec,69fded2062446148bd84913e,Security Data Supply,Certificate of Insurance.pdf,,,processed,false,2026-07-14,,2027-01-30,2026-07-14,false,,,false,Hartford Underwriters Insurance Company; Nutmeg Insurance Company,2026-07-14,,2026-07-26
"Block Real Estate Services, LLC",6a5f8d84327842f98dd72b31,69fded2062446148bd84914d,"SERC Physical Therapy / SERC Rehabilitation Partners, LLC","15387943 KCIP Riversite LLC_Platte Valley Investment, LLC - Riverside MO 121.pdf",,,processed,false,2026-07-22,,2027-07-01,2026-06-23,false,,,false,TDC Specialty Insurance Company; Trumbull Insurance Company; Coverys Specialty Insurance Company; Hartford Underwriters Insurance Company; Hartford Fire Insurance Company,2026-07-21,,2026-07-26
"Block Real Estate Services, LLC",6a5f9569327842f98dd72bbf,69fded2062446148bd84914d,"SERC Physical Therapy / SERC Rehabilitation Partners, LLC",DEVONSHIRE SHOPS LLC 14607518 - Olathe KS 119.pdf,,,processed,false,2026-07-22,,2027-07-01,2026-07-21,false,,,false,TDC Specialty Insurance Company; Trumbull Insurance Company; Coverys Specialty Insurance Company; Hartford Underwriters Insurance Company; Hartford Fire Insurance Company,2026-07-21,,2026-07-26
"Block Real Estate Services, LLC",6a63a0d3bf74d0d11c7f35e0,69fded2062446148bd84914d,"SERC Physical Therapy / SERC Rehabilitation Partners, LLC",DEVONSHIRE SHOPS LLC 14607518 - Olathe KS 119.pdf,,,processed,false,,,2027-07-01,2026-07-21,false,,,false,TDC Specialty Insurance Company; Trumbull Insurance Company; Coverys Specialty Insurance Company; Hartford Underwriters Insurance Company; Hartford Fire Insurance Company,2026-07-24,,2026-07-26
"Block Real Estate Services, LLC",6a57ced9ea44ae7749bef1d9,69fded2162446148bd849180,Sobriety First,Certificate (85).pdf,,,processed,false,2026-07-15,,2027-01-13,2026-07-15,false,,,false,"Acuity, A Mutual Insurance Company",2026-07-15,,2026-07-26
"Block Real Estate Services, LLC",6a636a3bba0418f566ac5bbe,69fded2162446148bd849180,Sobriety First,Certificate.pdf,,,processed,false,,,2027-01-13,2026-07-23,false,,,false,"Acuity, A Mutual Insurance Company",2026-07-24,,2026-07-26
"Block Real Estate Services, LLC",6a50161d6f4e542927b3a358,69fded2162446148bd8491a1,"Spirit Haven / SSB, LLC",ssb coli.pdf,,,processed,false,2026-07-13,,2027-01-08,2026-07-09,false,,,false,Auto-Owners Insurance Company,2026-07-09,,2026-07-26
"Block Real Estate Services, LLC",6a3415063a28b57599a17cd8,69fded2162446148bd8491bc,Stratus Surfaces LLC,"26-27 Master COI - Block Real Estate Services, LLC.pdf",,,processed,false,2026-06-22,,2027-05-01,2026-06-18,false,,,false,Employers Mutual Casualty Company,2026-06-18,,2026-07-26
"Block Real Estate Services, LLC",6a2c41f5be9dc56b33f0e996,69fded2262446148bd8491d7,"SPI Coatings / Superior Products International II, Inc.",Proof of GL insurance 26-27.pdf,,,processed,false,2026-06-15,,2027-01-01,,false,,,false,Capitol Specialty Insurance Corporation,2026-06-12,,2026-07-26
"Block Real Estate Services, LLC",6a4fb977f0ee70bc3c455be1,69fded2262446148bd8491e3,Tech Electronics of Kansas,"College Crossing CD, LLC_Tech Electronics of Kansas,LLC_26-27 MAIN GLI CAUT CUMB_7-8-2026_63430023.pdf",,,processed,false,2026-07-14,,2027-05-17,2026-07-08,false,,,false,Amerisure Insurance Company; Amerisure Mutual Insurance Company; Twin City Fire Insurance Company,2026-07-09,,2026-07-26
"Block Real Estate Services, LLC",6a34323e5d3c141fe2a9f0d1,69fded2262446148bd8491fb,Thai Chili Cuisine,Thai Chili Cuisine Dec.pdf,,,processed,false,2026-06-25,,,,false,,,false,,2026-06-18,,2026-07-26
"Block Real Estate Services, LLC",6a3bd8799af3fe11c9429684,69fded2262446148bd849210,The Peavey Corporation,8YL_The Peavey Corpo_Block Real Estate Service_167769326.pdf,,,processed,false,2026-06-25,,2027-07-01,2026-06-24,false,,,false,New Hampshire Insurance Company,2026-06-24,,2026-07-26
"Block Real Estate Services, LLC",6a512a129a50c31614a8c58f,69fded2262446148bd849210,The Peavey Corporation,Block Real Estate Services LLC_The Peavey Corporation_25-26 GAU_6-26-2026_1213003751. updated.pdf,,,processed,false,2026-07-14,,2026-09-27,2026-06-26,false,,,false,The Cincinnati Insurance Company; Kinsale Insurance Company,2026-07-10,,2026-07-26
"Block Real Estate Services, LLC",6a316206253ef23013c9682b,69fded2262446148bd849213,The Sunderland Foundation,2026-2027 Liability Policy.pdf,,,processed,false,2026-06-17,,2027-05-21,2026-06-16,false,,,false,Twin City Fire Insurance Company,2026-06-16,,2026-07-26
"Block Real Estate Services, LLC",6a316207253ef23013c96849,69fded2262446148bd849213,The Sunderland Foundation,2026-2027 WC Policy.pdf,,,processed,false,2026-06-17,,2027-05-21,2026-06-16,false,,,false,Trumbull Insurance Company,2026-06-16,,2026-07-26
"Block Real Estate Services, LLC",6a4438cfc96953958c04a414,69fded2362446148bd84922e,Torgeson Electric Company,Torgeson Electric Company Inc. COI KCIP Riverside.pdf,,,processed,false,2026-07-02,,2027-07-01,2026-06-24,false,,,false,Indian Harbor Insurance Company; Nationwide Property and Casualty Insurance Company; Nationwide Mutual Insurance Company; Horizon Midwest Casualty Company; Navigators Insurance Company,2026-06-30,,2026-07-26
"Block Real Estate Services, LLC",6a62261b0a4315bb2509b13e,69fded2362446148bd84922e,Torgeson Electric Company,"KCIP Riverside LLCPlatte Valley Investment L_Torgeson Electric Company, Inc._ACORD27 Loc #1 - BPP, Mi_6-24-2026_369910250.pdf",,,processed,false,,,2027-07-01,2026-06-24,false,,,false,Nationwide Insurance Company of America,2026-07-23,,2026-07-26
"Block Real Estate Services, LLC",6a62261c0a4315bb2509b15c,69fded2362446148bd84922e,Torgeson Electric Company,"KCIP Riverside, LLCPlatte Valley Investments_Torgeson Electric Company, Inc._GLAUUMXSPLNTE&OWC _6-24-2026_1235060595.pdf",,,processed,false,,,2027-07-01,2026-06-24,false,,,false,Indian Harbor Insurance Company; Nationwide Property and Casualty Insurance Company; Nationwide Mutual Insurance Company; Horizon Midwest Casualty Company; Navigators Insurance Company,2026-07-23,,2026-07-26
"Block Real Estate Services, LLC",6a062146b65dbfe9916d4fbe,69fded2362446148bd84925e,"Triton Stone Group/Triton Stone of Kansas City / Unique Stone Concepts, LLC",570118801739.pdf,,,processed,false,2026-06-02,,2027-04-01,2026-03-26,false,,,false,Zurich American Insurance Company; American Guarantee and Liability Insurance Company,2026-05-14,,2026-07-26
"Block Real Estate Services, LLC",6a55258a8f343040b1a1b492,69fded2462446148bd84927f,Var City Maintenance LLC,Certificate Insurance  - Perg Building 2026-2027.pdf,,,processed,false,2026-07-15,,2026-08-26,2026-07-13,true,low,<p>Lease requested from Block</p>,false,"General Insurance Company of America; The Ohio Casualty Insurance Company; American Casualty Company of Reading, Pennsylvania",2026-07-13,,2026-07-26
"Block Real Estate Services, LLC",6a42bee604ca7701e3da65f1,69fded2462446148bd8492cd,Xpress Stop 2 LLC / World of Spirits,IMG_6992.jpeg,,,processed,false,2026-06-30,,2027-04-25,,false,,,false,Auto-Owners Insurance Company,2026-06-29,,2026-07-26
"Block Real Estate Services, LLC",6a625b89f529169f537dff93,6a171003ee5ef0b8dcf522cf,"Pop! Vintage Furniture & Accessories, LLC",3118_001.pdf,,,processed,false,2026-07-23,,,,false,,,false,,2026-07-23,,2026-07-26
"Block Real Estate Services, LLC",6a625c030548cd9193c1f8c7,6a171003ee5ef0b8dcf522cf,"Pop! Vintage Furniture & Accessories, LLC",Lease - 3rd312 - Pop Vintage Furniture & Accessories.pdf,,,processed,false,2026-07-23,,,,false,,,false,,2026-07-23,,2026-07-26
"Block Real Estate Services, LLC",6a457d0232bd98d9bcfcb3f1,6a184fbc8bbe0a0890eb6a1d,"Home Depot U.S.A., Inc. (fka Interline Brands, Inc.)",cert_ATL_BK PROPERTIES_ LLC_5391873_49.pdf,,,processed,false,2026-07-06,,2027-03-01,2026-07-01,false,,,false,"Old Republic Insurance Company; National Union Fire Insurance Company of Pittsburgh, Pa.; AIU Insurance Company",2026-07-01,,2026-07-26
QTS Data Centers,6a3d49ec55eedc21633b2bb6,69f0f3c4beb6279e947be0da,"Clayco, Inc.",Quality Technology Services 101-07427.pdf,,,processed,false,2026-07-06,,2027-06-30,2026-06-25,false,,,false,"Zurich American Insurance Company; American Guarantee and Liability Insurance Company; XL Insurance America, Inc.; Steadfast Insurance Company",2026-06-25,,2026-07-26
QTS Data Centers,6a4ce0a76c479ddbf83cc3c1,69f0f3c4beb6279e947be0da,"Clayco, Inc.",Quality Technology Services 101-07427.pdf,,,processed,false,2026-07-09,,2027-06-30,2026-06-25,false,,,false,"Zurich American Insurance Company; American Guarantee and Liability Insurance Company; XL Insurance America, Inc.; Steadfast Insurance Company",2026-07-07,,2026-07-26
QTS Data Centers,6a4d114cbe83c795bff515ce,69f0f3c4beb6279e947be0da,"Clayco, Inc.",101-08424 Quality Technology Services LLC.pdf,,,processed,false,2026-07-09,,2027-06-30,2026-07-07,false,,,false,"Zurich American Insurance Company; American Guarantee and Liability Insurance Company; XL Insurance America, Inc.; Steadfast Insurance Company",2026-07-07,,2026-07-26
QTS Data Centers,6a396245dcd485b7faaa32de,69f0f3c4beb6279e947be0d5,Brasfield & Gorrie L.L.C.,"COI - 2627 - QTS Fayetteville I DC3, LLC.pdf",,,processed,false,2026-07-08,,2027-07-01,2026-06-22,false,,,false,The Travelers Indemnity Company; The Travelers Indemnity Company of Connecticut; * See Attachment for Schedule of Companies; Travelers Commercial Casualty Company; Steadfast Insurance Company; Old Republic Insurance Company,2026-06-22,,2026-07-26
QTS Data Centers,6a621a020a4315bb2509b106,69f0f3c4beb6279e947be0d5,Brasfield & Gorrie L.L.C.,"COI - 2627 - Quality Technology Services, LLC #30819.pdf",,,processed,false,,,2027-07-01,2026-07-22,false,,,false,The Travelers Indemnity Company; The Travelers Indemnity Company of Connecticut; * See Attachment for Schedule of Companies; Travelers Commercial Casualty Company; Steadfast Insurance Company; Old Republic Insurance Company,2026-07-23,,2026-07-26
QTS Data Centers,6a42e4c304ca7701e3da6802,69f0f3c4beb6279e947be0d0,"AP Gulf States, Inc.",Please OPEN_HUB CerSecure Non-Compliance.pdf,,,processed,false,2026-07-09,,,,false,,,false,,2026-06-29,,2026-07-26
QTS Data Centers,6a42e4de5f810130a0de0b53,69f0f3c4beb6279e947be0d0,"AP Gulf States, Inc.",REVISED QTS 6.29.26.pdf,,,processed,false,2026-07-09,,2027-03-01,2026-06-29,false,,,false,"Continental Casualty Company; The Continental Insurance Company; American Casualty Company of Reading, Pennsylvania; XL Insurance America, Inc.; Transportation Insurance Company; Starr Indemnity & Liability Company; Berkley Assurance Company",2026-06-29,,2026-07-26
QTS Data Centers,6a6132d93d7c8f1b1ccd42fa,69f0f3c4beb6279e947be0d0,"AP Gulf States, Inc.",REVISED QTS 7.22.26.pdf,,,processed,false,,,2027-03-01,2026-07-22,false,,,false,"Continental Casualty Company; The Continental Insurance Company; American Casualty Company of Reading, Pennsylvania; Berkley Assurance Company; Transportation Insurance Company; Starr Indemnity & Liability Company",2026-07-22,,2026-07-26
QTS Data Centers,6a3d713e33271757c8c681a4,69f0f3c4beb6279e947be0e9,"Gray Construction, Inc.",Gray Co -- New Albany GL AU UM 40 WC.pdf,,,processed,false,2026-06-29,,2026-10-01,2026-02-23,false,,,false,Zurich American Insurance Company; --- SEE ATTACHMENT --,2026-06-25,,2026-07-26
QTS Data Centers,6a394c48d382314fdae2fe3e,69f0f3c5beb6279e947be0ee,"HITT Contracting, Inc.","Quality Technology Services, LLC - Liab.pdf",,,processed,false,2026-06-25,,2027-05-01,2026-06-22,false,,,false,Liberty Insurance Corporation; Liberty Mutual Fire Insurance Company; LM Insurance Corporation; Berkley Assurance Company; American Guarantee and Liability Insurance Company,2026-06-22,,2026-07-26
QTS Data Centers,6a394ce2efaf8fc91cd0ae1e,69f0f3c5beb6279e947be0ee,"HITT Contracting, Inc.","Quality Technology Services, LLC - Liab - 2.pdf",,,processed,false,2026-06-25,,2027-05-01,2026-06-22,false,,,false,Liberty Mutual Fire Insurance Company; LM Insurance Corporation; Liberty Insurance Corporation,2026-06-22,,2026-07-26
QTS Data Centers,6a394d70accacb8cab636db9,69f0f3c5beb6279e947be0ee,"HITT Contracting, Inc.","Quality Technology Services, LLC - Liab - 3.pdf",,,processed,false,2026-06-25,,2027-05-01,2026-06-22,false,,,false,Liberty Insurance Corporation; Liberty Mutual Fire Insurance Company; LM Insurance Corporation; Berkley Assurance Company; American Guarantee and Liability Insurance Company,2026-06-22,,2026-07-26
QTS Data Centers,6a394db4accacb8cab636e1f,69f0f3c5beb6279e947be0ee,"HITT Contracting, Inc.","Quality Technology Services, LLC - Liab - 4.pdf",,,processed,false,2026-06-25,,2027-05-01,2026-06-22,false,,,false,Liberty Insurance Corporation; Liberty Mutual Fire Insurance Company; LM Insurance Corporation; Berkley Assurance Company; American Guarantee and Liability Insurance Company,2026-06-22,,2026-07-26
QTS Data Centers,6a394e00597e3570daab6088,69f0f3c5beb6279e947be0ee,"HITT Contracting, Inc.","Quality Technology Services, LLC - Liab - 5.pdf",,,processed,false,2026-06-25,,2027-05-01,2026-06-22,false,,,false,Liberty Insurance Corporation; Liberty Mutual Fire Insurance Company; LM Insurance Corporation; Berkley Assurance Company; American Guarantee and Liability Insurance Company,2026-06-22,,2026-07-26
QTS Data Centers,6a394e38accacb8cab636e54,69f0f3c5beb6279e947be0ee,"HITT Contracting, Inc.","Quality Technology Services, LLC - Liab - 6.pdf",,,processed,false,2026-06-25,,2027-05-01,2026-06-22,false,,,false,Liberty Insurance Corporation; Liberty Mutual Fire Insurance Company; LM Insurance Corporation; Berkley Assurance Company; American Guarantee and Liability Insurance Company,2026-06-22,,2026-07-26
QTS Data Centers,6a394e75d382314fdae2fe74,69f0f3c5beb6279e947be0ee,"HITT Contracting, Inc.","Quality Technology Services, LLC - Liab - 7.pdf",,,processed,false,2026-06-25,,2027-05-01,2026-06-22,false,,,false,Liberty Insurance Corporation; Liberty Mutual Fire Insurance Company; LM Insurance Corporation; Berkley Assurance Company; American Guarantee and Liability Insurance Company,2026-06-22,,2026-07-26
QTS Data Centers,6a394eb1d382314fdae2feda,69f0f3c5beb6279e947be0ee,"HITT Contracting, Inc.","Quality Technology Services, LLC - Liab - 8.pdf",,,processed,false,2026-06-25,,2027-05-01,2026-06-22,false,,,false,Liberty Insurance Corporation; Liberty Mutual Fire Insurance Company; LM Insurance Corporation; Berkley Assurance Company; American Guarantee and Liability Insurance Company,2026-06-22,,2026-07-26
QTS Data Centers,6a394ef4597e3570daab60ee,69f0f3c5beb6279e947be0ee,"HITT Contracting, Inc.","Quality Technology Services, LLC - Liab - 9.pdf",,,processed,false,2026-06-25,,2027-05-01,2026-06-22,false,,,false,Liberty Insurance Corporation; Liberty Mutual Fire Insurance Company; LM Insurance Corporation; Berkley Assurance Company; American Guarantee and Liability Insurance Company,2026-06-22,,2026-07-26
QTS Data Centers,6a394f2f597e3570daab6123,69f0f3c5beb6279e947be0ee,"HITT Contracting, Inc.","Quality Technology Services, LLC - Liab - 10.pdf",,,processed,false,2026-06-25,,2027-05-01,2026-06-22,false,,,false,Liberty Insurance Corporation; Liberty Mutual Fire Insurance Company; LM Insurance Corporation; Berkley Assurance Company; American Guarantee and Liability Insurance Company,2026-06-22,,2026-07-26
QTS Data Centers,6a394f61accacb8cab636e88,69f0f3c5beb6279e947be0ee,"HITT Contracting, Inc.","Quality Technology Services, LLC - Liab - 11.pdf",,,processed,false,2026-06-25,,2027-05-01,2026-06-22,false,,,false,Liberty Insurance Corporation; Liberty Mutual Fire Insurance Company; LM Insurance Corporation; Berkley Assurance Company; American Guarantee and Liability Insurance Company,2026-06-22,,2026-07-26
QTS Data Centers,6a394f8fefaf8fc91cd0ae84,69f0f3c5beb6279e947be0ee,"HITT Contracting, Inc.","Quality Technology Services, LLC - Liab - 12.pdf",,,processed,false,2026-06-25,,2027-05-01,2026-06-22,false,,,false,Liberty Insurance Corporation; Liberty Mutual Fire Insurance Company; LM Insurance Corporation; Berkley Assurance Company; American Guarantee and Liability Insurance Company,2026-06-22,,2026-07-26
QTS Data Centers,6a394fc2597e3570daab6158,69f0f3c5beb6279e947be0ee,"HITT Contracting, Inc.","Quality Technology Services, LLC - Liab - 13.pdf",,,processed,false,2026-06-24,,2027-05-01,2026-06-22,false,,,false,Liberty Insurance Corporation; Liberty Mutual Fire Insurance Company; LM Insurance Corporation; Berkley Assurance Company; American Guarantee and Liability Insurance Company,2026-06-22,,2026-07-26
QTS Data Centers,6a395000accacb8cab636eed,69f0f3c5beb6279e947be0ee,"HITT Contracting, Inc.","Quality Technology Services, LLC - Liab - 14.pdf",,,processed,false,2026-06-24,,2027-05-01,2026-06-22,false,,,false,Liberty Insurance Corporation; Liberty Mutual Fire Insurance Company; LM Insurance Corporation; Berkley Assurance Company; American Guarantee and Liability Insurance Company,2026-06-22,,2026-07-26
QTS Data Centers,6a3befc633fe3726a48fa178,69f0f3c5beb6279e947be0ee,"HITT Contracting, Inc.",COI HITT Contracting_exp 5.1.26.pdf,,,processed,false,2026-06-24,,2026-05-01,2025-05-14,false,,,false,Liberty Insurance Corporation; Liberty Mutual Fire Insurance Company; LM Insurance Corporation; Starr Indemnity & Liability Company; American Guarantee and Liability Insurance Company,2026-06-24,,2026-07-26
QTS Data Centers,6a15b7a99f12b4035e23bc10,69f0f3c5beb6279e947be0f8,"Layton Construction Company, LLC",Bank of America NA ISAOA ATIMA _.pdf,,,processed,false,2026-06-25,,2027-01-01,2026-04-14,false,,,false,"Arch Insurance Company; XL Insurance America, Inc.; Starr Indemnity & Liability Company; Great American Spirit Insurance Company; General Security National Insurance Company; Arch Indemnity Insurance Company; Indian Harbor Insurance Company",2026-05-26,,2026-07-26
QTS Data Centers,6a15b7cc616ed871febaf33c,69f0f3c5beb6279e947be0f8,"Layton Construction Company, LLC",47600114 - LCC COI - 2027.01.01 (2).pdf,,,processed,false,2026-06-25,,2027-01-01,2026-04-02,false,,,false,"Arch Insurance Company; XL Insurance America, Inc.; Starr Indemnity & Liability Company; Indian Harbor Insurance Company; Arch Indemnity Insurance Company",2026-05-26,,2026-07-26
QTS Data Centers,6a15b7f2dd0160cb0b25e6c2,69f0f3c5beb6279e947be0f8,"Layton Construction Company, LLC",47600116 - LCC COI - 2027.01.01.pdf,,,processed,false,2026-06-25,,2027-01-01,2026-04-02,false,,,false,"Arch Insurance Company; XL Insurance America, Inc.; Starr Indemnity & Liability Company; Indian Harbor Insurance Company; Arch Indemnity Insurance Company",2026-05-26,,2026-07-26
QTS Data Centers,6a22cf08b90159c7f52c9bf8,69f0f3c5beb6279e947be0fd,M. A. Mortenson Company,MAMortensonCompany - Client Pack - 4464544.PDF,,,processed,false,2026-06-15,,2027-05-01,2026-05-28,false,,,false,"Arch Insurance Company; XL Insurance America, Inc.; Arch Indemnity Insurance Company",2026-06-05,,2026-07-26
QTS Data Centers,6a5e4b9a47fe3eedd09ae8c9,69f0f3c5beb6279e947be0fd,M. A. Mortenson Company,QualityTechnologyServicesLLC_W47258852.pdf,,,processed,false,2026-07-21,,2027-05-01,2026-07-13,false,,,false,"Arch Insurance Company; XL Insurance America, Inc.; Arch Indemnity Insurance Company; Starr Indemnity & Liability Company; QBE Specialty Insurance Company; Indian Harbor Insurance Company",2026-07-20,,2026-07-26
QTS Data Centers,6a281ed8f967f903d2245dab,69f0f3c5beb6279e947be102,Rogers-O-Brien Construction Company Ltd.,"Quality Technology Services, LLC_Rogers-O'Brien Construction Company_2627 Master $35M Total  _6-9-2026_1492795193.pdf",,,processed,false,2026-06-29,,2027-06-01,2026-06-09,false,,,false,"American Contractors Insurance Company Risk Retention Group; Valley Forge Insurance Company; The Continental Insurance Company; XL Insurance America, Inc.; ACIG Insurance Company; Arch Specialty Insurance Company",2026-06-09,,2026-07-26
QTS Data Centers,6a281fcdda52b0ee99d2ea74,69f0f3c5beb6279e947be102,Rogers-O-Brien Construction Company Ltd.,2026 Auto Forms.pdf,,,processed,false,2026-06-15,,2027-06-01,,false,,,false,,2026-06-09,,2026-07-26
QTS Data Centers,6a281fcdda52b0ee99d2eaac,69f0f3c5beb6279e947be102,Rogers-O-Brien Construction Company Ltd.,Casualty Endt Forms 2026.pdf,,,processed,false,2026-06-15,,2027-06-01,,false,,,false,,2026-06-09,,2026-07-26
QTS Data Centers,6a281fd0da52b0ee99d2eb54,69f0f3c5beb6279e947be102,Rogers-O-Brien Construction Company Ltd.,"Quality Technology Services, LLC_Rogers-O'Brien Construction Company_2627 Master $35M Total  _6-9-2026_565622844.pdf",,,processed,false,2026-06-15,,2027-06-01,,false,,,false,American Contractors Insurance Company Risk Retention Group; Valley Forge Insurance Company; The Continental Insurance Company; ACIG Insurance Company; Arch Specialty Insurance Company,2026-06-09,,2026-07-26
QTS Data Centers,6a4ba0a55cdf4704ae0efea1,69f0f3c5beb6279e947be102,Rogers-O-Brien Construction Company Ltd.,QTS DFW2 DC3.pdf,,,processed,false,2026-07-06,,2027-06-01,2026-05-28,false,,,false,"American Contractors Insurance Company Risk Retention Group; The Continental Insurance Company; XL Insurance America, Inc.; ACIG Insurance Company; National Fire Insurance Company of Hartford",2026-07-06,,2026-07-26
QTS Data Centers,6a4ba0cd5cdf4704ae0efed6,69f0f3c5beb6279e947be102,Rogers-O-Brien Construction Company Ltd.,QTS DFW1 DC5.pdf,,,processed,false,2026-07-06,,2027-06-01,2026-05-28,false,,,false,Endurance American Insurance Company; XL Specialty Insurance Company; American Contractors Insurance Company Risk Retention Group; ACIG Insurance Company; Valley Forge Insurance Company; Arch Specialty Insurance Company,2026-07-06,,2026-07-26
QTS Data Centers,6a551635aca92682f523a808,69f0f3c5beb6279e947be102,Rogers-O-Brien Construction Company Ltd.,"Quality Technology Services, LLC_Rogers-O'Brien Construction Company_2627 Master $35M Total  _7-13-2026_410370863.pdf",,,processed,false,2026-07-22,,2027-06-01,2026-07-13,false,,,false,"American Contractors Insurance Company Risk Retention Group; Valley Forge Insurance Company; The Continental Insurance Company; XL Insurance America, Inc.; ACIG Insurance Company; Arch Specialty Insurance Company",2026-07-13,,2026-07-26
QTS Data Centers,6a551638aca92682f523a89f,69f0f3c5beb6279e947be102,Rogers-O-Brien Construction Company Ltd.,Casualty Endt Forms 2026.pdf,,,processed,false,,,,,false,,,false,,2026-07-13,,2026-07-26
QTS Data Centers,6a5517684a3538cc4162daa1,69f0f3c5beb6279e947be102,Rogers-O-Brien Construction Company Ltd.,"Quality Technology Services, LLC_Rogers-O'Brien Construction Company_2627 Master $35M Total  _7-13-2026_1297897474.pdf",,,processed,false,2026-07-16,,2027-06-01,2026-07-13,false,,,false,"American Contractors Insurance Company Risk Retention Group; Valley Forge Insurance Company; The Continental Insurance Company; XL Insurance America, Inc.; ACIG Insurance Company; Arch Specialty Insurance Company",2026-07-13,,2026-07-26
QTS Data Centers,6a622372293db0c1319f2a7d,69f0f3c5beb6279e947be102,Rogers-O-Brien Construction Company Ltd.,GL - NOC.pdf,,,processed,false,2026-07-24,,2027-06-01,,false,,,false,,2026-07-23,,2026-07-26
QTS Data Centers,6a63805897891638931c8f4e,69f0f3c5beb6279e947be102,Rogers-O-Brien Construction Company Ltd.,Rogers AM Best Exception.pdf,,,processed,false,2026-07-24,,,,false,,,true,,2026-07-24,,2026-07-26
QTS Data Centers,6a15b99a616ed871febaf3ac,69f0f3c5beb6279e947be107,"Structure Tone, LLC",QTS LHTX1 26-27 STSW COI.pdf,,,processed,false,2026-06-15,,2027-01-01,2026-01-05,false,,,false,"Arch Insurance Company; XL Insurance America, Inc.; Starr Indemnity & Liability Company; Arch Indemnity Insurance Company",2026-05-26,,2026-07-26
QTS Data Centers,6a15ba41c09b3811a2868845,69f0f3c5beb6279e947be107,"Structure Tone, LLC","SOCIÉTÉ GÉNÉRALE, AS ADMINISTRATIVE.pdf",,,processed,false,2026-06-15,,2027-01-01,2026-01-22,false,,,false,"Arch Insurance Company; XL Insurance America, Inc.; Great American Insurance Company of New York; Starr Indemnity & Liability Company; Arch Indemnity Insurance Company",2026-05-26,,2026-07-26
QTS Data Centers,6a15ba4abeee935b1af439c4,69f0f3c5beb6279e947be107,"Structure Tone, LLC","SOCIÉTÉ GÉNÉRALE, AS ADMINISTRATIVE.pdf",,,processed,false,2026-06-15,,2027-01-01,2026-01-22,false,,,false,"Arch Insurance Company; XL Insurance America, Inc.; Great American Insurance Company of New York; Starr Indemnity & Liability Company; Arch Indemnity Insurance Company",2026-05-26,,2026-07-26
QTS Data Centers,6a318c9db5244123cf62b9c7,69f0f3c5beb6279e947be107,"Structure Tone, LLC",cert_NYC_QUALITY TECHNOLOGY SERVICES_ LLC_12413867_9.pdf,,,processed,false,2026-06-29,,2027-01-01,2026-06-16,false,,,false,"Arch Insurance Company; XL Insurance America, Inc.; Great American Insurance Company of New York; Starr Indemnity & Liability Company; Arch Indemnity Insurance Company",2026-06-16,,2026-07-26
QTS Data Centers,6a318ec5421d720267e63c74,69f0f3c5beb6279e947be107,"Structure Tone, LLC",STO Building Group Inc. - 14WCI8925117 (WC - AOS).pdf,,,processed,false,2026-06-29,,,,false,,,false,,2026-06-16,,2026-07-26
QTS Data Centers,6a318ed7b5244123cf62b9ff,69f0f3c5beb6279e947be107,"Structure Tone, LLC",STO Building Group Inc. - 14WCI8925117 (WC - AOS).pdf,,,processed,false,2026-06-29,,,,false,,,false,,2026-06-16,,2026-07-26
QTS Data Centers,6a31b374b5244123cf62ba91,69f0f3c5beb6279e947be107,"Structure Tone, LLC",cert_NYC_QUALITY TECHNOLOGY SERVICES_ LLC_12413867_10.pdf,,,processed,false,2026-06-29,,2027-01-01,2026-06-17,false,,,false,"Arch Insurance Company; XL Insurance America, Inc.; Great American Insurance Company of New York; Starr Indemnity & Liability Company; Arch Indemnity Insurance Company; Indian Harbor Insurance Company",2026-06-16,,2026-07-26
QTS Data Centers,6a15b820beee935b1af43971,69f0f3c5beb6279e947be10c,"Suffolk Construction Company, Inc.","Sumitomo Mitsui Banking Corporation, as Admin_Suffolk Construction Company, Inc._25-26 Master GL Auto WC U_4-13-2026.pdf",,,processed,false,2026-06-15,,2026-08-31,2026-04-13,false,,,false,"Liberty Mutual Fire Insurance Company; Starr Indemnity & Liability Company; XL Insurance America, Inc.; General Security National Insurance Company; Berkley Regional Insurance Company; Ironshore Specialty Insurance Company; Indian Harbor Insurance Company",2026-05-26,,2026-07-26
QTS Data Centers,6a5fd2c3751b67ad6976f006,69f0f3c5beb6279e947be10c,"Suffolk Construction Company, Inc.","Quality Technology Services, LLC_Suffolk Construction Company, Inc._25-26 Master GL Auto WC U_7-17-2026.pdf",,,processed,false,2026-07-22,,2026-08-31,2026-07-17,false,,,false,"Liberty Mutual Fire Insurance Company; Starr Indemnity & Liability Company; XL Insurance America, Inc.; General Security National Insurance Company; Berkley Regional Insurance Company",2026-07-21,,2026-07-26
QTS Data Centers,6a5fd2c4751b67ad6976f03f,69f0f3c5beb6279e947be10c,"Suffolk Construction Company, Inc.","Quality Technology Services, LLC_Suffolk Construction Company, Inc._25-26 Drone Liability_7-15-2026_2.pdf",,,processed,false,2026-07-22,,2026-08-31,2026-07-15,false,,,false,C&T Insurance Company,2026-07-21,,2026-07-26
QTS Data Centers,6a5fd2e9b4df9ca70600c23b,69f0f3c5beb6279e947be10c,"Suffolk Construction Company, Inc.","Quality Technology Services, LLC_Suffolk Construction Company, Inc._25-26 Master GL Auto WC U_7-17-2026_2.pdf",,,processed,false,2026-07-22,,2026-08-31,2026-07-17,false,,,false,"Liberty Mutual Fire Insurance Company; Starr Indemnity & Liability Company; XL Insurance America, Inc.; General Security National Insurance Company; Berkley Regional Insurance Company",2026-07-21,,2026-07-26
QTS Data Centers,6a5fd2ebb4df9ca70600c2a7,69f0f3c5beb6279e947be10c,"Suffolk Construction Company, Inc.","Quality Technology Services, LLC_Suffolk Construction Company, Inc._25-26 Drone Liability_7-15-2026.pdf",,,processed,false,2026-07-22,,2026-08-31,2026-07-15,false,,,false,C&T Insurance Company,2026-07-21,,2026-07-26
QTS Data Centers,6a5fd30b5c9c14b344a636c9,69f0f3c5beb6279e947be10c,"Suffolk Construction Company, Inc.","Quality Technology Services, LLC_Suffolk Construction Company, Inc._25-26 Master GL Auto WC U_7-17-2026_1.pdf",,,processed,false,2026-07-22,,2026-08-31,2026-07-17,false,,,false,"Liberty Mutual Fire Insurance Company; Starr Indemnity & Liability Company; XL Insurance America, Inc.; General Security National Insurance Company; Berkley Regional Insurance Company; Indian Harbor Insurance Company; Ironshore Specialty Insurance Company",2026-07-21,,2026-07-26
QTS Data Centers,6a5fd30d5c9c14b344a63768,69f0f3c5beb6279e947be10c,"Suffolk Construction Company, Inc.","Quality Technology Services, LLC_Suffolk Construction Company, Inc._25-26 Drone Liability_7-15-2026_1.pdf",,,processed,false,2026-07-22,,2026-08-31,2026-07-15,false,,,false,C&T Insurance Company,2026-07-21,,2026-07-26
QTS Data Centers,6a15ba8cdd0160cb0b25e732,69f0f3c5beb6279e947be111,Whitting-Turner Contracting Company,"Citi Real Estate Funding, Inc. ISAOA ATIMA_The Whiting-Turner Contracting Comp_25Aug TWT GppAU55+WW_5-14-2026_2048936919.pdf",,,processed,false,2026-06-15,,2026-08-01,,false,,,false,Travelers Property Casualty Company of America; The Travelers Indemnity Company of Connecticut; Starr Indemnity & Liability Company; Travelers Casualty and Surety Company,2026-05-26,,2026-07-26
QTS Data Centers,6a304c7f7828333b350b9e1d,69f0f3c5beb6279e947be111,Whitting-Turner Contracting Company,020340.DH1 WT GLI (08.01.2025 thru 08.01.2026).pdf,,,processed,false,2026-06-24,,2026-08-01,,false,,,false,"Travelers Property Casualty Company of America; The Travelers Indemnity Company of Connecticut; Liberty Insurance Underwriters, Inc.; Starr Indemnity & Liability Company",2026-06-15,,2026-07-26