client,context_id,context_name,field_id,field_name,field_type,value,sync_date
"Block Real Estate Services, LLC",69fdeef6fa0b60fcd50d3ccf,"106643 - 10661 Metcalf, LLC",69bd73faa9080d01db40736f,Location,custom-fields,"10661 Metcalf, LLC",2026-06-13
"Block Real Estate Services, LLC",69fdeef6fa0b60fcd50d3ccf,"106643 - 10661 Metcalf, LLC",6a171fe6bd6dc7d1e7f13728,Property Manager,custom-fields,1c8b914e-090f-4b1b-9400-15d195782e7c,2026-06-13
"Block Real Estate Services, LLC",69fdef1a3b208288e0a799c2,"3rd237 - Interstate Business Park Building 4 {2025 Wilshire Werbo, LLC}",69bd73faa9080d01db40736f,Location,custom-fields,"Interstate Business Park Building 4 {2025 Wilshire Werbo, LLC}",2026-06-13
"Block Real Estate Services, LLC",69fdef1a3b208288e0a799c2,"3rd237 - Interstate Business Park Building 4 {2025 Wilshire Werbo, LLC}",6a171fe6bd6dc7d1e7f13728,Property Manager,custom-fields,5bb73b6f-fa71-4c8d-9552-cfc66002b8ee,2026-06-13
"Block Real Estate Services, LLC",69fdef2438cbea6b3a68ae39,"3rd250 - 4500 W 107, LLC - (TEVA Pharmacy - tev250 for CAM)",69bd73faa9080d01db40736f,Location,custom-fields,"4500 W 107, LLC - (TEVA Pharmacy - tev250 for CAM)",2026-06-13
"Block Real Estate Services, LLC",69fdef2438cbea6b3a68ae39,"3rd250 - 4500 W 107, LLC - (TEVA Pharmacy - tev250 for CAM)",6a171fe6bd6dc7d1e7f13728,Property Manager,custom-fields,daa1226d-03f9-41f4-a9db-855817169a84,2026-06-13
"Block Real Estate Services, LLC",69fdef283b208288e0a79ba9,"3rd299 - Delaire KC, LLC - Westport Building - 301 Westport Road (Retail, 1st Floor)",69bd73faa9080d01db40736f,Location,custom-fields,"Delaire KC, LLC - Westport Building - 301 Westport Road (Retail, 1st Floor)",2026-06-13
"Block Real Estate Services, LLC",69fdef283b208288e0a79ba9,"3rd299 - Delaire KC, LLC - Westport Building - 301 Westport Road (Retail, 1st Floor)",6a171fe6bd6dc7d1e7f13728,Property Manager,custom-fields,1695e554-ec4d-4cb3-8d60-a9b093c67700,2026-06-13
"Block Real Estate Services, LLC",69fdef2cbf1df2fe96920b3f,"3rd312 - Westport Land & Management I, LLC",69bd73faa9080d01db40736f,Location,custom-fields,"Westport Land & Management I, LLC",2026-06-13
"Block Real Estate Services, LLC",69fdef2cbf1df2fe96920b3f,"3rd312 - Westport Land & Management I, LLC",6a171fe6bd6dc7d1e7f13728,Property Manager,custom-fields,1695e554-ec4d-4cb3-8d60-a9b093c67700,2026-06-13
"Block Real Estate Services, LLC",69fdef31e45e7dcf5c4328bd,3rd347 - 919 E. 29th Street {Taikan Development Corporation},69bd73faa9080d01db40736f,Location,custom-fields,919 E. 29th Street {Taikan Development Corporation},2026-06-13
"Block Real Estate Services, LLC",69fdef31e45e7dcf5c4328bd,3rd347 - 919 E. 29th Street {Taikan Development Corporation},6a171fe6bd6dc7d1e7f13728,Property Manager,custom-fields,1695e554-ec4d-4cb3-8d60-a9b093c67700,2026-06-13
"Block Real Estate Services, LLC",69fdef3603a2257cd27d8a19,3rd348 - 5051 West 134th Street {Taikan Development Corporation},69bd73faa9080d01db40736f,Location,custom-fields,5051 West 134th Street {Taikan Development Corporation},2026-06-13
"Block Real Estate Services, LLC",69fdef3603a2257cd27d8a19,3rd348 - 5051 West 134th Street {Taikan Development Corporation},6a171fe6bd6dc7d1e7f13728,Property Manager,custom-fields,1695e554-ec4d-4cb3-8d60-a9b093c67700,2026-06-13
"Block Real Estate Services, LLC",69fdeeff3b208288e0a794bd,"3bh890 - 3BS-HMO, LLC 2401 E. Rock Haven",69bd73faa9080d01db40736f,Location,custom-fields,"3BS-HMO, LLC 2401 E. Rock Haven",2026-06-13
"Block Real Estate Services, LLC",69fdeeff3b208288e0a794bd,"3bh890 - 3BS-HMO, LLC 2401 E. Rock Haven",6a171fe6bd6dc7d1e7f13728,Property Manager,custom-fields,1c8b914e-090f-4b1b-9400-15d195782e7c,2026-06-13
"Block Real Estate Services, LLC",69fdeefa02bb2c42a879c977,"167332 - 167 Logistics Centre Building #2 {167 Logistics Centre West, LLC}",69bd73faa9080d01db40736f,Location,custom-fields,"167 Logistics Centre Building #2 {167 Logistics Centre West, LLC}",2026-06-13
"Block Real Estate Services, LLC",69fdeefa02bb2c42a879c977,"167332 - 167 Logistics Centre Building #2 {167 Logistics Centre West, LLC}",6a171fe6bd6dc7d1e7f13728,Property Manager,custom-fields,2183c4d0-ef7e-42c6-88c2-9322a1e6469d,2026-06-13
"Block Real Estate Services, LLC",69fdef0303a2257cd27d83e8,3rd074 - Keystone Plaza Shopping Center {Larbre Family Trust},69bd73faa9080d01db40736f,Location,custom-fields,Keystone Plaza Shopping Center {Larbre Family Trust},2026-06-13
"Block Real Estate Services, LLC",69fdef0303a2257cd27d83e8,3rd074 - Keystone Plaza Shopping Center {Larbre Family Trust},6a171fe6bd6dc7d1e7f13728,Property Manager,custom-fields,1695e554-ec4d-4cb3-8d60-a9b093c67700,2026-06-13
"Block Real Estate Services, LLC",69fdef3a02bb2c42a879db44,3rd349 - 13440 Roe Avenue {Taikan Development Corporation},69bd73faa9080d01db40736f,Location,custom-fields,13440 Roe Avenue {Taikan Development Corporation},2026-06-13
"Block Real Estate Services, LLC",69fdef3a02bb2c42a879db44,3rd349 - 13440 Roe Avenue {Taikan Development Corporation},6a171fe6bd6dc7d1e7f13728,Property Manager,custom-fields,1695e554-ec4d-4cb3-8d60-a9b093c67700,2026-06-13
"Block Real Estate Services, LLC",69fdef3f3b208288e0a7a0f6,"3rd387 - Arrowhead Shopping Center {JW Perry, LLC}",69bd73faa9080d01db40736f,Location,custom-fields,"Arrowhead Shopping Center {JW Perry, LLC}",2026-06-13
"Block Real Estate Services, LLC",69fdef3f3b208288e0a7a0f6,"3rd387 - Arrowhead Shopping Center {JW Perry, LLC}",6a171fe6bd6dc7d1e7f13728,Property Manager,custom-fields,1c8b914e-090f-4b1b-9400-15d195782e7c,2026-06-13
"Block Real Estate Services, LLC",69fdef4403a2257cd27d8c97,3rd463 - Lenexa Logistics Centre Lot 1,69bd73faa9080d01db40736f,Location,custom-fields,Lenexa Logistics Centre Lot 1,2026-06-13
"Block Real Estate Services, LLC",69fdef1003a2257cd27d8605,"3rd202 - D&H Properties - 80th Street {D&H Properties, LLC}",69bd73faa9080d01db40736f,Location,custom-fields,"D&H Properties - 80th Street {D&H Properties, LLC}",2026-06-13
"Block Real Estate Services, LLC",69fdef1003a2257cd27d8605,"3rd202 - D&H Properties - 80th Street {D&H Properties, LLC}",6a171fe6bd6dc7d1e7f13728,Property Manager,custom-fields,4f24f34a-5f91-45e5-a6a1-19c51628f934,2026-06-13
"Block Real Estate Services, LLC",69fdef0c3b208288e0a796fa,"3rd093 - 85th & Wornall Retail {Tower Bridge Investements, LLC} (fka St. John Development)",69bd73faa9080d01db40736f,Location,custom-fields,"85th & Wornall Retail {Tower Bridge Investements, LLC} (fka St. John Development)",2026-06-13
"Block Real Estate Services, LLC",69fdef0c3b208288e0a796fa,"3rd093 - 85th & Wornall Retail {Tower Bridge Investements, LLC} (fka St. John Development)",6a171fe6bd6dc7d1e7f13728,Property Manager,custom-fields,1c8b914e-090f-4b1b-9400-15d195782e7c,2026-06-13
"Block Real Estate Services, LLC",69fdef4d3b208288e0a7a2ed,"3rd488 - 19th Street Properties, LLC {19th Street Properties, LLC} (fka Grove Street Properties, LLC - Hoodenpyle)",69bd73faa9080d01db40736f,Location,custom-fields,"19th Street Properties, LLC {19th Street Properties, LLC} (fka Grove Street Properties, LLC - Hoodenpyle)",2026-06-13
"Block Real Estate Services, LLC",69fdef4d3b208288e0a7a2ed,"3rd488 - 19th Street Properties, LLC {19th Street Properties, LLC} (fka Grove Street Properties, LLC - Hoodenpyle)",6a171fe6bd6dc7d1e7f13728,Property Manager,custom-fields,58295917-ce49-4cb9-9799-1e5569c2ccef,2026-06-13
"Block Real Estate Services, LLC",69fdef0802bb2c42a879cab4,"3rd075 - State Line 75 {State Line 75, LLC}",69bd73faa9080d01db40736f,Location,custom-fields,"State Line 75 {State Line 75, LLC}",2026-06-13
"Block Real Estate Services, LLC",69fdef0802bb2c42a879cab4,"3rd075 - State Line 75 {State Line 75, LLC}",6a171fe6bd6dc7d1e7f13728,Property Manager,custom-fields,41834b8a-9c88-4bc9-a53d-474e45d58bb8,2026-06-13
"Block Real Estate Services, LLC",69fdef4802bb2c42a879de8a,"3rd464 - Lenexa Logistics Centre South Building 4 {Lenexa Logistics 4 Investment, Inc.}",69bd73faa9080d01db40736f,Location,custom-fields,"Lenexa Logistics Centre South Building 4 {Lenexa Logistics 4 Investment, Inc.}",2026-06-13
"Block Real Estate Services, LLC",69fdef4802bb2c42a879de8a,"3rd464 - Lenexa Logistics Centre South Building 4 {Lenexa Logistics 4 Investment, Inc.}",6a171fe6bd6dc7d1e7f13728,Property Manager,custom-fields,02330089-06d2-4c27-931b-54cd933087c5,2026-06-13
"Block Real Estate Services, LLC",69fdef5c3b208288e0a7a5df,"3rd543 - Downey Family Holdings, LLC",69bd73faa9080d01db40736f,Location,custom-fields,"Downey Family Holdings, LLC",2026-06-13
"Block Real Estate Services, LLC",69fdef5c3b208288e0a7a5df,"3rd543 - Downey Family Holdings, LLC",6a171fe6bd6dc7d1e7f13728,Property Manager,custom-fields,1695e554-ec4d-4cb3-8d60-a9b093c67700,2026-06-13
"Block Real Estate Services, LLC",69fdef6abf1df2fe969214c6,"3rd657 - Sni-A-Bar Plaza {KCG Investment Properties, LLC}",69bd73faa9080d01db40736f,Location,custom-fields,"Sni-A-Bar Plaza {KCG Investment Properties, LLC}",2026-06-13
"Block Real Estate Services, LLC",69fdef6abf1df2fe969214c6,"3rd657 - Sni-A-Bar Plaza {KCG Investment Properties, LLC}",6a171fe6bd6dc7d1e7f13728,Property Manager,custom-fields,1c8b914e-090f-4b1b-9400-15d195782e7c,2026-06-13
"Block Real Estate Services, LLC",69fdef6fe45e7dcf5c433fc2,"3rd667 - Oak Park KS, LLC",69bd73faa9080d01db40736f,Location,custom-fields,"Oak Park KS, LLC",2026-06-13
"Block Real Estate Services, LLC",69fdef6fe45e7dcf5c433fc2,"3rd667 - Oak Park KS, LLC",6a171fe6bd6dc7d1e7f13728,Property Manager,custom-fields,1695e554-ec4d-4cb3-8d60-a9b093c67700,2026-06-13
"Block Real Estate Services, LLC",69fdef7403a2257cd27da147,"3rd698 - 40 Hi Center {Midwest Ketter Investments, LLC}",69bd73faa9080d01db40736f,Location,custom-fields,"40 Hi Center {Midwest Ketter Investments, LLC}",2026-06-13
"Block Real Estate Services, LLC",69fdef7403a2257cd27da147,"3rd698 - 40 Hi Center {Midwest Ketter Investments, LLC}",6a171fe6bd6dc7d1e7f13728,Property Manager,custom-fields,1695e554-ec4d-4cb3-8d60-a9b093c67700,2026-06-13
"Block Real Estate Services, LLC",69fdef780bb484cab5138997,"3rd743 - ECW, LLC (Skechers Building)",69bd73faa9080d01db40736f,Location,custom-fields,"ECW, LLC (Skechers Building)",2026-06-13
"Block Real Estate Services, LLC",69fdef780bb484cab5138997,"3rd743 - ECW, LLC (Skechers Building)",6a171fe6bd6dc7d1e7f13728,Property Manager,custom-fields,1695e554-ec4d-4cb3-8d60-a9b093c67700,2026-06-13
"Block Real Estate Services, LLC",69fdef8238cbea6b3a68c358,"3rd810 - Pine Ridge Building J {MEL B, LLC}",69bd73faa9080d01db40736f,Location,custom-fields,"Pine Ridge Building J {MEL B, LLC}",2026-06-13
"Block Real Estate Services, LLC",69fdef8238cbea6b3a68c358,"3rd810 - Pine Ridge Building J {MEL B, LLC}",6a171fe6bd6dc7d1e7f13728,Property Manager,custom-fields,5bb73b6f-fa71-4c8d-9552-cfc66002b8ee,2026-06-13
"Block Real Estate Services, LLC",69fdef8fbf1df2fe9692198a,"3rd959 - Bell 39 Properties, LLC",69bd73faa9080d01db40736f,Location,custom-fields,"Bell 39 Properties, LLC",2026-06-13
"Block Real Estate Services, LLC",69fdef8fbf1df2fe9692198a,"3rd959 - Bell 39 Properties, LLC",6a171fe6bd6dc7d1e7f13728,Property Manager,custom-fields,4f24f34a-5f91-45e5-a6a1-19c51628f934,2026-06-13
"Block Real Estate Services, LLC",69fdef5103a2257cd27d9981,"3rd496 - 908 Broadway {Depot Square Apartments, LLC}",69bd73faa9080d01db40736f,Location,custom-fields,"908 Broadway {Depot Square Apartments, LLC}",2026-06-13
"Block Real Estate Services, LLC",69fdef5103a2257cd27d9981,"3rd496 - 908 Broadway {Depot Square Apartments, LLC}",6a171fe6bd6dc7d1e7f13728,Property Manager,custom-fields,1c8b914e-090f-4b1b-9400-15d195782e7c,2026-06-13
"Block Real Estate Services, LLC",69fdef98bf1df2fe96921c81,"460549 - 4600 Associates, LLC",69bd73faa9080d01db40736f,Location,custom-fields,"4600 Associates, LLC",2026-06-13
"Block Real Estate Services, LLC",69fdef98bf1df2fe96921c81,"460549 - 4600 Associates, LLC",6a171fe6bd6dc7d1e7f13728,Property Manager,custom-fields,41834b8a-9c88-4bc9-a53d-474e45d58bb8,2026-06-13
"Block Real Estate Services, LLC",69fdef9de45e7dcf5c434532,"587118 - 5871 Investment Associates {SKFH Industrial 1 - 6001 Premier, LLC}",69bd73faa9080d01db40736f,Location,custom-fields,"5871 Investment Associates {SKFH Industrial 1 - 6001 Premier, LLC }",2026-06-13
"Block Real Estate Services, LLC",69fdef9de45e7dcf5c434532,"587118 - 5871 Investment Associates {SKFH Industrial 1 - 6001 Premier, LLC}",6a171fe6bd6dc7d1e7f13728,Property Manager,custom-fields,1695e554-ec4d-4cb3-8d60-a9b093c67700,2026-06-13
"Block Real Estate Services, LLC",69fdef1402bb2c42a879cc2a,"3rd203 - D&H Properties - Santa Fe Drive {D&H Properties, LLC}",69bd73faa9080d01db40736f,Location,custom-fields,"D&H Properties - Santa Fe Drive {D&H Properties, LLC}",2026-06-13
"Block Real Estate Services, LLC",69fdef1402bb2c42a879cc2a,"3rd203 - D&H Properties - Santa Fe Drive {D&H Properties, LLC}",6a171fe6bd6dc7d1e7f13728,Property Manager,custom-fields,4f24f34a-5f91-45e5-a6a1-19c51628f934,2026-06-13
"Block Real Estate Services, LLC",69fdefa138cbea6b3a68cb21,"771655 - 7712 Wornall {7712 Wornall, LLC}",69bd73faa9080d01db40736f,Location,custom-fields,"7712 Wornall {7712 Wornall, LLC}",2026-06-13
"Block Real Estate Services, LLC",69fdefa138cbea6b3a68cb21,"771655 - 7712 Wornall {7712 Wornall, LLC}",6a171fe6bd6dc7d1e7f13728,Property Manager,custom-fields,1c8b914e-090f-4b1b-9400-15d195782e7c,2026-06-13
"Block Real Estate Services, LLC",69fdef7d0e86e2f8723d7c04,"3rd754 - 9500 E. 63rd Street {PCJW, LLC}",69bd73faa9080d01db40736f,Location,custom-fields,"9500 E. 63rd Street {PCJW, LLC}",2026-06-13
"Block Real Estate Services, LLC",69fdef7d0e86e2f8723d7c04,"3rd754 - 9500 E. 63rd Street {PCJW, LLC}",6a171fe6bd6dc7d1e7f13728,Property Manager,custom-fields,1c8b914e-090f-4b1b-9400-15d195782e7c,2026-06-13
"Block Real Estate Services, LLC",69fdef5502bb2c42a879dfe7,"3rd497 - The Fountain Office Building {Fountain Building-Missouri, LLC}",69bd73faa9080d01db40736f,Location,custom-fields,"The Fountain Office Building {Fountain Building-Missouri, LLC}",2026-06-13
"Block Real Estate Services, LLC",69fdef5502bb2c42a879dfe7,"3rd497 - The Fountain Office Building {Fountain Building-Missouri, LLC}",6a171fe6bd6dc7d1e7f13728,Property Manager,custom-fields,1c8b914e-090f-4b1b-9400-15d195782e7c,2026-06-13
"Block Real Estate Services, LLC",69fdef8bfa0b60fcd50d6056,"3rd868 - Pine Ridge Building H {H60 Properties, LLC}",69bd73faa9080d01db40736f,Location,custom-fields,"Pine Ridge Building H {H60 Properties, LLC}",2026-06-13
"Block Real Estate Services, LLC",69fdef8bfa0b60fcd50d6056,"3rd868 - Pine Ridge Building H {H60 Properties, LLC}",6a171fe6bd6dc7d1e7f13728,Property Manager,custom-fields,5bb73b6f-fa71-4c8d-9552-cfc66002b8ee,2026-06-13
"Block Real Estate Services, LLC",69fdef653b208288e0a7a89f,"3rd654 - Devonshire Village Shops {Devonshire Shops, LLC}",69bd73faa9080d01db40736f,Location,custom-fields,"Devonshire Village Shops {Devonshire Shops, LLC}",2026-06-13
"Block Real Estate Services, LLC",69fdef653b208288e0a7a89f,"3rd654 - Devonshire Village Shops {Devonshire Shops, LLC}",6a171fe6bd6dc7d1e7f13728,Property Manager,custom-fields,1695e554-ec4d-4cb3-8d60-a9b093c67700,2026-06-13
"Block Real Estate Services, LLC",69fdefae0bb484cab51399d2,"bf3943 - Riverside Business Center 2 {Block Income Fund III, LP}",69bd73faa9080d01db40736f,Location,custom-fields,"Riverside Business Center 2 {Block Income Fund III, LP}",2026-06-13
"Block Real Estate Services, LLC",69fdefae0bb484cab51399d2,"bf3943 - Riverside Business Center 2 {Block Income Fund III, LP}",6a171fe6bd6dc7d1e7f13728,Property Manager,custom-fields,eab9d1d5-5e1c-4e43-a613-0a23d0211c96,2026-06-13
"Block Real Estate Services, LLC",69fdef94fa0b60fcd50d6424,"3rd989 - Hillcrest Plaza {Dunbarton SC, LLC}",69bd73faa9080d01db40736f,Location,custom-fields,"Hillcrest Plaza {Dunbarton SC, LLC}",2026-06-13
"Block Real Estate Services, LLC",69fdef94fa0b60fcd50d6424,"3rd989 - Hillcrest Plaza {Dunbarton SC, LLC}",6a171fe6bd6dc7d1e7f13728,Property Manager,custom-fields,1695e554-ec4d-4cb3-8d60-a9b093c67700,2026-06-13
"Block Real Estate Services, LLC",69fdef860bb484cab5138c69,"3rd867 - Four Pine Ridge Plaza {SSR Capital, LLC}",69bd73faa9080d01db40736f,Location,custom-fields,"Four Pine Ridge Plaza {SSR Capital, LLC}",2026-06-13
"Block Real Estate Services, LLC",69fdef860bb484cab5138c69,"3rd867 - Four Pine Ridge Plaza {SSR Capital, LLC}",6a171fe6bd6dc7d1e7f13728,Property Manager,custom-fields,5bb73b6f-fa71-4c8d-9552-cfc66002b8ee,2026-06-13
"Block Real Estate Services, LLC",69fdefb2fa0b60fcd50d6be7,"bf3944 - Riverside Business Center 3 {Block Income Fund III, LP}",69bd73faa9080d01db40736f,Location,custom-fields,"Riverside Business Center 3 {Block Income Fund III, LP}",2026-06-13
"Block Real Estate Services, LLC",69fdefb2fa0b60fcd50d6be7,"bf3944 - Riverside Business Center 3 {Block Income Fund III, LP}",6a171fe6bd6dc7d1e7f13728,Property Manager,custom-fields,eab9d1d5-5e1c-4e43-a613-0a23d0211c96,2026-06-13
"Block Real Estate Services, LLC",69fdefa6e45e7dcf5c4348ed,agb318 - 4401 E. Truman Road (Allen & Gloria Block Family Limited Partnership},69bd73faa9080d01db40736f,Location,custom-fields,4401 E. Truman Road (Allen & Gloria Block Family Limited Partnership},2026-06-13
"Block Real Estate Services, LLC",69fdefa6e45e7dcf5c4348ed,agb318 - 4401 E. Truman Road (Allen & Gloria Block Family Limited Partnership},6a171fe6bd6dc7d1e7f13728,Property Manager,custom-fields,02fa4042-fb5d-4148-9328-b6ce77245022,2026-06-13
"Block Real Estate Services, LLC",69fdefb802bb2c42a879f4b6,"bf3945 - Riverside Business Center 4 {Block Income Fund III, LP}",6a171fe6bd6dc7d1e7f13728,Property Manager,custom-fields,eab9d1d5-5e1c-4e43-a613-0a23d0211c96,2026-06-13
"Block Real Estate Services, LLC",69fdefb802bb2c42a879f4b6,"bf3945 - Riverside Business Center 4 {Block Income Fund III, LP}",69bd73faa9080d01db40736f,Location,custom-fields,"Riverside Business Center 4 {Block Income Fund III, LP}",2026-06-13
"Block Real Estate Services, LLC",69fdefc138cbea6b3a68d4da,"bf3947 - Riverside Business Center 6 {Block Income Fund III, LP}",69bd73faa9080d01db40736f,Location,custom-fields,"Riverside Business Center 6 {Block Income Fund III, LP}",2026-06-13
"Block Real Estate Services, LLC",69fdefc138cbea6b3a68d4da,"bf3947 - Riverside Business Center 6 {Block Income Fund III, LP}",6a171fe6bd6dc7d1e7f13728,Property Manager,custom-fields,eab9d1d5-5e1c-4e43-a613-0a23d0211c96,2026-06-13
"Block Real Estate Services, LLC",69fdefaafa0b60fcd50d6883,bab241 - Riverside Logistics Centre I {BABRA LLC},69bd73faa9080d01db40736f,Location,custom-fields,Riverside Logistics Centre I {BABRA LLC},2026-06-13
"Block Real Estate Services, LLC",69fdefaafa0b60fcd50d6883,bab241 - Riverside Logistics Centre I {BABRA LLC},6a171fe6bd6dc7d1e7f13728,Property Manager,custom-fields,eab9d1d5-5e1c-4e43-a613-0a23d0211c96,2026-06-13
"Block Real Estate Services, LLC",69fdefbc0e86e2f8723d93ac,"bf3946 - Riverside Business Center 5 {Block Income Fund III, LP}",69bd73faa9080d01db40736f,Location,custom-fields,"Riverside Business Center 5 {Block Income Fund III, LP}",2026-06-13
"Block Real Estate Services, LLC",69fdefbc0e86e2f8723d93ac,"bf3946 - Riverside Business Center 5 {Block Income Fund III, LP}",6a171fe6bd6dc7d1e7f13728,Property Manager,custom-fields,eab9d1d5-5e1c-4e43-a613-0a23d0211c96,2026-06-13
"Block Real Estate Services, LLC",69fdefc60bb484cab513a701,"bf4306 - Prime Source Associates, LLC",69bd73faa9080d01db40736f,Location,custom-fields,"Prime Source Associates, LLC",2026-06-13
"Block Real Estate Services, LLC",69fdefc60bb484cab513a701,"bf4306 - Prime Source Associates, LLC",6a171fe6bd6dc7d1e7f13728,Property Manager,custom-fields,1695e554-ec4d-4cb3-8d60-a9b093c67700,2026-06-13
"Block Real Estate Services, LLC",69fdefe60bb484cab513acd9,"bkp362 - Nieman Business Park Building C {BK Properties, LLC}",69bd73faa9080d01db40736f,Location,custom-fields,"Nieman Business Park Building C {BK Properties, LLC}",2026-06-13
"Block Real Estate Services, LLC",69fdefe60bb484cab513acd9,"bkp362 - Nieman Business Park Building C {BK Properties, LLC}",6a171fe6bd6dc7d1e7f13728,Property Manager,custom-fields,5bb73b6f-fa71-4c8d-9552-cfc66002b8ee,2026-06-13
"Block Real Estate Services, LLC",69fdefeafa0b60fcd50d7a68,"bkp363 - Nieman Business Park Building D {BK Properties,LLC}",69bd73faa9080d01db40736f,Location,custom-fields,"Nieman Business Park Building D {BK Properties,LLC}",2026-06-13
"Block Real Estate Services, LLC",69fdefeafa0b60fcd50d7a68,"bkp363 - Nieman Business Park Building D {BK Properties,LLC}",6a171fe6bd6dc7d1e7f13728,Property Manager,custom-fields,5bb73b6f-fa71-4c8d-9552-cfc66002b8ee,2026-06-13
"Block Real Estate Services, LLC",69fdf00503a2257cd27dd397,"cm1756 - Corporate Medical Plaza I {CMP Building I, LLC}",69bd73faa9080d01db40736f,Location,custom-fields,"Corporate Medical Plaza I {CMP Building I, LLC}",2026-06-13
"Block Real Estate Services, LLC",69fdf00503a2257cd27dd397,"cm1756 - Corporate Medical Plaza I {CMP Building I, LLC}",6a171fe6bd6dc7d1e7f13728,Property Manager,custom-fields,41834b8a-9c88-4bc9-a53d-474e45d58bb8,2026-06-13
"Block Real Estate Services, LLC",69fdeff702bb2c42a87a062f,"ccc268 - CityPlace Corporate Centre I {Cityplace Corporate Centre I Investors, LLC}",6a171fe6bd6dc7d1e7f13728,Property Manager,custom-fields,2183c4d0-ef7e-42c6-88c2-9322a1e6469d,2026-06-13
"Block Real Estate Services, LLC",69fdeff702bb2c42a87a062f,"ccc268 - CityPlace Corporate Centre I {Cityplace Corporate Centre I Investors, LLC}",69bd73faa9080d01db40736f,Location,custom-fields,"CityPlace Corporate Centre I {Cityplace Corporate Centre I Investors, LLC}",2026-06-13
"Block Real Estate Services, LLC",69fdf0023b208288e0a7c731,"cck640 - College Crossing K {College K, LLC }",6a171fe6bd6dc7d1e7f13728,Property Manager,custom-fields,68d1b3f6-5a2e-471e-bc75-c9a82c2a4c08,2026-06-13
"Block Real Estate Services, LLC",69fdf0023b208288e0a7c731,"cck640 - College Crossing K {College K, LLC }",69bd73faa9080d01db40736f,Location,custom-fields,"College Crossing K {College K, LLC }",2026-06-13
"Block Real Estate Services, LLC",69fdf00902bb2c42a87a0a88,"cm2757 - Corporate Medical Plaza II {CMP Building II, LLC}",69bd73faa9080d01db40736f,Location,custom-fields,"Corporate Medical Plaza II {CMP Building II, LLC}",2026-06-13
"Block Real Estate Services, LLC",69fdf00902bb2c42a87a0a88,"cm2757 - Corporate Medical Plaza II {CMP Building II, LLC}",6a171fe6bd6dc7d1e7f13728,Property Manager,custom-fields,41834b8a-9c88-4bc9-a53d-474e45d58bb8,2026-06-13
"Block Real Estate Services, LLC",69fdf01138cbea6b3a68e74b,"cna251 - Nall Corporate Centre I {CN Associates, LLC}",69bd73faa9080d01db40736f,Location,custom-fields,"Nall Corporate Centre I {CN Associates, LLC}",2026-06-13
"Block Real Estate Services, LLC",69fdf01138cbea6b3a68e74b,"cna251 - Nall Corporate Centre I {CN Associates, LLC}",6a171fe6bd6dc7d1e7f13728,Property Manager,custom-fields,4f24f34a-5f91-45e5-a6a1-19c51628f934,2026-06-13
"Block Real Estate Services, LLC",69fdf01803a2257cd27dd982,"cp3269 - CityPlace Corporate Centre III {Cityplace Corporate Centre III Investors, LLC}",6a171fe6bd6dc7d1e7f13728,Property Manager,custom-fields,2183c4d0-ef7e-42c6-88c2-9322a1e6469d,2026-06-13
"Block Real Estate Services, LLC",69fdf01803a2257cd27dd982,"cp3269 - CityPlace Corporate Centre III {Cityplace Corporate Centre III Investors, LLC}",69bd73faa9080d01db40736f,Location,custom-fields,"CityPlace Corporate Centre III {Cityplace Corporate Centre III Investors, LLC}",2026-06-13
"Block Real Estate Services, LLC",69fdf0150bb484cab513b4eb,col720 - College Crossing - Building 1 (Building A) {COLLEGE CROSSING ASSOCIATES. LLC},6a171fe6bd6dc7d1e7f13728,Property Manager,custom-fields,68d1b3f6-5a2e-471e-bc75-c9a82c2a4c08,2026-06-13
"Block Real Estate Services, LLC",69fdf0150bb484cab513b4eb,col720 - College Crossing - Building 1 (Building A) {COLLEGE CROSSING ASSOCIATES. LLC},69bd73faa9080d01db40736f,Location,custom-fields,College Crossing - Building 1 (Building A) {COLLEGE CROSSING ASSOCIATES. LLC},2026-06-13
"Block Real Estate Services, LLC",69fdf00d0e86e2f8723da443,"cm3758 - Corporate Medical Plaza III {CMP Building III, LLC}",6a171fe6bd6dc7d1e7f13728,Property Manager,custom-fields,41834b8a-9c88-4bc9-a53d-474e45d58bb8,2026-06-13
"Block Real Estate Services, LLC",69fdf00d0e86e2f8723da443,"cm3758 - Corporate Medical Plaza III {CMP Building III, LLC}",69bd73faa9080d01db40736f,Location,custom-fields,"Corporate Medical Plaza III {CMP Building III, LLC}",2026-06-13
"Block Real Estate Services, LLC",69fdf02303a2257cd27ddb99,"gd1403 - Guaranty Development - Scott Avenue {Guaranty Development Group, LLC}",6a171fe6bd6dc7d1e7f13728,Property Manager,custom-fields,1c8b914e-090f-4b1b-9400-15d195782e7c,2026-06-13
"Block Real Estate Services, LLC",69fdf02303a2257cd27ddb99,"gd1403 - Guaranty Development - Scott Avenue {Guaranty Development Group, LLC}",69bd73faa9080d01db40736f,Location,custom-fields,"Guaranty Development - Scott Avenue {Guaranty Development Group, LLC}",2026-06-13
"Block Real Estate Services, LLC",69fdf026e45e7dcf5c436036,"gd1411 - Guaranty Development - 11820 Blue Ridge {Guaranty Development Group, LLC}",69bd73faa9080d01db40736f,Location,custom-fields,"Guaranty Development - 11820 Blue Ridge {Guaranty Development Group, LLC}",2026-06-13
"Block Real Estate Services, LLC",69fdf026e45e7dcf5c436036,"gd1411 - Guaranty Development - 11820 Blue Ridge {Guaranty Development Group, LLC}",6a171fe6bd6dc7d1e7f13728,Property Manager,custom-fields,1c8b914e-090f-4b1b-9400-15d195782e7c,2026-06-13
"Block Real Estate Services, LLC",69fdf01f3b208288e0a7cdb6,"fwr117 - Galleria 115 Firstwatch {Galleria 115, LLC}",69bd73faa9080d01db40736f,Location,custom-fields,"Galleria 115 Firstwatch {Galleria 115, LLC}",2026-06-13
"Block Real Estate Services, LLC",69fdf01f3b208288e0a7cdb6,"fwr117 - Galleria 115 Firstwatch {Galleria 115, LLC}",6a171fe6bd6dc7d1e7f13728,Property Manager,custom-fields,1695e554-ec4d-4cb3-8d60-a9b093c67700,2026-06-13
"Block Real Estate Services, LLC",69fdf03902bb2c42a87a13b8,"hig143 - High Tech Associates (Pine Ridge Building 20) {High Tech Associates, LLC}",69bd73faa9080d01db40736f,Location,custom-fields,"High Tech Associates (Pine Ridge Building 20) {High Tech Associates, LLC}",2026-06-13
"Block Real Estate Services, LLC",69fdf03902bb2c42a87a13b8,"hig143 - High Tech Associates (Pine Ridge Building 20) {High Tech Associates, LLC}",6a171fe6bd6dc7d1e7f13728,Property Manager,custom-fields,5bb73b6f-fa71-4c8d-9552-cfc66002b8ee,2026-06-13
"Block Real Estate Services, LLC",69fdf02903a2257cd27dddc3,"gd2426 - Guaranty Development - Two-Parvin Road {Guaranty Development Group Two, LLC}",6a171fe6bd6dc7d1e7f13728,Property Manager,custom-fields,1c8b914e-090f-4b1b-9400-15d195782e7c,2026-06-13
"Block Real Estate Services, LLC",69fdf02903a2257cd27dddc3,"gd2426 - Guaranty Development - Two-Parvin Road {Guaranty Development Group Two, LLC}",69bd73faa9080d01db40736f,Location,custom-fields,"Guaranty Development - Two-Parvin Road {Guaranty Development Group Two, LLC}",2026-06-13
"Block Real Estate Services, LLC",69fdf01c02bb2c42a87a0f07,"dav189 - Davenport Investors, LLC",6a171fe6bd6dc7d1e7f13728,Property Manager,custom-fields,41834b8a-9c88-4bc9-a53d-474e45d58bb8,2026-06-13
"Block Real Estate Services, LLC",69fdf01c02bb2c42a87a0f07,"dav189 - Davenport Investors, LLC",69bd73faa9080d01db40736f,Location,custom-fields,"Davenport Investors, LLC",2026-06-13
"Block Real Estate Services, LLC",69fdf03603a2257cd27ddee7,"glo519 - Glo-Rae - Armourdale - South  (S. 7th St. Trafficway /St. Paul/Miami Ave) {Glo-Rae Investment Company, LLC}",69bd73faa9080d01db40736f,Location,custom-fields,"Glo-Rae - Armourdale - South  (S. 7th St. Trafficway /St. Paul/Miami Ave) {Glo-Rae Investment Company, LLC}",2026-06-13
"Block Real Estate Services, LLC",69fdf03603a2257cd27ddee7,"glo519 - Glo-Rae - Armourdale - South  (S. 7th St. Trafficway /St. Paul/Miami Ave) {Glo-Rae Investment Company, LLC}",6a171fe6bd6dc7d1e7f13728,Property Manager,custom-fields,02fa4042-fb5d-4148-9328-b6ce77245022,2026-06-13
"Block Real Estate Services, LLC",69fdf02c0bb484cab513b6a0,"glo511 - Glo-Rae - Armourdale - North (S. 7th St. Trafficway) {Glo-Rae Investment Company, LLC}",6a171fe6bd6dc7d1e7f13728,Property Manager,custom-fields,02fa4042-fb5d-4148-9328-b6ce77245022,2026-06-13
"Block Real Estate Services, LLC",69fdf02c0bb484cab513b6a0,"glo511 - Glo-Rae - Armourdale - North (S. 7th St. Trafficway) {Glo-Rae Investment Company, LLC}",69bd73faa9080d01db40736f,Location,custom-fields,"Glo-Rae - Armourdale - North (S. 7th St. Trafficway) {Glo-Rae Investment Company, LLC}",2026-06-13
"Block Real Estate Services, LLC",69fdf03f03a2257cd27de04f,"kc2700 - Switzer I {Barry 1, LLC}",69bd73faa9080d01db40736f,Location,custom-fields,"Switzer I {Barry 1, LLC}",2026-06-13
"Block Real Estate Services, LLC",69fdf03f03a2257cd27de04f,"kc2700 - Switzer I {Barry 1, LLC}",6a171fe6bd6dc7d1e7f13728,Property Manager,custom-fields,eab9d1d5-5e1c-4e43-a613-0a23d0211c96,2026-06-13
"Block Real Estate Services, LLC",69fdf05002bb2c42a87a1859,"kc2704 - Westbrook IV {Brian 4, LLC}",69bd73faa9080d01db40736f,Location,custom-fields,"Westbrook IV {Brian 4, LLC}",2026-06-13
"Block Real Estate Services, LLC",69fdf05002bb2c42a87a1859,"kc2704 - Westbrook IV {Brian 4, LLC}",6a171fe6bd6dc7d1e7f13728,Property Manager,custom-fields,eab9d1d5-5e1c-4e43-a613-0a23d0211c96,2026-06-13
"Block Real Estate Services, LLC",69fdf05638cbea6b3a68f4ea,"kci282 - Platte Valley Industrial Center 2 {Platte Valley Investment, LLC}",6a171fe6bd6dc7d1e7f13728,Property Manager,custom-fields,02330089-06d2-4c27-931b-54cd933087c5,2026-06-13
"Block Real Estate Services, LLC",69fdf05638cbea6b3a68f4ea,"kci282 - Platte Valley Industrial Center 2 {Platte Valley Investment, LLC}",69bd73faa9080d01db40736f,Location,custom-fields,"Platte Valley Industrial Center 2 {Platte Valley Investment, LLC}",2026-06-13
"Block Real Estate Services, LLC",69fdf05e0e86e2f8723db3e7,"kci284 - Platte Valley Industrial Center 4 {Platte Valley Investment, LLC}",69bd73faa9080d01db40736f,Location,custom-fields,"Platte Valley Industrial Center 4 {Platte Valley Investment, LLC}",2026-06-13
"Block Real Estate Services, LLC",69fdf05e0e86e2f8723db3e7,"kci284 - Platte Valley Industrial Center 4 {Platte Valley Investment, LLC}",6a171fe6bd6dc7d1e7f13728,Property Manager,custom-fields,02330089-06d2-4c27-931b-54cd933087c5,2026-06-13
"Block Real Estate Services, LLC",69fdf061bf1df2fe969263d0,"kci286 - Platte Valley Industrial Center 6 {Platte Valley Investment, LLC}",69bd73faa9080d01db40736f,Location,custom-fields,"Platte Valley Industrial Center 6 {Platte Valley Investment, LLC}",2026-06-13
"Block Real Estate Services, LLC",69fdf061bf1df2fe969263d0,"kci286 - Platte Valley Industrial Center 6 {Platte Valley Investment, LLC}",6a171fe6bd6dc7d1e7f13728,Property Manager,custom-fields,02330089-06d2-4c27-931b-54cd933087c5,2026-06-13
"Block Real Estate Services, LLC",69fdf064e45e7dcf5c4375c2,"kci287 - Platte Valley Industrial Center 7 {Platte Valley Investment, LLC}",69bd73faa9080d01db40736f,Location,custom-fields,"Platte Valley Industrial Center 7 {Platte Valley Investment, LLC}",2026-06-13
"Block Real Estate Services, LLC",69fdf064e45e7dcf5c4375c2,"kci287 - Platte Valley Industrial Center 7 {Platte Valley Investment, LLC}",6a171fe6bd6dc7d1e7f13728,Property Manager,custom-fields,02330089-06d2-4c27-931b-54cd933087c5,2026-06-13
"Block Real Estate Services, LLC",69fdf067fa0b60fcd50d99bf,"kci288 - Platte Valley Industrial Center 8 {Platte Valley Investment, LLC}",69bd73faa9080d01db40736f,Location,custom-fields,"Platte Valley Industrial Center 8 {Platte Valley Investment, LLC}",2026-06-13
"Block Real Estate Services, LLC",69fdf067fa0b60fcd50d99bf,"kci288 - Platte Valley Industrial Center 8 {Platte Valley Investment, LLC}",6a171fe6bd6dc7d1e7f13728,Property Manager,custom-fields,02330089-06d2-4c27-931b-54cd933087c5,2026-06-13
"Block Real Estate Services, LLC",69fdf03c3b208288e0a7d188,"int072 - Interstate Building II, LLC",69bd73faa9080d01db40736f,Location,custom-fields,"Interstate Building II, LLC",2026-06-13
"Block Real Estate Services, LLC",69fdf03c3b208288e0a7d188,"int072 - Interstate Building II, LLC",6a171fe6bd6dc7d1e7f13728,Property Manager,custom-fields,5bb73b6f-fa71-4c8d-9552-cfc66002b8ee,2026-06-13
"Block Real Estate Services, LLC",69fdf0473b208288e0a7d535,"kc2702 - Switzer III {Barry 3, LLC}",69bd73faa9080d01db40736f,Location,custom-fields,"Switzer III {Barry 3, LLC}",2026-06-13
"Block Real Estate Services, LLC",69fdf0473b208288e0a7d535,"kc2702 - Switzer III {Barry 3, LLC}",6a171fe6bd6dc7d1e7f13728,Property Manager,custom-fields,eab9d1d5-5e1c-4e43-a613-0a23d0211c96,2026-06-13
"Block Real Estate Services, LLC",69fdf07103a2257cd27deaeb,"kci291 - Platte Valley Industrial Center 11 {Platte Valley Investment, LLC}",69bd73faa9080d01db40736f,Location,custom-fields,"Platte Valley Industrial Center 11 {Platte Valley Investment, LLC}",2026-06-13
"Block Real Estate Services, LLC",69fdf07103a2257cd27deaeb,"kci291 - Platte Valley Industrial Center 11 {Platte Valley Investment, LLC}",6a171fe6bd6dc7d1e7f13728,Property Manager,custom-fields,02330089-06d2-4c27-931b-54cd933087c5,2026-06-13
"Block Real Estate Services, LLC",69fdf07502bb2c42a87a2174,"kci862 - Riverside Distribution Center 2 {Riverside Distribution Center Investment, LLC}",69bd73faa9080d01db40736f,Location,custom-fields,"Riverside Distribution Center 2 {Riverside Distribution Center Investment, LLC}",2026-06-13
"Block Real Estate Services, LLC",69fdf07502bb2c42a87a2174,"kci862 - Riverside Distribution Center 2 {Riverside Distribution Center Investment, LLC}",6a171fe6bd6dc7d1e7f13728,Property Manager,custom-fields,02330089-06d2-4c27-931b-54cd933087c5,2026-06-13
"Block Real Estate Services, LLC",69fdf07f0e86e2f8723dbc32,"kci863 - Riverside Distribution Center 3 {Riverside Distribution Center Investment, LLC}",69bd73faa9080d01db40736f,Location,custom-fields,"Riverside Distribution Center 3 {Riverside Distribution Center Investment, LLC}",2026-06-13
"Block Real Estate Services, LLC",69fdf07f0e86e2f8723dbc32,"kci863 - Riverside Distribution Center 3 {Riverside Distribution Center Investment, LLC}",6a171fe6bd6dc7d1e7f13728,Property Manager,custom-fields,02330089-06d2-4c27-931b-54cd933087c5,2026-06-13
"Block Real Estate Services, LLC",69fdf0533b208288e0a7d827,"kci281 - Platte Valley Industrial Center 1 {Platte Valley Investment, LLC}",69bd73faa9080d01db40736f,Location,custom-fields,"Platte Valley Industrial Center 1 {Platte Valley Investment, LLC}",2026-06-13
"Block Real Estate Services, LLC",69fdf0533b208288e0a7d827,"kci281 - Platte Valley Industrial Center 1 {Platte Valley Investment, LLC}",6a171fe6bd6dc7d1e7f13728,Property Manager,custom-fields,02330089-06d2-4c27-931b-54cd933087c5,2026-06-13
"Block Real Estate Services, LLC",69fdf04202bb2c42a87a15aa,"kc2701 - Switzer II {Barry 2, LLC}",69bd73faa9080d01db40736f,Location,custom-fields,"Switzer II {Barry 2, LLC}",2026-06-13
"Block Real Estate Services, LLC",69fdf04202bb2c42a87a15aa,"kc2701 - Switzer II {Barry 2, LLC}",6a171fe6bd6dc7d1e7f13728,Property Manager,custom-fields,eab9d1d5-5e1c-4e43-a613-0a23d0211c96,2026-06-13
"Block Real Estate Services, LLC",69fdf0590bb484cab513c4cc,"kci283 - Platte Valley Industrial Center 3 {Platte Valley Investment, LLC}",69bd73faa9080d01db40736f,Location,custom-fields,"Platte Valley Industrial Center 3 {Platte Valley Investment, LLC}",2026-06-13
"Block Real Estate Services, LLC",69fdf0590bb484cab513c4cc,"kci283 - Platte Valley Industrial Center 3 {Platte Valley Investment, LLC}",6a171fe6bd6dc7d1e7f13728,Property Manager,custom-fields,02330089-06d2-4c27-931b-54cd933087c5,2026-06-13
"Block Real Estate Services, LLC",69fdf08238cbea6b3a6909f0,"kci864 - Riverside Distribution Center 4 {Riverside Distribution Center Investment, LLC}",69bd73faa9080d01db40736f,Location,custom-fields,"Riverside Distribution Center 4 {Riverside Distribution Center Investment, LLC}",2026-06-13
"Block Real Estate Services, LLC",69fdf08238cbea6b3a6909f0,"kci864 - Riverside Distribution Center 4 {Riverside Distribution Center Investment, LLC}",6a171fe6bd6dc7d1e7f13728,Property Manager,custom-fields,02330089-06d2-4c27-931b-54cd933087c5,2026-06-13
"Block Real Estate Services, LLC",69fdf04d03a2257cd27de3b8,"kc2703 - Brookhollow I {Flint 1, LLC}",69bd73faa9080d01db40736f,Location,custom-fields,"Brookhollow I {Flint 1, LLC}",2026-06-13
"Block Real Estate Services, LLC",69fdf04d03a2257cd27de3b8,"kc2703 - Brookhollow I {Flint 1, LLC}",6a171fe6bd6dc7d1e7f13728,Property Manager,custom-fields,eab9d1d5-5e1c-4e43-a613-0a23d0211c96,2026-06-13
"Block Real Estate Services, LLC",69fdf06abf1df2fe96926664,"kci289 - Platte Valley Industrial Center 9 {Platte Valley Investment, LLC}",69bd73faa9080d01db40736f,Location,custom-fields,"Platte Valley Industrial Center 9 {Platte Valley Investment, LLC}",2026-06-13
"Block Real Estate Services, LLC",69fdf06abf1df2fe96926664,"kci289 - Platte Valley Industrial Center 9 {Platte Valley Investment, LLC}",6a171fe6bd6dc7d1e7f13728,Property Manager,custom-fields,02330089-06d2-4c27-931b-54cd933087c5,2026-06-13
"Block Real Estate Services, LLC",69fdf0850bb484cab513cb76,"kci865 - Riverside Distribution Center 5 {Riverside Distribution Center Investment, LLC}",69bd73faa9080d01db40736f,Location,custom-fields,"Riverside Distribution Center 5 {Riverside Distribution Center Investment, LLC}",2026-06-13
"Block Real Estate Services, LLC",69fdf0850bb484cab513cb76,"kci865 - Riverside Distribution Center 5 {Riverside Distribution Center Investment, LLC}",6a171fe6bd6dc7d1e7f13728,Property Manager,custom-fields,02330089-06d2-4c27-931b-54cd933087c5,2026-06-13
"Block Real Estate Services, LLC",69fdf06de45e7dcf5c4377cd,"kci290 - Platte Valley Industrial Center 10 {Platte Valley Investment, LLC}",69bd73faa9080d01db40736f,Location,custom-fields,"Platte Valley Industrial Center 10 {Platte Valley Investment, LLC}",2026-06-13
"Block Real Estate Services, LLC",69fdf06de45e7dcf5c4377cd,"kci290 - Platte Valley Industrial Center 10 {Platte Valley Investment, LLC}",6a171fe6bd6dc7d1e7f13728,Property Manager,custom-fields,02330089-06d2-4c27-931b-54cd933087c5,2026-06-13
"Block Real Estate Services, LLC",69fdf0870e86e2f8723dbdc2,"kci891 - Riverside Industrial Center 1 {Riverside Industrial Center Investment, LLC}",69bd73faa9080d01db40736f,Location,custom-fields,"Riverside Industrial Center 1 {Riverside Industrial Center Investment, LLC}",2026-06-13
"Block Real Estate Services, LLC",69fdf0870e86e2f8723dbdc2,"kci891 - Riverside Industrial Center 1 {Riverside Industrial Center Investment, LLC}",6a171fe6bd6dc7d1e7f13728,Property Manager,custom-fields,02330089-06d2-4c27-931b-54cd933087c5,2026-06-13
"Block Real Estate Services, LLC",69fdf08d0bb484cab513cc63,"kci893 - Riverside Industrial Center 3 {Riverside Industrial Center Investment, LLC}",69bd73faa9080d01db40736f,Location,custom-fields,"Riverside Industrial Center 3 {Riverside Industrial Center Investment, LLC}",2026-06-13
"Block Real Estate Services, LLC",69fdf08d0bb484cab513cc63,"kci893 - Riverside Industrial Center 3 {Riverside Industrial Center Investment, LLC}",6a171fe6bd6dc7d1e7f13728,Property Manager,custom-fields,02330089-06d2-4c27-931b-54cd933087c5,2026-06-13
"Block Real Estate Services, LLC",69fdf090fa0b60fcd50da1ff,"kci894 - Riverside Industrial Center 4 {Riverside Industrial Center Investment, LLC}",69bd73faa9080d01db40736f,Location,custom-fields,"Riverside Industrial Center 4 {Riverside Industrial Center Investment, LLC}",2026-06-13
"Block Real Estate Services, LLC",69fdf090fa0b60fcd50da1ff,"kci894 - Riverside Industrial Center 4 {Riverside Industrial Center Investment, LLC}",6a171fe6bd6dc7d1e7f13728,Property Manager,custom-fields,02330089-06d2-4c27-931b-54cd933087c5,2026-06-13
"Block Real Estate Services, LLC",69fdf08a38cbea6b3a6914e6,"kci892 - Riverside Industrial Center 2 {Riverside Industrial Center Investment, LLC}",69bd73faa9080d01db40736f,Location,custom-fields,"Riverside Industrial Center 2 {Riverside Industrial Center Investment, LLC}",2026-06-13
"Block Real Estate Services, LLC",69fdf08a38cbea6b3a6914e6,"kci892 - Riverside Industrial Center 2 {Riverside Industrial Center Investment, LLC}",6a171fe6bd6dc7d1e7f13728,Property Manager,custom-fields,02330089-06d2-4c27-931b-54cd933087c5,2026-06-13
"Block Real Estate Services, LLC",69fdf09302bb2c42a87a27e2,"kci895 - Riverside Industrial Center 5 {Riverside Industrial Center Investment, LLC}",69bd73faa9080d01db40736f,Location,custom-fields,"Riverside Industrial Center 5 {Riverside Industrial Center Investment, LLC}",2026-06-13
"Block Real Estate Services, LLC",69fdf09302bb2c42a87a27e2,"kci895 - Riverside Industrial Center 5 {Riverside Industrial Center Investment, LLC}",6a171fe6bd6dc7d1e7f13728,Property Manager,custom-fields,02330089-06d2-4c27-931b-54cd933087c5,2026-06-13
"Block Real Estate Services, LLC",69fdf09d38cbea6b3a6917a7,"lcs458 - Lenexa Logistics Centre South Building 8 {LLCS Building 8 Investors, LLC}",69bd73faa9080d01db40736f,Location,custom-fields,"Lenexa Logistics Centre South Building 8 {LLCS Building 8 Investors, LLC}",2026-06-13
"Block Real Estate Services, LLC",69fdf09d38cbea6b3a6917a7,"lcs458 - Lenexa Logistics Centre South Building 8 {LLCS Building 8 Investors, LLC}",6a171fe6bd6dc7d1e7f13728,Property Manager,custom-fields,2183c4d0-ef7e-42c6-88c2-9322a1e6469d,2026-06-13
"Block Real Estate Services, LLC",69fdf0a60bb484cab513d2da,"mil708 - Mill Street Station {Mill Street Station, LLC}",69bd73faa9080d01db40736f,Location,custom-fields,"Mill Street Station {Mill Street Station, LLC}",2026-06-13
"Block Real Estate Services, LLC",69fdf0a60bb484cab513d2da,"mil708 - Mill Street Station {Mill Street Station, LLC}",6a171fe6bd6dc7d1e7f13728,Property Manager,custom-fields,1c8b914e-090f-4b1b-9400-15d195782e7c,2026-06-13
"Block Real Estate Services, LLC",69fdf0a3e45e7dcf5c438149,"lne435 - Lenexa Logistics Centre North Building 5 {LLCN 5, LLC}",69bd73faa9080d01db40736f,Location,custom-fields,"Lenexa Logistics Centre North Building 5 {LLCN 5, LLC}",2026-06-13
"Block Real Estate Services, LLC",69fdf0a3e45e7dcf5c438149,"lne435 - Lenexa Logistics Centre North Building 5 {LLCN 5, LLC}",6a171fe6bd6dc7d1e7f13728,Property Manager,custom-fields,2183c4d0-ef7e-42c6-88c2-9322a1e6469d,2026-06-13
"Block Real Estate Services, LLC",69fdf0aa38cbea6b3a691e24,"mel786 - Village West Park/I-70 Speedway {Melville, LLC}",69bd73faa9080d01db40736f,Location,custom-fields,"Village West Park/I-70 Speedway {Melville, LLC}",2026-06-13
"Block Real Estate Services, LLC",69fdf0aa38cbea6b3a691e24,"mel786 - Village West Park/I-70 Speedway {Melville, LLC}",6a171fe6bd6dc7d1e7f13728,Property Manager,custom-fields,02fa4042-fb5d-4148-9328-b6ce77245022,2026-06-13
"Block Real Estate Services, LLC",69fdf0b50bb484cab513d68a,"nor454 - Northridge - Enterprise, LLC",69bd73faa9080d01db40736f,Location,custom-fields,"Northridge - Enterprise, LLC",2026-06-13
"Block Real Estate Services, LLC",69fdf0b50bb484cab513d68a,"nor454 - Northridge - Enterprise, LLC",6a171fe6bd6dc7d1e7f13728,Property Manager,custom-fields,1c8b914e-090f-4b1b-9400-15d195782e7c,2026-06-13
"Block Real Estate Services, LLC",69fdf0a00bb484cab513cf51,"lle449 - Lenexa Logistics Centre East Building 4 {NB Lenexa East 4, LLC}",69bd73faa9080d01db40736f,Location,custom-fields,"Lenexa Logistics Centre East Building 4 {NB Lenexa East 4, LLC}",2026-06-13
"Block Real Estate Services, LLC",69fdf0a00bb484cab513cf51,"lle449 - Lenexa Logistics Centre East Building 4 {NB Lenexa East 4, LLC}",6a171fe6bd6dc7d1e7f13728,Property Manager,custom-fields,2183c4d0-ef7e-42c6-88c2-9322a1e6469d,2026-06-13
"Block Real Estate Services, LLC",69fdf0b038cbea6b3a691f37,"nor453 - Northridge - Clarinda {Northridge-Clarinda, LLC}",69bd73faa9080d01db40736f,Location,custom-fields,"Northridge - Clarinda {Northridge-Clarinda, LLC}",2026-06-13
"Block Real Estate Services, LLC",69fdf0b038cbea6b3a691f37,"nor453 - Northridge - Clarinda {Northridge-Clarinda, LLC}",6a171fe6bd6dc7d1e7f13728,Property Manager,custom-fields,1c8b914e-090f-4b1b-9400-15d195782e7c,2026-06-13
"Block Real Estate Services, LLC",69fdf0ad0bb484cab513d40c,"ncd054 - North Cass Shopping Center {North Cass Development, LLC}",69bd73faa9080d01db40736f,Location,custom-fields,"North Cass Shopping Center {North Cass Development, LLC}",2026-06-13
"Block Real Estate Services, LLC",69fdf0ad0bb484cab513d40c,"ncd054 - North Cass Shopping Center {North Cass Development, LLC}",6a171fe6bd6dc7d1e7f13728,Property Manager,custom-fields,1695e554-ec4d-4cb3-8d60-a9b093c67700,2026-06-13
"Block Real Estate Services, LLC",69fdf0b9bf1df2fe9692782f,"pas771 - Paseo Industrial - 1307 Vernon {Paseo Industrial, LLC}",69bd73faa9080d01db40736f,Location,custom-fields,"Paseo Industrial - 1307 Vernon {Paseo Industrial, LLC}",2026-06-13
"Block Real Estate Services, LLC",69fdf0b9bf1df2fe9692782f,"pas771 - Paseo Industrial - 1307 Vernon {Paseo Industrial, LLC}",6a171fe6bd6dc7d1e7f13728,Property Manager,custom-fields,02fa4042-fb5d-4148-9328-b6ce77245022,2026-06-13
"Block Real Estate Services, LLC",69fdf0bc3b208288e0a7f1c2,"pas772 - Paseo Industrial - 1600 Vernon {Paseo Industrial, LLC}",69bd73faa9080d01db40736f,Location,custom-fields,"Paseo Industrial - 1600 Vernon {Paseo Industrial, LLC}",2026-06-13
"Block Real Estate Services, LLC",69fdf0bc3b208288e0a7f1c2,"pas772 - Paseo Industrial - 1600 Vernon {Paseo Industrial, LLC}",6a171fe6bd6dc7d1e7f13728,Property Manager,custom-fields,02fa4042-fb5d-4148-9328-b6ce77245022,2026-06-13
"Block Real Estate Services, LLC",69fdf0c1bf1df2fe969278eb,"pas773 - Paseo Industrial - 1800 Vernon {Paseo Industrial, LLC}",69bd73faa9080d01db40736f,Location,custom-fields,"Paseo Industrial - 1800 Vernon {Paseo Industrial, LLC}",2026-06-13
"Block Real Estate Services, LLC",69fdf0c1bf1df2fe969278eb,"pas773 - Paseo Industrial - 1800 Vernon {Paseo Industrial, LLC}",6a171fe6bd6dc7d1e7f13728,Property Manager,custom-fields,02fa4042-fb5d-4148-9328-b6ce77245022,2026-06-13
"Block Real Estate Services, LLC",69fdf0c802bb2c42a87a35a2,"pla047 - 4700 Summer Investors, LLC / Planet Fitness",69bd73faa9080d01db40736f,Location,custom-fields,"4700 Summer Investors, LLC / Planet Fitness",2026-06-13
"Block Real Estate Services, LLC",69fdf0c802bb2c42a87a35a2,"pla047 - 4700 Summer Investors, LLC / Planet Fitness",6a171fe6bd6dc7d1e7f13728,Property Manager,custom-fields,1695e554-ec4d-4cb3-8d60-a9b093c67700,2026-06-13
"Block Real Estate Services, LLC",69fdf0dc02bb2c42a87a39b3,"prg805 - Pine Ridge Building E-1 {PERG BUILDINGS, LLC}",69bd73faa9080d01db40736f,Location,custom-fields,"Pine Ridge Building E-1 {PERG BUILDINGS, LLC}",2026-06-13
"Block Real Estate Services, LLC",69fdf0dc02bb2c42a87a39b3,"prg805 - Pine Ridge Building E-1 {PERG BUILDINGS, LLC}",6a171fe6bd6dc7d1e7f13728,Property Manager,custom-fields,5bb73b6f-fa71-4c8d-9552-cfc66002b8ee,2026-06-13
"Block Real Estate Services, LLC",69fdf0d602bb2c42a87a37d2,"prg803 - Pine Ridge Building C {PERG BUILDINGS, LLC}",69bd73faa9080d01db40736f,Location,custom-fields,"Pine Ridge Building C {PERG BUILDINGS, LLC}",2026-06-13
"Block Real Estate Services, LLC",69fdf0d602bb2c42a87a37d2,"prg803 - Pine Ridge Building C {PERG BUILDINGS, LLC}",6a171fe6bd6dc7d1e7f13728,Property Manager,custom-fields,5bb73b6f-fa71-4c8d-9552-cfc66002b8ee,2026-06-13
"Block Real Estate Services, LLC",69fdf0c43b208288e0a7f2ab,"pas774 - Paseo Industrial - 1201 Saline {Paseo Industrial, LLC}",69bd73faa9080d01db40736f,Location,custom-fields,"Paseo Industrial - 1201 Saline {Paseo Industrial, LLC}",2026-06-13
"Block Real Estate Services, LLC",69fdf0c43b208288e0a7f2ab,"pas774 - Paseo Industrial - 1201 Saline {Paseo Industrial, LLC}",6a171fe6bd6dc7d1e7f13728,Property Manager,custom-fields,02fa4042-fb5d-4148-9328-b6ce77245022,2026-06-13
"Block Real Estate Services, LLC",69fdf0cbe45e7dcf5c438bc3,"pma106 - 5055 Antioch {Pine Meadows Associates, LLC}",69bd73faa9080d01db40736f,Location,custom-fields,"5055 Antioch {Pine Meadows Associates, LLC}",2026-06-13
"Block Real Estate Services, LLC",69fdf0cbe45e7dcf5c438bc3,"pma106 - 5055 Antioch {Pine Meadows Associates, LLC}",6a171fe6bd6dc7d1e7f13728,Property Manager,custom-fields,02fa4042-fb5d-4148-9328-b6ce77245022,2026-06-13
"Block Real Estate Services, LLC",69fdf0d2e45e7dcf5c438d24,"prg802 - Pine Ridge Building B {PERG BUILDINGS, LLC}",69bd73faa9080d01db40736f,Location,custom-fields,"Pine Ridge Building B {PERG BUILDINGS, LLC}",2026-06-13
"Block Real Estate Services, LLC",69fdf0d2e45e7dcf5c438d24,"prg802 - Pine Ridge Building B {PERG BUILDINGS, LLC}",6a171fe6bd6dc7d1e7f13728,Property Manager,custom-fields,5bb73b6f-fa71-4c8d-9552-cfc66002b8ee,2026-06-13
"Block Real Estate Services, LLC",69fdf0cf3b208288e0a7f650,"prg801 - Pine Ridge Building A {PERG BUILDINGS, LLC}",69bd73faa9080d01db40736f,Location,custom-fields,"Pine Ridge Building A {PERG BUILDINGS, LLC}",2026-06-13
"Block Real Estate Services, LLC",69fdf0cf3b208288e0a7f650,"prg801 - Pine Ridge Building A {PERG BUILDINGS, LLC}",6a171fe6bd6dc7d1e7f13728,Property Manager,custom-fields,5bb73b6f-fa71-4c8d-9552-cfc66002b8ee,2026-06-13
"Block Real Estate Services, LLC",69fdf0e0e45e7dcf5c43916b,"prg806 - Pine Ridge Building E-2 {PERG BUILDINGS, LLC}",69bd73faa9080d01db40736f,Location,custom-fields,"Pine Ridge Building E-2 {PERG BUILDINGS, LLC}",2026-06-13
"Block Real Estate Services, LLC",69fdf0e0e45e7dcf5c43916b,"prg806 - Pine Ridge Building E-2 {PERG BUILDINGS, LLC}",6a171fe6bd6dc7d1e7f13728,Property Manager,custom-fields,5bb73b6f-fa71-4c8d-9552-cfc66002b8ee,2026-06-13
"Block Real Estate Services, LLC",69fdf0ef38cbea6b3a692ebb,"prg812 - Pine Ridge Building L {PERG BUILDINGS, LLC}",69bd73faa9080d01db40736f,Location,custom-fields,"Pine Ridge Building L {PERG BUILDINGS, LLC}",2026-06-13
"Block Real Estate Services, LLC",69fdf0ef38cbea6b3a692ebb,"prg812 - Pine Ridge Building L {PERG BUILDINGS, LLC}",6a171fe6bd6dc7d1e7f13728,Property Manager,custom-fields,5bb73b6f-fa71-4c8d-9552-cfc66002b8ee,2026-06-13
"Block Real Estate Services, LLC",69fdf0f202bb2c42a87a3f39,"prg815 - One Pine Ridge Plaza {PERG BUILDINGS, LLC}",69bd73faa9080d01db40736f,Location,custom-fields,"One Pine Ridge Plaza {PERG BUILDINGS, LLC}",2026-06-13
"Block Real Estate Services, LLC",69fdf0f202bb2c42a87a3f39,"prg815 - One Pine Ridge Plaza {PERG BUILDINGS, LLC}",6a171fe6bd6dc7d1e7f13728,Property Manager,custom-fields,5bb73b6f-fa71-4c8d-9552-cfc66002b8ee,2026-06-13
"Block Real Estate Services, LLC",69fdf0d9e45e7dcf5c438e0a,"prg804 - Pine Ridge Building D {PERG BUILDINGS, LLC}",69bd73faa9080d01db40736f,Location,custom-fields,"Pine Ridge Building D {PERG BUILDINGS, LLC}",2026-06-13
"Block Real Estate Services, LLC",69fdf0d9e45e7dcf5c438e0a,"prg804 - Pine Ridge Building D {PERG BUILDINGS, LLC}",6a171fe6bd6dc7d1e7f13728,Property Manager,custom-fields,5bb73b6f-fa71-4c8d-9552-cfc66002b8ee,2026-06-13
"Block Real Estate Services, LLC",69fdf0e502bb2c42a87a3d50,"prg807 - Pine Ridge Building F {PERG BUILDINGS, LLC}",69bd73faa9080d01db40736f,Location,custom-fields,"Pine Ridge Building F {PERG BUILDINGS, LLC}",2026-06-13
"Block Real Estate Services, LLC",69fdf0e502bb2c42a87a3d50,"prg807 - Pine Ridge Building F {PERG BUILDINGS, LLC}",6a171fe6bd6dc7d1e7f13728,Property Manager,custom-fields,5bb73b6f-fa71-4c8d-9552-cfc66002b8ee,2026-06-13
"Block Real Estate Services, LLC",69fdf0eb0bb484cab513e3dd,"prg811 - Pine Ridge Building K {PERG BUILDINGS, LLC}",69bd73faa9080d01db40736f,Location,custom-fields,"Pine Ridge Building K {PERG BUILDINGS, LLC}",2026-06-13
"Block Real Estate Services, LLC",69fdf0eb0bb484cab513e3dd,"prg811 - Pine Ridge Building K {PERG BUILDINGS, LLC}",6a171fe6bd6dc7d1e7f13728,Property Manager,custom-fields,5bb73b6f-fa71-4c8d-9552-cfc66002b8ee,2026-06-13
"Block Real Estate Services, LLC",69fdf103e45e7dcf5c439919,"prg839 - Pine Ridge Building 18 {PERG BUILDINGS, LLC}",69bd73faa9080d01db40736f,Location,custom-fields,"Pine Ridge Building 18 {PERG BUILDINGS, LLC}",2026-06-13
"Block Real Estate Services, LLC",69fdf103e45e7dcf5c439919,"prg839 - Pine Ridge Building 18 {PERG BUILDINGS, LLC}",6a171fe6bd6dc7d1e7f13728,Property Manager,custom-fields,3d265d35-2c81-4e6c-b214-388babe80377,2026-06-13
"Block Real Estate Services, LLC",69fdf10038cbea6b3a6932b8,"prg838 - Pine Ridge Building 12 {PERG BUILDINGS, LLC}",69bd73faa9080d01db40736f,Location,custom-fields,"Pine Ridge Building 12 {PERG BUILDINGS, LLC}",2026-06-13
"Block Real Estate Services, LLC",69fdf10038cbea6b3a6932b8,"prg838 - Pine Ridge Building 12 {PERG BUILDINGS, LLC}",6a171fe6bd6dc7d1e7f13728,Property Manager,custom-fields,3d265d35-2c81-4e6c-b214-388babe80377,2026-06-13
"Block Real Estate Services, LLC",69fdf0f63b208288e0a8013d,"prg835 - Pine Ridge Building 5 {PERG BUILDINGS, LLC}",69bd73faa9080d01db40736f,Location,custom-fields,"Pine Ridge Building 5 {PERG BUILDINGS, LLC}",2026-06-13
"Block Real Estate Services, LLC",69fdf0f63b208288e0a8013d,"prg835 - Pine Ridge Building 5 {PERG BUILDINGS, LLC}",6a171fe6bd6dc7d1e7f13728,Property Manager,custom-fields,3d265d35-2c81-4e6c-b214-388babe80377,2026-06-13
"Block Real Estate Services, LLC",69fdf10de45e7dcf5c439a2b,"prg845 - Pine Ridge Building 25 {PERG BUILDINGS, LLC}",69bd73faa9080d01db40736f,Location,custom-fields,"Pine Ridge Building 25 {PERG BUILDINGS, LLC}",2026-06-13
"Block Real Estate Services, LLC",69fdf10de45e7dcf5c439a2b,"prg845 - Pine Ridge Building 25 {PERG BUILDINGS, LLC}",6a171fe6bd6dc7d1e7f13728,Property Manager,custom-fields,3d265d35-2c81-4e6c-b214-388babe80377,2026-06-13
"Block Real Estate Services, LLC",69fdf11fbf1df2fe9692924c,"prm791 - Prom Motor Hotel, Inc. - 7833 State Avenue",69bd73faa9080d01db40736f,Location,custom-fields,"Prom Motor Hotel, Inc. - 7833 State Avenue",2026-06-13
"Block Real Estate Services, LLC",69fdf11fbf1df2fe9692924c,"prm791 - Prom Motor Hotel, Inc. - 7833 State Avenue",6a171fe6bd6dc7d1e7f13728,Property Manager,custom-fields,1695e554-ec4d-4cb3-8d60-a9b093c67700,2026-06-13
"Block Real Estate Services, LLC",69fdf0e8e45e7dcf5c43943f,"prg808 - Pine Ridge Building G {PERG BUILDINGS, LLC}",69bd73faa9080d01db40736f,Location,custom-fields,"Pine Ridge Building G {PERG BUILDINGS, LLC}",2026-06-13
"Block Real Estate Services, LLC",69fdf0e8e45e7dcf5c43943f,"prg808 - Pine Ridge Building G {PERG BUILDINGS, LLC}",6a171fe6bd6dc7d1e7f13728,Property Manager,custom-fields,5bb73b6f-fa71-4c8d-9552-cfc66002b8ee,2026-06-13
"Block Real Estate Services, LLC",69fdf0fc7f8ab8a84b286ed0,"prg837 - Pine Ridge Building 11 {PERG BUILDINGS, LLC}",69bd73faa9080d01db40736f,Location,custom-fields,"Pine Ridge Building 11 {PERG BUILDINGS, LLC}",2026-06-13
"Block Real Estate Services, LLC",69fdf0fc7f8ab8a84b286ed0,"prg837 - Pine Ridge Building 11 {PERG BUILDINGS, LLC}",6a171fe6bd6dc7d1e7f13728,Property Manager,custom-fields,3d265d35-2c81-4e6c-b214-388babe80377,2026-06-13
"Block Real Estate Services, LLC",69fdf122d3bfa5e4945e17c3,"prm793 - Prom Motor Hotel, Inc. - 119th & Metcalf Retail",69bd73faa9080d01db40736f,Location,custom-fields,"Prom Motor Hotel, Inc. - 119th & Metcalf Retail",2026-06-13
"Block Real Estate Services, LLC",69fdf122d3bfa5e4945e17c3,"prm793 - Prom Motor Hotel, Inc. - 119th & Metcalf Retail",6a171fe6bd6dc7d1e7f13728,Property Manager,custom-fields,1695e554-ec4d-4cb3-8d60-a9b093c67700,2026-06-13
"Block Real Estate Services, LLC",69fdf10643ffeed6de3b1f8e,"prg841 - Pine Ridge Building 19 {PERG BUILDINGS, LLC}",69bd73faa9080d01db40736f,Location,custom-fields,"Pine Ridge Building 19 {PERG BUILDINGS, LLC}",2026-06-13
"Block Real Estate Services, LLC",69fdf10643ffeed6de3b1f8e,"prg841 - Pine Ridge Building 19 {PERG BUILDINGS, LLC}",6a171fe6bd6dc7d1e7f13728,Property Manager,custom-fields,3d265d35-2c81-4e6c-b214-388babe80377,2026-06-13
"Block Real Estate Services, LLC",69fdf109bf1df2fe969289b3,"prg843 - Pine Ridge Building 23 {PERG BUILDINGS, LLC}",69bd73faa9080d01db40736f,Location,custom-fields,"Pine Ridge Building 23 {PERG BUILDINGS, LLC}",2026-06-13
"Block Real Estate Services, LLC",69fdf109bf1df2fe969289b3,"prg843 - Pine Ridge Building 23 {PERG BUILDINGS, LLC}",6a171fe6bd6dc7d1e7f13728,Property Manager,custom-fields,3d265d35-2c81-4e6c-b214-388babe80377,2026-06-13
"Block Real Estate Services, LLC",69fdf11143ffeed6de3b221e,prg848 - Eight Pine Ridge Plaza {PERG Buildings. LLC},69bd73faa9080d01db40736f,Location,custom-fields,Eight Pine Ridge Plaza {PERG Buildings. LLC},2026-06-13
"Block Real Estate Services, LLC",69fdf11143ffeed6de3b221e,prg848 - Eight Pine Ridge Plaza {PERG Buildings. LLC},6a171fe6bd6dc7d1e7f13728,Property Manager,custom-fields,5bb73b6f-fa71-4c8d-9552-cfc66002b8ee,2026-06-13
"Block Real Estate Services, LLC",69fdf11702bb2c42a87a4f1e,"prg849 - Pine Ridge Building 29 {PERG BUILDINGS, LLC}",69bd73faa9080d01db40736f,Location,custom-fields,"Pine Ridge Building 29 {PERG BUILDINGS, LLC}",2026-06-13
"Block Real Estate Services, LLC",69fdf11702bb2c42a87a4f1e,"prg849 - Pine Ridge Building 29 {PERG BUILDINGS, LLC}",6a171fe6bd6dc7d1e7f13728,Property Manager,custom-fields,3d265d35-2c81-4e6c-b214-388babe80377,2026-06-13
"Block Real Estate Services, LLC",69fdf12502bb2c42a87a57e0,"prm796 - Prom Motor Hotel, Inc. - Airworld Industrial (fka Prom Airworld Center 9/10)",69bd73faa9080d01db40736f,Location,custom-fields,"Prom Motor Hotel, Inc. - Airworld Industrial (fka Prom Airworld Center 9/10)",2026-06-13
"Block Real Estate Services, LLC",69fdf12502bb2c42a87a57e0,"prm796 - Prom Motor Hotel, Inc. - Airworld Industrial (fka Prom Airworld Center 9/10)",6a171fe6bd6dc7d1e7f13728,Property Manager,custom-fields,eab9d1d5-5e1c-4e43-a613-0a23d0211c96,2026-06-13
"Block Real Estate Services, LLC",69fdf13dbf1df2fe96929ddf,"rmc764 - Roe Medical Centre I {RMC Associates, LLC}",69bd73faa9080d01db40736f,Location,custom-fields,"Roe Medical Centre I {RMC Associates, LLC}",2026-06-13
"Block Real Estate Services, LLC",69fdf13dbf1df2fe96929ddf,"rmc764 - Roe Medical Centre I {RMC Associates, LLC}",6a171fe6bd6dc7d1e7f13728,Property Manager,custom-fields,41834b8a-9c88-4bc9-a53d-474e45d58bb8,2026-06-13
"Block Real Estate Services, LLC",69fdf15538cbea6b3a695784,"sfe739 - 1610 Santa Fe, LLC",69bd73faa9080d01db40736f,Location,custom-fields,"1610 Santa Fe, LLC",2026-06-13
"Block Real Estate Services, LLC",69fdf15538cbea6b3a695784,"sfe739 - 1610 Santa Fe, LLC",6a171fe6bd6dc7d1e7f13728,Property Manager,custom-fields,1c8b914e-090f-4b1b-9400-15d195782e7c,2026-06-13
"Block Real Estate Services, LLC",69fdf12c38cbea6b3a6944ae,"rl2877 - Riverside Logistics Centre II {Riverside Logistics Centre II Investors, LLC}",69bd73faa9080d01db40736f,Location,custom-fields,"Riverside Logistics Centre II {Riverside Logistics Centre II Investors, LLC}",2026-06-13
"Block Real Estate Services, LLC",69fdf12c38cbea6b3a6944ae,"rl2877 - Riverside Logistics Centre II {Riverside Logistics Centre II Investors, LLC}",6a171fe6bd6dc7d1e7f13728,Property Manager,custom-fields,eab9d1d5-5e1c-4e43-a613-0a23d0211c96,2026-06-13
"Block Real Estate Services, LLC",69fdf1587f8ab8a84b289613,"str117 - Starbucks {Galleria 115 Investors, LLC}",69bd73faa9080d01db40736f,Location,custom-fields,"Starbucks {Galleria 115 Investors, LLC}",2026-06-13
"Block Real Estate Services, LLC",69fdf1587f8ab8a84b289613,"str117 - Starbucks {Galleria 115 Investors, LLC}",6a171fe6bd6dc7d1e7f13728,Property Manager,custom-fields,1695e554-ec4d-4cb3-8d60-a9b093c67700,2026-06-13
"Block Real Estate Services, LLC",69fdf16443ffeed6de3b3cbb,"tic220 - Pinnacle Corporate Centre I {Pinnacle Corporate Centre, LLC}",69bd73faa9080d01db40736f,Location,custom-fields,"Pinnacle Corporate Centre I {Pinnacle Corporate Centre, LLC}",2026-06-13
"Block Real Estate Services, LLC",69fdf16443ffeed6de3b3cbb,"tic220 - Pinnacle Corporate Centre I {Pinnacle Corporate Centre, LLC}",6a171fe6bd6dc7d1e7f13728,Property Manager,custom-fields,41834b8a-9c88-4bc9-a53d-474e45d58bb8,2026-06-13
"Block Real Estate Services, LLC",69fdf16702bb2c42a87a69a9,"tic239 - 3901 Dixon {3901 Dixon Investors, LLC}",69bd73faa9080d01db40736f,Location,custom-fields,"3901 Dixon {3901 Dixon Investors, LLC}",2026-06-13
"Block Real Estate Services, LLC",69fdf16702bb2c42a87a69a9,"tic239 - 3901 Dixon {3901 Dixon Investors, LLC}",6a171fe6bd6dc7d1e7f13728,Property Manager,custom-fields,41834b8a-9c88-4bc9-a53d-474e45d58bb8,2026-06-13
"Block Real Estate Services, LLC",69fdf16bd3bfa5e4945e27f9,tic242 - Martinrea Building {HIDGS Associates LLC},69bd73faa9080d01db40736f,Location,custom-fields,Martinrea Building {HIDGS Associates LLC},2026-06-13
"Block Real Estate Services, LLC",69fdf16bd3bfa5e4945e27f9,tic242 - Martinrea Building {HIDGS Associates LLC},6a171fe6bd6dc7d1e7f13728,Property Manager,custom-fields,eab9d1d5-5e1c-4e43-a613-0a23d0211c96,2026-06-13
"Block Real Estate Services, LLC",69fdf16fbf1df2fe9692b2ff,"tic253 - Nall Corporate Centre II {HLBT Associates, LLC}",69bd73faa9080d01db40736f,Location,custom-fields,"Nall Corporate Centre II {HLBT Associates, LLC}",2026-06-13
"Block Real Estate Services, LLC",69fdf16fbf1df2fe9692b2ff,"tic253 - Nall Corporate Centre II {HLBT Associates, LLC}",6a171fe6bd6dc7d1e7f13728,Property Manager,custom-fields,4f24f34a-5f91-45e5-a6a1-19c51628f934,2026-06-13
"Block Real Estate Services, LLC",69fdf1733b208288e0a83fdc,"tic285 - Platte Valley Industrial Center 5 {WCG Riverside, LLC}",69bd73faa9080d01db40736f,Location,custom-fields,"Platte Valley Industrial Center 5 {WCG Riverside, LLC}",2026-06-13
"Block Real Estate Services, LLC",69fdf1733b208288e0a83fdc,"tic285 - Platte Valley Industrial Center 5 {WCG Riverside, LLC}",6a171fe6bd6dc7d1e7f13728,Property Manager,custom-fields,eab9d1d5-5e1c-4e43-a613-0a23d0211c96,2026-06-13
"Block Real Estate Services, LLC",69fdf1523b208288e0a82fde,s79050 - S-79 Investment Company,69bd73faa9080d01db40736f,Location,custom-fields,S-79 Investment Company,2026-06-13
"Block Real Estate Services, LLC",69fdf1523b208288e0a82fde,s79050 - S-79 Investment Company,6a171fe6bd6dc7d1e7f13728,Property Manager,custom-fields,1695e554-ec4d-4cb3-8d60-a9b093c67700,2026-06-13
"Block Real Estate Services, LLC",69fdf15bd3bfa5e4945e2255,"sum015 - Summit Springs Shopping Center {Summit Springs Development, LLC}",69bd73faa9080d01db40736f,Location,custom-fields,"Summit Springs Shopping Center {Summit Springs Development, LLC}",2026-06-13
"Block Real Estate Services, LLC",69fdf15bd3bfa5e4945e2255,"sum015 - Summit Springs Shopping Center {Summit Springs Development, LLC}",6a171fe6bd6dc7d1e7f13728,Property Manager,custom-fields,1695e554-ec4d-4cb3-8d60-a9b093c67700,2026-06-13
"Block Real Estate Services, LLC",69fdf15ebf1df2fe9692af51,"tic001 - 46 Penn Centre {46 PC Investors, LLC}",69bd73faa9080d01db40736f,Location,custom-fields,"46 Penn Centre {46 PC Investors, LLC}",2026-06-13
"Block Real Estate Services, LLC",69fdf15ebf1df2fe9692af51,"tic001 - 46 Penn Centre {46 PC Investors, LLC}",6a171fe6bd6dc7d1e7f13728,Property Manager,custom-fields,797c22ea-541a-4c97-a823-fcf76025b371,2026-06-13
"Block Real Estate Services, LLC",69fdf161e45e7dcf5c43b3dd,"tic022 - Congleton Distribution Center 2 {SM Quivira, LLC}",69bd73faa9080d01db40736f,Location,custom-fields,"Congleton Distribution Center 2 {SM Quivira, LLC}",2026-06-13
"Block Real Estate Services, LLC",69fdf161e45e7dcf5c43b3dd,"tic022 - Congleton Distribution Center 2 {SM Quivira, LLC}",6a171fe6bd6dc7d1e7f13728,Property Manager,custom-fields,5bb73b6f-fa71-4c8d-9552-cfc66002b8ee,2026-06-13
"Block Real Estate Services, LLC",69fdf176bf1df2fe9692bf76,"tic330 - Faith Technologies, Inc.",69bd73faa9080d01db40736f,Location,custom-fields,"Faith Technologies, Inc.",2026-06-13
"Block Real Estate Services, LLC",69fdf176bf1df2fe9692bf76,"tic330 - Faith Technologies, Inc.",6a171fe6bd6dc7d1e7f13728,Property Manager,custom-fields,2183c4d0-ef7e-42c6-88c2-9322a1e6469d,2026-06-13
"Block Real Estate Services, LLC",69fdf181e45e7dcf5c43c857,"tic472 - Crossroads Bonner Springs, LLC",69bd73faa9080d01db40736f,Location,custom-fields,"Crossroads Bonner Springs, LLC",2026-06-13
"Block Real Estate Services, LLC",69fdf181e45e7dcf5c43c857,"tic472 - Crossroads Bonner Springs, LLC",6a171fe6bd6dc7d1e7f13728,Property Manager,custom-fields,02fa4042-fb5d-4148-9328-b6ce77245022,2026-06-13
"Block Real Estate Services, LLC",69fdf1878e25e7a0d91882aa,"tic548 - Renner Warehouse {RGD Associates, LLC}",69bd73faa9080d01db40736f,Location,custom-fields,"Renner Warehouse {RGD Associates, LLC}",2026-06-13
"Block Real Estate Services, LLC",69fdf1878e25e7a0d91882aa,"tic548 - Renner Warehouse {RGD Associates, LLC}",6a171fe6bd6dc7d1e7f13728,Property Manager,custom-fields,68d1b3f6-5a2e-471e-bc75-c9a82c2a4c08,2026-06-13
"Block Real Estate Services, LLC",69fdf18bd3bfa5e4945e2e28,"tic630 - College Crossing I {COLLEGE IJ, LLC}",69bd73faa9080d01db40736f,Location,custom-fields,"College Crossing I {COLLEGE IJ, LLC}",2026-06-13
"Block Real Estate Services, LLC",69fdf18bd3bfa5e4945e2e28,"tic630 - College Crossing I {COLLEGE IJ, LLC}",6a171fe6bd6dc7d1e7f13728,Property Manager,custom-fields,68d1b3f6-5a2e-471e-bc75-c9a82c2a4c08,2026-06-13
"Block Real Estate Services, LLC",69fdf179d3bfa5e4945e2ba8,"tic441 - Lenexa Logistics Centre North Building 1 {BLNW ASSOCIATES, LLC}",69bd73faa9080d01db40736f,Location,custom-fields,"Lenexa Logistics Centre North Building 1 {BLNW ASSOCIATES, LLC}",2026-06-13
"Block Real Estate Services, LLC",69fdf179d3bfa5e4945e2ba8,"tic441 - Lenexa Logistics Centre North Building 1 {BLNW ASSOCIATES, LLC}",6a171fe6bd6dc7d1e7f13728,Property Manager,custom-fields,2183c4d0-ef7e-42c6-88c2-9322a1e6469d,2026-06-13
"Block Real Estate Services, LLC",69fdf1943b208288e0a8495e,"tic662 - Pinnacle Corporate Centre III {Pinnacle Building III, LLC}",69bd73faa9080d01db40736f,Location,custom-fields,"Pinnacle Corporate Centre III {Pinnacle Building III, LLC}",2026-06-13
"Block Real Estate Services, LLC",69fdf1943b208288e0a8495e,"tic662 - Pinnacle Corporate Centre III {Pinnacle Building III, LLC}",6a171fe6bd6dc7d1e7f13728,Property Manager,custom-fields,41834b8a-9c88-4bc9-a53d-474e45d58bb8,2026-06-13
"Block Real Estate Services, LLC",69fdf19902bb2c42a87a78b8,"tic663 - Pinnacle Corporate Centre IV {BK Pinnacle IV, LLC}",69bd73faa9080d01db40736f,Location,custom-fields,"Pinnacle Corporate Centre IV {BK Pinnacle IV, LLC}",2026-06-13
"Block Real Estate Services, LLC",69fdf19902bb2c42a87a78b8,"tic663 - Pinnacle Corporate Centre IV {BK Pinnacle IV, LLC}",6a171fe6bd6dc7d1e7f13728,Property Manager,custom-fields,41834b8a-9c88-4bc9-a53d-474e45d58bb8,2026-06-13
"Block Real Estate Services, LLC",69fdf17dbf1df2fe9692c120,"tic467 - Lenexa Logistics Centre South Building 7 {Lenexa Logistics 7, LLC}",69bd73faa9080d01db40736f,Location,custom-fields,"Lenexa Logistics Centre South Building 7 {Lenexa Logistics 7, LLC}",2026-06-13
"Block Real Estate Services, LLC",69fdf17dbf1df2fe9692c120,"tic467 - Lenexa Logistics Centre South Building 7 {Lenexa Logistics 7, LLC}",6a171fe6bd6dc7d1e7f13728,Property Manager,custom-fields,2183c4d0-ef7e-42c6-88c2-9322a1e6469d,2026-06-13
"Block Real Estate Services, LLC",69fdf19c8e25e7a0d918870f,"tic665 - Pinnacle Corporate Centre V {Pinnacle V Associates, LLC}",69bd73faa9080d01db40736f,Location,custom-fields,"Pinnacle Corporate Centre V {Pinnacle V Associates, LLC}",2026-06-13
"Block Real Estate Services, LLC",69fdf19c8e25e7a0d918870f,"tic665 - Pinnacle Corporate Centre V {Pinnacle V Associates, LLC}",6a171fe6bd6dc7d1e7f13728,Property Manager,custom-fields,41834b8a-9c88-4bc9-a53d-474e45d58bb8,2026-06-13
"Block Real Estate Services, LLC",69fdf1a402bb2c42a87a79ca,"tic681 - College Crossing F {College Crossing EFGH, LLC}",69bd73faa9080d01db40736f,Location,custom-fields,"College Crossing F {College Crossing EFGH, LLC}",2026-06-13
"Block Real Estate Services, LLC",69fdf1a402bb2c42a87a79ca,"tic681 - College Crossing F {College Crossing EFGH, LLC}",6a171fe6bd6dc7d1e7f13728,Property Manager,custom-fields,68d1b3f6-5a2e-471e-bc75-c9a82c2a4c08,2026-06-13
"Block Real Estate Services, LLC",69fdf1a03b208288e0a84a8c,"tic680 - College Crossing E {College Crossing EFGH, LLC}",69bd73faa9080d01db40736f,Location,custom-fields,"College Crossing E {College Crossing EFGH, LLC}",2026-06-13
"Block Real Estate Services, LLC",69fdf1a03b208288e0a84a8c,"tic680 - College Crossing E {College Crossing EFGH, LLC}",6a171fe6bd6dc7d1e7f13728,Property Manager,custom-fields,68d1b3f6-5a2e-471e-bc75-c9a82c2a4c08,2026-06-13
"Block Real Estate Services, LLC",69fdf18402bb2c42a87a7242,"tic541 - 5101 Speaker Road {540 Westport Associates, LLC}",69bd73faa9080d01db40736f,Location,custom-fields,"5101 Speaker Road {540 Westport Associates, LLC}",2026-06-13
"Block Real Estate Services, LLC",69fdf18402bb2c42a87a7242,"tic541 - 5101 Speaker Road {540 Westport Associates, LLC}",6a171fe6bd6dc7d1e7f13728,Property Manager,custom-fields,02fa4042-fb5d-4148-9328-b6ce77245022,2026-06-13
"Block Real Estate Services, LLC",69fdf1a78e25e7a0d91889e0,"tic682 - College Crossing G {College Crossing EFGH, LLC}",69bd73faa9080d01db40736f,Location,custom-fields,"College Crossing G {College Crossing EFGH, LLC}",2026-06-13
"Block Real Estate Services, LLC",69fdf1a78e25e7a0d91889e0,"tic682 - College Crossing G {College Crossing EFGH, LLC}",6a171fe6bd6dc7d1e7f13728,Property Manager,custom-fields,68d1b3f6-5a2e-471e-bc75-c9a82c2a4c08,2026-06-13
"Block Real Estate Services, LLC",69fdf1aa3b208288e0a84cde,"tic683 - College Crossing H {College Crossing EFGH, LLC}",69bd73faa9080d01db40736f,Location,custom-fields,"College Crossing H {College Crossing EFGH, LLC}",2026-06-13
"Block Real Estate Services, LLC",69fdf1aa3b208288e0a84cde,"tic683 - College Crossing H {College Crossing EFGH, LLC}",6a171fe6bd6dc7d1e7f13728,Property Manager,custom-fields,68d1b3f6-5a2e-471e-bc75-c9a82c2a4c08,2026-06-13
"Block Real Estate Services, LLC",69fdf18e38cbea6b3a6967e6,"tic645 - Orscheln Farm & Home {Wellington OFH, LLC}",69bd73faa9080d01db40736f,Location,custom-fields,"Orscheln Farm & Home {Wellington OFH, LLC}",2026-06-13
"Block Real Estate Services, LLC",69fdf18e38cbea6b3a6967e6,"tic645 - Orscheln Farm & Home {Wellington OFH, LLC}",6a171fe6bd6dc7d1e7f13728,Property Manager,custom-fields,1c8b914e-090f-4b1b-9400-15d195782e7c,2026-06-13
"Block Real Estate Services, LLC",69fdf1b002bb2c42a87a7dd3,"wes705 - Westbrook I {Westbrook I-II KC Partners, LLC}",69bd73faa9080d01db40736f,Location,custom-fields,"Westbrook I {Westbrook I-II KC Partners, LLC}",2026-06-13
"Block Real Estate Services, LLC",69fdf1b002bb2c42a87a7dd3,"wes705 - Westbrook I {Westbrook I-II KC Partners, LLC}",6a171fe6bd6dc7d1e7f13728,Property Manager,custom-fields,5bb73b6f-fa71-4c8d-9552-cfc66002b8ee,2026-06-13
"Block Real Estate Services, LLC",69fdf1b6d3bfa5e4945e38f8,"tic714 - Quivira Randol Building 2 {Quivira 91 Associates, LLC}",69bd73faa9080d01db40736f,Location,custom-fields,"Quivira Randol Building 2 {Quivira 91 Associates, LLC}",2026-06-13
"Block Real Estate Services, LLC",69fdf1b6d3bfa5e4945e38f8,"tic714 - Quivira Randol Building 2 {Quivira 91 Associates, LLC}",6a171fe6bd6dc7d1e7f13728,Property Manager,custom-fields,5bb73b6f-fa71-4c8d-9552-cfc66002b8ee,2026-06-13
"Block Real Estate Services, LLC",69fdf1e83b208288e0a85c52,"tic777 - Lenexa Logistics Centre East Building 3 {Lenexa Logistics East 3, LLC}",69bd73faa9080d01db40736f,Location,custom-fields,"Lenexa Logistics Centre East Building 3 {Lenexa Logistics East 3, LLC}",2026-06-13
"Block Real Estate Services, LLC",69fdf1e83b208288e0a85c52,"tic777 - Lenexa Logistics Centre East Building 3 {Lenexa Logistics East 3, LLC}",6a171fe6bd6dc7d1e7f13728,Property Manager,custom-fields,2183c4d0-ef7e-42c6-88c2-9322a1e6469d,2026-06-13
"Block Real Estate Services, LLC",69fdf1e402bb2c42a87a8a64,"tic765 - College Crossing C {College Crossing CD, LLC}",69bd73faa9080d01db40736f,Location,custom-fields,"College Crossing C {College Crossing CD, LLC}",2026-06-13
"Block Real Estate Services, LLC",69fdf1e402bb2c42a87a8a64,"tic765 - College Crossing C {College Crossing CD, LLC}",6a171fe6bd6dc7d1e7f13728,Property Manager,custom-fields,68d1b3f6-5a2e-471e-bc75-c9a82c2a4c08,2026-06-13
"Block Real Estate Services, LLC",69fdf1b38e25e7a0d9188c24,"wes706 - Westbrook II {Westbrook I-II KC Partners, LLC}",69bd73faa9080d01db40736f,Location,custom-fields,"Westbrook II {Westbrook I-II KC Partners, LLC}",2026-06-13
"Block Real Estate Services, LLC",69fdf1b38e25e7a0d9188c24,"wes706 - Westbrook II {Westbrook I-II KC Partners, LLC}",6a171fe6bd6dc7d1e7f13728,Property Manager,custom-fields,5bb73b6f-fa71-4c8d-9552-cfc66002b8ee,2026-06-13
"Block Real Estate Services, LLC",69fdf1f18e25e7a0d918af0d,"tic784 - Macon-Bedford Distribution Center #1 {Cal Vent Group, LTD}",69bd73faa9080d01db40736f,Location,custom-fields,"Macon-Bedford Distribution Center #1 {Cal Vent Group, LTD}",2026-06-13
"Block Real Estate Services, LLC",69fdf1f18e25e7a0d918af0d,"tic784 - Macon-Bedford Distribution Center #1 {Cal Vent Group, LTD}",6a171fe6bd6dc7d1e7f13728,Property Manager,custom-fields,02fa4042-fb5d-4148-9328-b6ce77245022,2026-06-13
"Block Real Estate Services, LLC",69fdf1f57f8ab8a84b28cc1a,"tic785 - Terrace & Lackman Distribution Center #1 {Cal Vent Group, LTD}",69bd73faa9080d01db40736f,Location,custom-fields,"Terrace & Lackman Distribution Center #1 {Cal Vent Group, LTD}",2026-06-13
"Block Real Estate Services, LLC",69fdf1f57f8ab8a84b28cc1a,"tic785 - Terrace & Lackman Distribution Center #1 {Cal Vent Group, LTD}",6a171fe6bd6dc7d1e7f13728,Property Manager,custom-fields,02fa4042-fb5d-4148-9328-b6ce77245022,2026-06-13
"Block Real Estate Services, LLC",69fdf1ee3b208288e0a8697e,"tic783 - Lamar Distribution Center #1 {Cal Vent Group, LTD}",69bd73faa9080d01db40736f,Location,custom-fields,"Lamar Distribution Center #1 {Cal Vent Group, LTD}",2026-06-13
"Block Real Estate Services, LLC",69fdf1ee3b208288e0a8697e,"tic783 - Lamar Distribution Center #1 {Cal Vent Group, LTD}",6a171fe6bd6dc7d1e7f13728,Property Manager,custom-fields,02fa4042-fb5d-4148-9328-b6ce77245022,2026-06-13
"Block Real Estate Services, LLC",69fdf1bad3bfa5e4945e3941,"tic723 - 3737 Investors, LLC",69bd73faa9080d01db40736f,Location,custom-fields,"3737 Investors, LLC",2026-06-13
"Block Real Estate Services, LLC",69fdf1bad3bfa5e4945e3941,"tic723 - 3737 Investors, LLC",6a171fe6bd6dc7d1e7f13728,Property Manager,custom-fields,daa1226d-03f9-41f4-a9db-855817169a84,2026-06-13
"Block Real Estate Services, LLC",69fdf1fad3bfa5e4945e603a,"tic752 - Plaza Corporate Centre {Prom Motor Hotel, Inc.}",69bd73faa9080d01db40736f,Location,custom-fields,"Plaza Corporate Centre {Prom Motor Hotel, Inc.}",2026-06-13
"Block Real Estate Services, LLC",69fdf1fad3bfa5e4945e603a,"tic752 - Plaza Corporate Centre {Prom Motor Hotel, Inc.}",6a171fe6bd6dc7d1e7f13728,Property Manager,custom-fields,797c22ea-541a-4c97-a823-fcf76025b371,2026-06-13
"Block Real Estate Services, LLC",69fdf1eb02bb2c42a87a8cf8,"tic782 - Executive Park Distribution Center #3 {Cal Vent Group, LTD}",69bd73faa9080d01db40736f,Location,custom-fields,"Executive Park Distribution Center #3 {Cal Vent Group, LTD}",2026-06-13
"Block Real Estate Services, LLC",69fdf1eb02bb2c42a87a8cf8,"tic782 - Executive Park Distribution Center #3 {Cal Vent Group, LTD}",6a171fe6bd6dc7d1e7f13728,Property Manager,custom-fields,02fa4042-fb5d-4148-9328-b6ce77245022,2026-06-13
"Block Real Estate Services, LLC",69fdf1fc3b208288e0a86ed1,"tic827 - Westchester Square Shopping Centre {Westchester 87 Investors, LLC}",69bd73faa9080d01db40736f,Location,custom-fields,"Westchester Square Shopping Centre {Westchester 87 Investors, LLC}",2026-06-13
"Block Real Estate Services, LLC",69fdf1fc3b208288e0a86ed1,"tic827 - Westchester Square Shopping Centre {Westchester 87 Investors, LLC}",6a171fe6bd6dc7d1e7f13728,Property Manager,custom-fields,1c8b914e-090f-4b1b-9400-15d195782e7c,2026-06-13
"Block Real Estate Services, LLC",69fdf1ffd3bfa5e4945e61a5,"tic828 - Pine Ridge Building 28 {PERG BUILDINGS, LLC}",69bd73faa9080d01db40736f,Location,custom-fields,"Pine Ridge Building 28 {PERG BUILDINGS, LLC}",2026-06-13
"Block Real Estate Services, LLC",69fdf1ffd3bfa5e4945e61a5,"tic828 - Pine Ridge Building 28 {PERG BUILDINGS, LLC}",6a171fe6bd6dc7d1e7f13728,Property Manager,custom-fields,3d265d35-2c81-4e6c-b214-388babe80377,2026-06-13
"Block Real Estate Services, LLC",69fdf20a02bb2c42a87a98b0,"tic847 - Pine Ridge Building 27 {PERG BUILDINGS, LLC}",69bd73faa9080d01db40736f,Location,custom-fields,"Pine Ridge Building 27 {PERG BUILDINGS, LLC}",2026-06-13
"Block Real Estate Services, LLC",69fdf20a02bb2c42a87a98b0,"tic847 - Pine Ridge Building 27 {PERG BUILDINGS, LLC}",6a171fe6bd6dc7d1e7f13728,Property Manager,custom-fields,3d265d35-2c81-4e6c-b214-388babe80377,2026-06-13
"Block Real Estate Services, LLC",69fdf20e8e25e7a0d918b96c,"tic851 - Pine Ridge Building 31 {PERG Corbion, LLC}",69bd73faa9080d01db40736f,Location,custom-fields,"Pine Ridge Building 31 {PERG Corbion, LLC}",2026-06-13
"Block Real Estate Services, LLC",69fdf20e8e25e7a0d918b96c,"tic851 - Pine Ridge Building 31 {PERG Corbion, LLC}",6a171fe6bd6dc7d1e7f13728,Property Manager,custom-fields,5bb73b6f-fa71-4c8d-9552-cfc66002b8ee,2026-06-13
"Block Real Estate Services, LLC",69fdf211bf1df2fe9692fce4,"tic873 - Northgate Plaza {Northgate Associates, LLC}",69bd73faa9080d01db40736f,Location,custom-fields,"Northgate Plaza {Northgate Associates, LLC}",2026-06-13
"Block Real Estate Services, LLC",69fdf211bf1df2fe9692fce4,"tic873 - Northgate Plaza {Northgate Associates, LLC}",6a171fe6bd6dc7d1e7f13728,Property Manager,custom-fields,1695e554-ec4d-4cb3-8d60-a9b093c67700,2026-06-13
"Block Real Estate Services, LLC",69fdf21419e1eeeaeb9ad90b,"tic880 - 8040 Bond {8040 Bond Investors, LLC}",69bd73faa9080d01db40736f,Location,custom-fields,"8040 Bond {8040 Bond Investors, LLC}",2026-06-13
"Block Real Estate Services, LLC",69fdf21419e1eeeaeb9ad90b,"tic880 - 8040 Bond {8040 Bond Investors, LLC}",6a171fe6bd6dc7d1e7f13728,Property Manager,custom-fields,3d265d35-2c81-4e6c-b214-388babe80377,2026-06-13
"Block Real Estate Services, LLC",69fdf1f88e25e7a0d918b166,"tic787 - Kansas Commerce Center #16 {KCC 16, LLC}",69bd73faa9080d01db40736f,Location,custom-fields,"Kansas Commerce Center #16 {KCC 16, LLC}",2026-06-13
"Block Real Estate Services, LLC",69fdf1f88e25e7a0d918b166,"tic787 - Kansas Commerce Center #16 {KCC 16, LLC}",6a171fe6bd6dc7d1e7f13728,Property Manager,custom-fields,68d1b3f6-5a2e-471e-bc75-c9a82c2a4c08,2026-06-13
"Block Real Estate Services, LLC",69fdf2023b208288e0a871b2,"tic846 - Pine Ridge Building 26 {PERG BUILDINGS, LLC}",69bd73faa9080d01db40736f,Location,custom-fields,"Pine Ridge Building 26 {PERG BUILDINGS, LLC}",2026-06-13
"Block Real Estate Services, LLC",69fdf2023b208288e0a871b2,"tic846 - Pine Ridge Building 26 {PERG BUILDINGS, LLC}",6a171fe6bd6dc7d1e7f13728,Property Manager,custom-fields,3d265d35-2c81-4e6c-b214-388babe80377,2026-06-13
"Block Real Estate Services, LLC",69fdf21802bb2c42a87aa766,"tic921 - Millennium Business Park {Millennium Lenexa, LLC}",69bd73faa9080d01db40736f,Location,custom-fields,"Millennium Business Park {Millennium Lenexa, LLC}",2026-06-13
"Block Real Estate Services, LLC",69fdf21802bb2c42a87aa766,"tic921 - Millennium Business Park {Millennium Lenexa, LLC}",6a171fe6bd6dc7d1e7f13728,Property Manager,custom-fields,68d1b3f6-5a2e-471e-bc75-c9a82c2a4c08,2026-06-13
"Block Real Estate Services, LLC",69fdf22b19e1eeeaeb9add38,wjb111 - WJB Investment Co. (Parking Lot),6a171fe6bd6dc7d1e7f13728,Property Manager,custom-fields,1c8b914e-090f-4b1b-9400-15d195782e7c,2026-06-13
"Block Real Estate Services, LLC",69fdf22b19e1eeeaeb9add38,wjb111 - WJB Investment Co. (Parking Lot),69bd73faa9080d01db40736f,Location,custom-fields,WJB Investment Co. (Parking Lot),2026-06-13
"Block Real Estate Services, LLC",69fdf21f19e1eeeaeb9ada59,"viv080 - Vivion Road Shopping Center {Vivion Road Development Company, LLC}",69bd73faa9080d01db40736f,Location,custom-fields,"Vivion Road Shopping Center (Vivion Road Development Company, LLC)",2026-06-13
"Block Real Estate Services, LLC",69fdf21f19e1eeeaeb9ada59,"viv080 - Vivion Road Shopping Center {Vivion Road Development Company, LLC}",6a171fe6bd6dc7d1e7f13728,Property Manager,custom-fields,1c8b914e-090f-4b1b-9400-15d195782e7c,2026-06-13
"Block Real Estate Services, LLC",69fdf5c2e84e20262bb42483,"3rd979 - Belton Towne Center {Belton MO Properties, LLC}",69bd73faa9080d01db40736f,Location,custom-fields,"Belton Towne Center {Belton MO Properties, LLC}",2026-06-13
"Block Real Estate Services, LLC",69fdf5c2e84e20262bb42483,"3rd979 - Belton Towne Center {Belton MO Properties, LLC}",6a171fe6bd6dc7d1e7f13728,Property Manager,custom-fields,1695e554-ec4d-4cb3-8d60-a9b093c67700,2026-06-13
"Block Real Estate Services, LLC",69fdf21b8e25e7a0d918bf24,tic949 - Staples Building {Orchard Cambridge Investors LLC} (fka Corporate Express [BIF III - CEB Executive Park]),69bd73faa9080d01db40736f,Location,custom-fields,Staples Building {Orchard Cambridge Investors LLC} (fka Corporate Express [BIF III - CEB Executive Park]),2026-06-13
"Block Real Estate Services, LLC",69fdf21b8e25e7a0d918bf24,tic949 - Staples Building {Orchard Cambridge Investors LLC} (fka Corporate Express [BIF III - CEB Executive Park]),6a171fe6bd6dc7d1e7f13728,Property Manager,custom-fields,1695e554-ec4d-4cb3-8d60-a9b093c67700,2026-06-13
"Block Real Estate Services, LLC",6a170535da8b4807522414f6,"3rd299 - Delaire KC, LLC - Westport Building - 4006 Central (Office, 2nd floor)",69bd73faa9080d01db40736f,Location,custom-fields,"Delaire KC, LLC - Westport Building - 4006 Central (Office, 2nd floor)",2026-06-13
"Block Real Estate Services, LLC",6a170535da8b4807522414f6,"3rd299 - Delaire KC, LLC - Westport Building - 4006 Central (Office, 2nd floor)",6a171fe6bd6dc7d1e7f13728,Property Manager,custom-fields,1695e554-ec4d-4cb3-8d60-a9b093c67700,2026-06-13
"Block Real Estate Services, LLC",6a1856e4462ef1e78ea0ee09,"tic630 - College Crossing J {COLLEGE IJ, LLC}",69bd73faa9080d01db40736f,Location,custom-fields,"College Crossing J {COLLEGE IJ, LLC}",2026-06-13
"Block Real Estate Services, LLC",6a1856e4462ef1e78ea0ee09,"tic630 - College Crossing J {COLLEGE IJ, LLC}",6a171fe6bd6dc7d1e7f13728,Property Manager,custom-fields,68d1b3f6-5a2e-471e-bc75-c9a82c2a4c08,2026-06-13
"Block Real Estate Services, LLC",6a184b7d5a886bcac133ba92,"tic765 - College Crossing D {College Crossing CD, LLC}",69bd73faa9080d01db40736f,Location,custom-fields,"College Crossing D {College Crossing CD, LLC}",2026-06-13
"Block Real Estate Services, LLC",6a184b7d5a886bcac133ba92,"tic765 - College Crossing D {College Crossing CD, LLC}",6a171fe6bd6dc7d1e7f13728,Property Manager,custom-fields,68d1b3f6-5a2e-471e-bc75-c9a82c2a4c08,2026-06-13
"Block Real Estate Services, LLC",69fdf5c2e84e20262bb42482,"3bo890 - 3BS-OKS, LLC 16110 W. 135th",69bd73faa9080d01db40736f,Location,custom-fields,"3BS-OKS, LLC 16110 W. 135th",2026-06-13
"Block Real Estate Services, LLC",69fdf5c2e84e20262bb42482,"3bo890 - 3BS-OKS, LLC 16110 W. 135th",6a171fe6bd6dc7d1e7f13728,Property Manager,custom-fields,1c8b914e-090f-4b1b-9400-15d195782e7c,2026-06-13
"Block Real Estate Services, LLC",6a185c29462ef1e78ea21779,col720 - College Crossing - Building 2 (Building B) {COLLEGE CROSSING ASSOCIATES. LLC},69bd73faa9080d01db40736f,Location,custom-fields,College Crossing - Building 2 (Building B) {COLLEGE CROSSING ASSOCIATES. LLC},2026-06-13
"Block Real Estate Services, LLC",6a185c29462ef1e78ea21779,col720 - College Crossing - Building 2 (Building B) {COLLEGE CROSSING ASSOCIATES. LLC},6a171fe6bd6dc7d1e7f13728,Property Manager,custom-fields,68d1b3f6-5a2e-471e-bc75-c9a82c2a4c08,2026-06-13
"Block Real Estate Services, LLC",6a18705a9ef1cffe57c1dcd0,"prg840 - Pine Ridge Building 9 {PERG BUILDINGS, LLC}",69bd73faa9080d01db40736f,Location,custom-fields,"Pine Ridge Building 9 {PERG BUILDINGS, LLC}",2026-06-13
"Block Real Estate Services, LLC",6a18705a9ef1cffe57c1dcd0,"prg840 - Pine Ridge Building 9 {PERG BUILDINGS, LLC}",6a171fe6bd6dc7d1e7f13728,Property Manager,custom-fields,3d265d35-2c81-4e6c-b214-388babe80377,2026-06-13
"Block Real Estate Services, LLC",6a186a846b3214c65fe80b42,"prm791 - Prom Motor Hotel, Inc. - 210 N 7 Highway",69bd73faa9080d01db40736f,Location,custom-fields,"Prom Motor Hotel, Inc. - 210 N 7 Highway",2026-06-13
"Block Real Estate Services, LLC",6a186a846b3214c65fe80b42,"prm791 - Prom Motor Hotel, Inc. - 210 N 7 Highway",6a171fe6bd6dc7d1e7f13728,Property Manager,custom-fields,1695e554-ec4d-4cb3-8d60-a9b093c67700,2026-06-13
"Block Real Estate Services, LLC",6a186a07df4174601583f130,"prm793 - Prom Motor Hotel, Inc. - 12065 Metcalf",69bd73faa9080d01db40736f,Location,custom-fields,"Prom Motor Hotel, Inc. - 12065 Metcalf",2026-06-13
"Block Real Estate Services, LLC",6a186a07df4174601583f130,"prm793 - Prom Motor Hotel, Inc. - 12065 Metcalf",6a171fe6bd6dc7d1e7f13728,Property Manager,custom-fields,1695e554-ec4d-4cb3-8d60-a9b093c67700,2026-06-13
"Block Real Estate Services, LLC",6a1dce5d2575f4fed44439f8,"len462 - Lenexa Logistics Centre South Building 6 {Lenexa Logistics South 6, LLC}",6a171fe6bd6dc7d1e7f13728,Property Manager,custom-fields,2183c4d0-ef7e-42c6-88c2-9322a1e6469d,2026-06-13
"Block Real Estate Services, LLC",6a1de36e23b401dcff7c77d4,3rd323 - Rule Realty Corporation - 3323 Roanoake Road,6a171fe6bd6dc7d1e7f13728,Property Manager,custom-fields,58295917-ce49-4cb9-9799-1e5569c2ccef,2026-06-13
"Block Real Estate Services, LLC",6a1df214a0ed8c51ab247a16,"tic824 - Great Plains Commerce Center Building A {GPCC Investors, LLC}",6a171fe6bd6dc7d1e7f13728,Property Manager,custom-fields,02fa4042-fb5d-4148-9328-b6ce77245022,2026-06-13
"Block Real Estate Services, LLC",6a1dd8c35e529bb0fc8c5087,tic447 - Lenexa Logistics Centre East Building 2,6a171fe6bd6dc7d1e7f13728,Property Manager,custom-fields,2183c4d0-ef7e-42c6-88c2-9322a1e6469d,2026-06-13
"Block Real Estate Services, LLC",6a1df41623b401dcff80cc8b,"3rd9322 - Heatherview Retail Strip Center {Eversun Property, Inc.}",6a171fe6bd6dc7d1e7f13728,Property Manager,custom-fields,1c8b914e-090f-4b1b-9400-15d195782e7c,2026-06-13
"Block Real Estate Services, LLC",6a1ddfb923b401dcff7b5911,"3rd307 - Parkway 134, LLC",6a171fe6bd6dc7d1e7f13728,Property Manager,custom-fields,1695e554-ec4d-4cb3-8d60-a9b093c67700,2026-06-13
"Block Real Estate Services, LLC",6a1dec04a0ed8c51ab231482,"tic261 - CityPlace Corporate Centre IV {Cityplace Corporate Centre IV Investors, LLC}",6a171fe6bd6dc7d1e7f13728,Property Manager,custom-fields,2183c4d0-ef7e-42c6-88c2-9322a1e6469d,2026-06-13
"Block Real Estate Services, LLC",6a1df8210a51a0db79c129cd,"3rd487 - Max Swade {MJR, LLC}",6a171fe6bd6dc7d1e7f13728,Property Manager,custom-fields,58295917-ce49-4cb9-9799-1e5569c2ccef,2026-06-13
"Block Real Estate Services, LLC",6a1dfca5a0ed8c51ab26246c,"con828 - Pine Ridge Building 28 {Building 28 of Pine Ridge West Condominium Association, Inc.}",6a171fe6bd6dc7d1e7f13728,Property Manager,custom-fields,3d265d35-2c81-4e6c-b214-388babe80377,2026-06-13
"Block Real Estate Services, LLC",6a1ee9a423b401dcff8fb689,"rvw871 - Ridgeview Associates, LLC",6a171fe6bd6dc7d1e7f13728,Property Manager,custom-fields,41834b8a-9c88-4bc9-a53d-474e45d58bb8,2026-06-13
"Block Real Estate Services, LLC",6a1dcc9da0ed8c51ab1b2a64,"3rd046 - Lee's Summit Mike Enterprise {Lee's Summit Mike Enterprise, LLC} (fka Lee's Summit Max)",6a171fe6bd6dc7d1e7f13728,Property Manager,custom-fields,1695e554-ec4d-4cb3-8d60-a9b093c67700,2026-06-13
"Block Real Estate Services, LLC",6a1df2cb65d51d7aa572c1c4,"tic825 - Great Plains Commerce Center Building C {GPCC Investors, LLC}",6a171fe6bd6dc7d1e7f13728,Property Manager,custom-fields,02fa4042-fb5d-4148-9328-b6ce77245022,2026-06-13
"Block Real Estate Services, LLC",6a1eecc680c8f1ceee9d6510,3rd621 - Rule Realty Corporation - 3621 Noland Court,6a171fe6bd6dc7d1e7f13728,Property Manager,custom-fields,58295917-ce49-4cb9-9799-1e5569c2ccef,2026-06-13
QTS Data Centers,69f10c28beb6279e947be4ca,"DFW1DC5 - QTS Irving DC5, LLC",6a05f562ca42782ea34e79fa,Project ID,custom-fields,DFW1DC5,2026-06-13
QTS Data Centers,69f10c28beb6279e947be4cb,"DFW1DC6 - QTS Irving DC6, LLC",6a05f562ca42782ea34e79fa,Project ID,custom-fields,DFW1DC6,2026-06-13
QTS Data Centers,69f10c28beb6279e947be4ce,"MAN1DC6 - QTS Manassas I DC6, LLC",6a05f562ca42782ea34e79fa,Project ID,custom-fields,MAN1DC6,2026-06-13
QTS Data Centers,69f10c28beb6279e947be4c9,"DFW1DC4 - QTS Irving DC4, LLC",6a05f562ca42782ea34e79fa,Project ID,custom-fields,DFW1DC4,2026-06-13
QTS Data Centers,69f10c28beb6279e947be4cd,"FTW1DC2 - QTS Fort Worth I DC2, LLC",6a05f562ca42782ea34e79fa,Project ID,custom-fields,FTW1DC2,2026-06-13
QTS Data Centers,69f10c28beb6279e947be4cc,"DFW2DC3 - QTS Dallas I DC3, LLC",6a05f562ca42782ea34e79fa,Project ID,custom-fields,DFW2DC3,2026-06-13
QTS Data Centers,69f10c28beb6279e947be4d1,"NAL2DC2 - QTS New Albany II DC2, LLC",6a05f562ca42782ea34e79fa,Project ID,custom-fields,NAL2DC2,2026-06-13
QTS Data Centers,69f10c28beb6279e947be4cf,"NAL1DC2 - QTS New Albany I DC2, LLC",6a05f562ca42782ea34e79fa,Project ID,custom-fields,NAL1DC2,2026-06-13
QTS Data Centers,69f10c28beb6279e947be4d6,"CLT1DC1 - QTS York I, LLC",6a05f562ca42782ea34e79fa,Project ID,custom-fields,CLT1DC1,2026-06-13
QTS Data Centers,69f10c28beb6279e947be4d0,"NAL2DC1 - QTS New Albany II DC1, LLC",6a05f562ca42782ea34e79fa,Project ID,custom-fields,NAL2DC1,2026-06-13
QTS Data Centers,69f10c28beb6279e947be4d2,"ATL2DC10 - QTS Fayetteville II, DC9-10, LLC",6a05f562ca42782ea34e79fa,Project ID,custom-fields,ATL2DC10,2026-06-13
QTS Data Centers,69f10c28beb6279e947be4d3,"ATL2DC2 - QTS Fayetteville I DC1-2, LLC",6a05f562ca42782ea34e79fa,Project ID,custom-fields,ATL2DC2,2026-06-13
QTS Data Centers,69f10c28beb6279e947be4d7,"CHI1DC1 - QTS Chicago I DC1, LLC",6a05f562ca42782ea34e79fa,Project ID,custom-fields,CHI1DC1,2026-06-13
QTS Data Centers,69f10c28beb6279e947be4d8,"MAN1DC4 - QTS Manassas I DC4, LLC",6a05f562ca42782ea34e79fa,Project ID,custom-fields,MAN1DC4,2026-06-13
QTS Data Centers,69f10c28beb6279e947be4d9,"ATL2DC5 - QTS Fayetteville I, LLC",6a05f562ca42782ea34e79fa,Project ID,custom-fields,ATL2DC5,2026-06-13
QTS Data Centers,69f10c28beb6279e947be4df,"DEN1DC1 - QTS Aurora, LLC",6a05f562ca42782ea34e79fa,Project ID,custom-fields,DEN1DC1,2026-06-13
QTS Data Centers,69f10c28beb6279e947be4db,"RIC3DC2 - QTS Richmond III DC2, LLC",6a05f562ca42782ea34e79fa,Project ID,custom-fields,RIC3DC2,2026-06-13
QTS Data Centers,69f10c28beb6279e947be4da,"RIC2DC6 - QTS Richmond II DC6, LLC",6a05f562ca42782ea34e79fa,Project ID,custom-fields,RIC2DC6,2026-06-13
QTS Data Centers,69f10c28beb6279e947be4e0,"NAL1DC1 - QTS New Albany I DC1, LLC",6a05f562ca42782ea34e79fa,Project ID,custom-fields,NAL1DC1,2026-06-13
QTS Data Centers,69f10c28beb6279e947be4e1,"PHX2DC4 - QTS Phoenix II DC4, LLC",6a05f562ca42782ea34e79fa,Project ID,custom-fields,PHX2DC4,2026-06-13
QTS Data Centers,69f10c28beb6279e947be4e2,"ATL2DC9 - QTS Fayetteville II, DC9-10, LLC",6a05f562ca42782ea34e79fa,Project ID,custom-fields,ATL2DC9,2026-06-13
QTS Data Centers,69f10c28beb6279e947be4e3,"ASH1DC2 - QTS Investment Properties Ashburn, LLC",6a05f562ca42782ea34e79fa,Project ID,custom-fields,ASH1DC2,2026-06-13
QTS Data Centers,69f10c28beb6279e947be4e4,"DEN1DC2 - QTS Aurora I DC2, LLC",6a05f562ca42782ea34e79fa,Project ID,custom-fields,DEN1DC2,2026-06-13
QTS Data Centers,69f10c28beb6279e947be4e5,"CLT1DC2 - QTS York I, LLC",6a05f562ca42782ea34e79fa,Project ID,custom-fields,CLT1DC2,2026-06-13
QTS Data Centers,69f10c28beb6279e947be4e7,"DFW2DC4 - QTS Dallas I DC4, LLC",6a05f562ca42782ea34e79fa,Project ID,custom-fields,DFW2DC4,2026-06-13
QTS Data Centers,69f10c28beb6279e947be4e6,"DFW2DC2 - QTS Dallas I DC2, LLC",6a05f562ca42782ea34e79fa,Project ID,custom-fields,DFW2DC2,2026-06-13
QTS Data Centers,69f10c28beb6279e947be4e8,"ASH2DC2 - QTS Lockridge DC2, LLC",6a05f562ca42782ea34e79fa,Project ID,custom-fields,ASH2DC2,2026-06-13
QTS Data Centers,69f10c28beb6279e947be4e9,"SLC1DC1 - QTS Eagle Mountain 1, LLC",6a05f562ca42782ea34e79fa,Project ID,custom-fields,SLC1DC1,2026-06-13
QTS Data Centers,69f10c28beb6279e947be4ec,"MAN1DC5 - QTS Manassas DC-5, LLC",6a05f562ca42782ea34e79fa,Project ID,custom-fields,MAN1DC5,2026-06-13
QTS Data Centers,69f10c28beb6279e947be4ea,"ATL2DC3 - QTS Fayetteville I, LLC",6a05f562ca42782ea34e79fa,Project ID,custom-fields,ATL2DC3,2026-06-13
QTS Data Centers,69f10c28beb6279e947be4ee,"PHX3DC9 - QTS Glendale I DC9, LLC",6a05f562ca42782ea34e79fa,Project ID,custom-fields,PHX3DC9,2026-06-13
QTS Data Centers,69f10c28beb6279e947be4ed,"PHX3DC2 - QTS Glendale I DC2, LLC",6a05f562ca42782ea34e79fa,Project ID,custom-fields,PHX3DC2,2026-06-13
QTS Data Centers,69f10c28beb6279e947be4f0,"SLC1DC3 - QTS Eagle Mountain 1, LLC",6a05f562ca42782ea34e79fa,Project ID,custom-fields,SLC1DC3,2026-06-13
QTS Data Centers,69f10c28beb6279e947be4ef,"SLC1DC2 - QTS Eagle Mountain 1, LLC",6a05f562ca42782ea34e79fa,Project ID,custom-fields,SLC1DC2,2026-06-13
QTS Data Centers,69f10c28beb6279e947be4f2,"PHX3DC13 - QTS Glendale I DC13, LLC",6a05f562ca42782ea34e79fa,Project ID,custom-fields,PHX3DC13,2026-06-13
QTS Data Centers,69f10c28beb6279e947be4f1,"PHX3DC1 - QTS Glendale I DC1, LLC",6a05f562ca42782ea34e79fa,Project ID,custom-fields,PHX3DC1,2026-06-13
QTS Data Centers,69f10c28beb6279e947be4f5,"CDR1DC2 - QTS Cedar Rapids I DC2, LLC",6a05f562ca42782ea34e79fa,Project ID,custom-fields,CDR1DC2,2026-06-13
QTS Data Centers,69f10c28beb6279e947be4f4,"CDR1DC1 - QTS Cedar Rapids I DC1, LLC",6a05f562ca42782ea34e79fa,Project ID,custom-fields,CDR1DC1,2026-06-13
QTS Data Centers,69f10c28beb6279e947be4f6,"CDR1DC3 - QTS Cedar Rapids I DC3, LLC",6a05f562ca42782ea34e79fa,Project ID,custom-fields,CDR1DC3,2026-06-13
QTS Data Centers,69f10c28beb6279e947be4f3,"PHX3DC14 - QTS Glendale I DC14, LLC",6a05f562ca42782ea34e79fa,Project ID,custom-fields,PHX3DC14,2026-06-13
QTS Data Centers,69fc9b6f2c4b2730d63db1d4,"RIC2DC5 - QTS Richmond II DC5, LLC",6a05f562ca42782ea34e79fa,Project ID,custom-fields,RIC2DC5,2026-06-13
QTS Data Centers,69fc9b6f2c4b2730d63db1d5,"DFW2DC1 - QTS Dallas I DC1, LLC",6a05f562ca42782ea34e79fa,Project ID,custom-fields,DFW2DC1,2026-06-13
QTS Data Centers,6a05d756fe7b4a8a035e5c21,"RIC3DC1 - QTS Richmond III DC1, LLC",6a05f562ca42782ea34e79fa,Project ID,custom-fields,RIC3DC1,2026-06-13
QTS Data Centers,6a05d77b8b5928c024a9c975,"RIC3DC5 - QTS Richmond III DC5, LLC",6a05f562ca42782ea34e79fa,Project ID,custom-fields,RIC3DC5,2026-06-13
QTS Data Centers,6a071a1ab333109abbeb3dab,"RIC1DC6 - QTS Richmond I DC6, LLC",6a05f562ca42782ea34e79fa,Project ID,custom-fields,RIC1DC6,2026-06-13
QTS Data Centers,6a071a68b7c7740fe9c2f2e2,"RIC2DC3 - QTS Richmond II DC3, LLC",6a05f562ca42782ea34e79fa,Project ID,custom-fields,RIC2DC3,2026-06-13
QTS Data Centers,6a15ab64f954928d4d5237e3,CLT1DC4 -,6a05f562ca42782ea34e79fa,Project ID,custom-fields,CLT1DC4,2026-06-13
QTS Data Centers,6a071cf97ee88c9e3617f343,"CDR1DC4 - QTS Cedar Rapids I DC4, LLC",6a05f562ca42782ea34e79fa,Project ID,custom-fields,CDR1DC4,2026-06-13
QTS Data Centers,6a15ab19fd91891a7796b9d0,SLC1DC4 -,6a05f562ca42782ea34e79fa,Project ID,custom-fields,SLC1DC4,2026-06-13
QTS Data Centers,6a1891dbb517ae25a8862c83,CDR1DC5,6a05f562ca42782ea34e79fa,Project ID,custom-fields,CDR1DC5,2026-06-13
QTS Data Centers,6a15ab87c2b6428acbd44c69,DEN1DC3 -,6a05f562ca42782ea34e79fa,Project ID,custom-fields,DEN1DC3,2026-06-13
QTS Data Centers,6a1891e9da80b4370421136a,CDR1DC6,6a05f562ca42782ea34e79fa,Project ID,custom-fields,CDR1DC6,2026-06-13
QTS Data Centers,6a189203462ef1e78eae99d3,CDR1DC7,6a05f562ca42782ea34e79fa,Project ID,custom-fields,CDR1DC7,2026-06-13
QTS Data Centers,6a18927fe701796d85e5de5c,DFW2DC5,6a05f562ca42782ea34e79fa,Project ID,custom-fields,DFW2DC5,2026-06-13
DEMO Client,6a0b3e35b969c617163dd60d,Office Location 2,6a0b446d5ffb08323f4e5d1b,Location,custom-fields,Office Location 2,2026-06-13
DEMO Client,6a0b3e35b969c617163dd60a,Retail Location,6a0b446d5ffb08323f4e5d1b,Location,custom-fields,Retail Location 1,2026-06-13
DEMO Client,6a0b3e35b969c617163dd60f,"Project 102 - Lakefront Residential Tower, Evanston IL",6a07835cc367c496882fafbf,Project Name,custom-fields,"Project 102 - Lakefront Residential Tower, Evanston IL",2026-06-13
DEMO Client,6a0b3e35b969c617163dd610,"Project 103 - Distribution Center, Bedford Park IL",6a07835cc367c496882fafbf,Project Name,custom-fields,"Project 103 - Distribution Center, Bedford Park IL",2026-06-13
DEMO Client,6a0b3e35b969c617163dd60e,"Project 101 - Riverside Office Complex, Chicago IL",6a07835cc367c496882fafbf,Project Name,custom-fields,"Project 101 - Riverside Office Complex, Chicago IL",2026-06-13
DEMO Client,6a0b3e35b969c617163dd60b,Restaurtant Location,6a0b446d5ffb08323f4e5d1b,Location,custom-fields,Restaurant Location 1,2026-06-13
DEMO Client,6a0b3e35b969c617163dd60c,Office Location 1,6a0b446d5ffb08323f4e5d1b,Location,custom-fields,Office Location 1,2026-06-13