client,vendor_id,vendor_name,email,contact_name,is_primary,is_default_request_recipient,external_code,sync_date
"Block Real Estate Services, LLC",69fded0c62446148bd848afc,1248 Holdings LLC,accountspayable@12-48.com,,true,true,,2026-09-25
"Block Real Estate Services, LLC",69fded0c62446148bd848afc,1248 Holdings LLC,,,false,false,,2026-09-25
"Block Real Estate Services, LLC",69fded0c62446148bd848afc,1248 Holdings LLC,ashley.bernard@mariner.com,,false,false,,2026-09-25
"Block Real Estate Services, LLC",69fded0c62446148bd848b0b,717 Office Group LLC,larry@criterionlc.com,,true,true,,2026-09-25
"Block Real Estate Services, LLC",69fded0c62446148bd848af9,"1&1 Internet / IONOS, Inc.",e-invoice@1and1.org,,true,true,,2026-09-25
"Block Real Estate Services, LLC",69fded0c62446148bd848af9,"1&1 Internet / IONOS, Inc.",sonia.dolan@epicbrokers.com,,false,false,,2026-09-25
"Block Real Estate Services, LLC",69fded0c62446148bd848af9,"1&1 Internet / IONOS, Inc.",info@m3ins.com,,false,false,,2026-09-25
"Block Real Estate Services, LLC",69fded0c62446148bd848b05,"Big Biscuit / 27 Biscuits, LLC",linda@bigbiscuit.com,,true,true,,2026-09-25
"Block Real Estate Services, LLC",69fded0c62446148bd848b05,"Big Biscuit / 27 Biscuits, LLC",certificates@imacorp.com,,false,false,,2026-09-25
"Block Real Estate Services, LLC",69fded0c62446148bd848b08,"Ray's Donuts & Deli / 6tinos, LLC",tsciortino55@gmail.com,,true,true,,2026-09-25
"Block Real Estate Services, LLC",69fded0c62446148bd848b0e,A.N.D. Design Studio LLC,and.designstudioco@gmail.com,,true,true,,2026-09-25
"Block Real Estate Services, LLC",69fded0c62446148bd848aff,"1-800-Pack Rat, LLC",rent@1800packrat.com,,true,true,,2026-09-25
"Block Real Estate Services, LLC",69fded0c62446148bd848b02,24 Hour Check Cashing,dave@waldofinancial.com,,true,true,,2026-09-25
"Block Real Estate Services, LLC",69fded0c62446148bd848b02,24 Hour Check Cashing,ana..ward@agencywestins.com,,false,false,,2026-09-25
"Block Real Estate Services, LLC",69fded0c62446148bd848b1d,"Adams Cable Equipment, Inc.",jwidman@adamscableequipment.com,,true,true,,2026-09-25
"Block Real Estate Services, LLC",69fded0c62446148bd848b1d,"Adams Cable Equipment, Inc.",gillian.reimann@bbrown.com,,false,false,,2026-09-25
"Block Real Estate Services, LLC",69fded0c62446148bd848b1a,Actuarial Resources Corporation (ARC),office.management@arcval.com,,true,true,,2026-09-25
"Block Real Estate Services, LLC",69fded0c62446148bd848b1a,Actuarial Resources Corporation (ARC),certificates@wtwco.com,,false,false,,2026-09-25
"Block Real Estate Services, LLC",69fded0c62446148bd848b1a,Actuarial Resources Corporation (ARC),brett.sundet@arcval.com,,false,false,,2026-09-25
"Block Real Estate Services, LLC",69fded0c62446148bd848b20,Adare Pharma Solutions,ap.invoices2920@adareps.com,,true,true,,2026-09-25
"Block Real Estate Services, LLC",69fded0c62446148bd848b26,"Advanced Auto / Advanced Stores Co., Inc.",rent@advance-auto.com,,true,true,,2026-09-25
"Block Real Estate Services, LLC",69fded0c62446148bd848b26,"Advanced Auto / Advanced Stores Co., Inc.",advancestores.certrequest@marsh.co,,false,false,,2026-09-25
"Block Real Estate Services, LLC",69fded0c62446148bd848b29,Advanced Pharmaceuticals LLC,jsutton@ahtawellness.com,,true,true,,2026-09-25
"Block Real Estate Services, LLC",69fded0c62446148bd848b32,Advocate Construction Inc,accounting@advocateconstruction.com,,true,true,,2026-09-25
"Block Real Estate Services, LLC",69fded0c62446148bd848b32,Advocate Construction Inc,coi@invopeo.com,,false,false,,2026-09-25
"Block Real Estate Services, LLC",69fded0c62446148bd848b32,Advocate Construction Inc,info@insuranceworksinc.com,,false,false,,2026-09-25
"Block Real Estate Services, LLC",69fded0c62446148bd848b32,Advocate Construction Inc,susan@advocateconstruction.com,,false,false,,2026-09-25
"Block Real Estate Services, LLC",69fded0d62446148bd848b3e,AgForce Transport Services / Consolidated Grain and Barge Co.,mpreisinger@agforcets.com,,true,true,,2026-09-25
"Block Real Estate Services, LLC",69fded0c62446148bd848b2f,"Daymon / Advantage Sales & Marketing, LLC",daniela.ornelas@youradv.com,,false,false,,2026-09-25
"Block Real Estate Services, LLC",69fded0c62446148bd848b2f,"Daymon / Advantage Sales & Marketing, LLC",laura.valencia@youradv.com,,false,false,,2026-09-25
"Block Real Estate Services, LLC",69fded0c62446148bd848b2f,"Daymon / Advantage Sales & Marketing, LLC",jeff.flassig@youradv.com,,true,true,,2026-09-25
"Block Real Estate Services, LLC",69fded0d62446148bd848b41,AGI SureTrack LLC,apaccounting@agisuretrack.com,,true,true,,2026-09-25
"Block Real Estate Services, LLC",69fded0d62446148bd848b41,AGI SureTrack LLC,certificate@epicbrokers.com,,false,false,,2026-09-25
"Block Real Estate Services, LLC",69fded0c62446148bd848b17,"Pertronix (Aeromotive) / Accelerate Auto Works Intermediate, LLC",tallman@pertronix.com,,true,true,,2026-09-25
"Block Real Estate Services, LLC",69fded0c62446148bd848b17,"Pertronix (Aeromotive) / Accelerate Auto Works Intermediate, LLC",trent.durall@howdengroup.com,,false,false,,2026-09-25
"Block Real Estate Services, LLC",69fded0d62446148bd848b35,"Aircraft Electrical / AEE-EMF, Inc.",sharilyn@aircraftelectrical.com,,true,true,,2026-09-25
"Block Real Estate Services, LLC",69fded0d62446148bd848b44,All Access Garage Doors,allaccessdoorkc@gmail.com,,true,true,,2026-09-25
"Block Real Estate Services, LLC",69fded0d62446148bd848b44,All Access Garage Doors,don@ahipartners.com,,false,false,,2026-09-25
"Block Real Estate Services, LLC",69fded0d62446148bd848b47,All Copy Products Inc,accountspayable@allcopyproducts.com,,true,true,,2026-09-25
"Block Real Estate Services, LLC",69fded0d62446148bd848b4a,Allergy & Asthma Care,rtelles@fisergroup.com,,true,true,,2026-09-25
"Block Real Estate Services, LLC",69fded0d62446148bd848b4d,Allstate Insurance,treinhart@allstate.com,,true,true,,2026-09-25
"Block Real Estate Services, LLC",69fded0d62446148bd848b53,"Altium Healthcare, Inc (fka Tri State Distribution)",corporate.accounting@altiumpkg.com,,true,true,,2026-09-25
"Block Real Estate Services, LLC",69fded0d62446148bd848b50,Allure Hair Studio / Alisha N. Bauer,allurehair08@icloud.com,,true,true,,2026-09-25
"Block Real Estate Services, LLC",69fded0d62446148bd848b56,"Amazon / Amazon.com Services, LLC (MCI5)",naops-rent@amazon.com,,true,true,,2026-09-25
"Block Real Estate Services, LLC",69fded0d62446148bd848b56,"Amazon / Amazon.com Services, LLC (MCI5)",certificates@wtwco.com,,false,false,,2026-09-25
"Block Real Estate Services, LLC",69fded0d62446148bd848b56,"Amazon / Amazon.com Services, LLC (MCI5)",support@wwam.zendesk.com,,false,false,,2026-09-25
"Block Real Estate Services, LLC",69fded0d62446148bd848b59,"Hamilton Plumbing / Roger The Plumber / American Residential Services, LLC (ARS)",bcrihfield@ars.com,,true,true,,2026-09-25
"Block Real Estate Services, LLC",69fded0d62446148bd848b5c,"Earth Brands, Inc. subtenant of  American West Worldwide Express, Inc. / Renew",ap@awest.com,,true,true,,2026-09-25
"Block Real Estate Services, LLC",69fded0d62446148bd848b5c,"Earth Brands, Inc. subtenant of  American West Worldwide Express, Inc. / Renew",coi@rjstruckinsurance.com,,false,false,,2026-09-25
"Block Real Estate Services, LLC",69fded0d62446148bd848b5f,"Ameriprise Financial / Ameriprise Holdings, Inc.",,,false,false,,2026-09-25
"Block Real Estate Services, LLC",69fded0d62446148bd848b5f,"Ameriprise Financial / Ameriprise Holdings, Inc.",certificates@willis.com,,true,false,,2026-09-25
"Block Real Estate Services, LLC",69fded0d62446148bd848b6b,Anixter Inc,anixter@cresa.com,,true,true,,2026-09-25
"Block Real Estate Services, LLC",69fded0d62446148bd848b6b,Anixter Inc,patty.jordan@hubinternational.com,,false,false,,2026-09-25
"Block Real Estate Services, LLC",69fded0d62446148bd848b6b,Anixter Inc,traba@cresa.com,,false,false,,2026-09-25
"Block Real Estate Services, LLC",69fded0d62446148bd848b6b,Anixter Inc,wescocerts@hdhgroup.com,,false,false,,2026-09-25
"Block Real Estate Services, LLC",69fded0e62446148bd848b7d,"APLOS, Inc.",andy@aplos.world,,true,true,,2026-09-25
"Block Real Estate Services, LLC",69fded0e62446148bd848b7d,"APLOS, Inc.",enid_devries@ajg.com,,false,false,,2026-09-25
"Block Real Estate Services, LLC",69fded0d62446148bd848b71,Anthony's Barber Shop / Anthony Vasquez,anthonyvasquez131@gmail.com,,true,true,,2026-09-25
"Block Real Estate Services, LLC",69fded0d62446148bd848b68,AN Cubed Marketing LLC,,,true,false,,2026-09-25
"Block Real Estate Services, LLC",69fded0d62446148bd848b77,"Apex Products, LLC",jim@apexprod.com,,true,true,,2026-09-25
"Block Real Estate Services, LLC",69fded0d62446148bd848b77,"Apex Products, LLC",trey@thesloanagency.com,,false,false,,2026-09-25
"Block Real Estate Services, LLC",69fded0d62446148bd848b77,"Apex Products, LLC",kim.norgren@assuredpartners.com,,false,false,,2026-09-25
"Block Real Estate Services, LLC",69fded0e62446148bd848b89,Archway Technology LLC,rrooks@archwaykc.com,,true,true,,2026-09-25
"Block Real Estate Services, LLC",69fded0e62446148bd848ba4,Asurion UBIF,eunice.kwarteng@asurion.com,,true,true,,2026-09-25
"Block Real Estate Services, LLC",69fded0e62446148bd848b9b,Aspire Wealth Management LLC,toddschick@aspirewealthmgt.com,,true,true,,2026-09-25
"Block Real Estate Services, LLC",69fded0e62446148bd848b9b,Aspire Wealth Management LLC,c.bell@walkerhughes.com,,false,false,,2026-09-25
"Block Real Estate Services, LLC",69fded0e62446148bd848ba1,Asurion LLC,meghana.pandit@asurion.com,,true,true,,2026-09-25
"Block Real Estate Services, LLC",69fded0e62446148bd848baa,Auction Merchandise of KC,brad@adafundraising.com,,true,true,,2026-09-25
"Block Real Estate Services, LLC",69fded0f62446148bd848bce,"Saturday Morning Bazaar / Bazaar Collectibles, LLC",taninra@gmail.com,,true,true,,2026-09-25
"Block Real Estate Services, LLC",69fded0f62446148bd848bcb,"Banner Logistics, Inc",bvutich@bannerlogistics.com,,true,true,,2026-09-25
"Block Real Estate Services, LLC",69fded0f62446148bd848bcb,"Banner Logistics, Inc",marlena@tollieinsurance.com,,false,false,,2026-09-25
"Block Real Estate Services, LLC",69fded0f62446148bd848bda,Bella's Italian Restaurant Inc,adhurimveliu@hotmail.com,,true,true,,2026-09-25
"Block Real Estate Services, LLC",69fded0f62446148bd848c07,"BMO Harris Commercial Banking / BMO Harris Bank, NA",procurement.propertyadminus@bmo.com,,true,true,,2026-09-25
"Block Real Estate Services, LLC",69fded0f62446148bd848c04,"BluSky Salon Suites, Inc.",diana.cheatham@aol.com,,true,true,,2026-09-25
"Block Real Estate Services, LLC",69fded0f62446148bd848c10,"Sono Bello / Body Contour Centers, LLC",sonobello@mbgconsulting.com,,true,true,,2026-09-25
"Block Real Estate Services, LLC",69fded0c62446148bd848b23,"ADI (Ademco Distribution, Inc.) / Honeywell International, Inc.",colleen.paluzzi@adiglobal.com,,true,true,,2026-09-25
"Block Real Estate Services, LLC",69fded0c62446148bd848b23,"ADI (Ademco Distribution, Inc.) / Honeywell International, Inc.",evelyn.cavanaugh@adiglobal.com,,false,false,,2026-09-25
"Block Real Estate Services, LLC",69fded0c62446148bd848b14,Academy Bank,jroe@academybank.com,,true,true,,2026-09-25
"Block Real Estate Services, LLC",69fded0c62446148bd848b2c,Advanced Turf Solutions Inc,ap@advancedturf.com,,true,true,,2026-09-25
"Block Real Estate Services, LLC",69fded0c62446148bd848b2c,Advanced Turf Solutions Inc,certificate@mjinsurance.com,,false,false,,2026-09-25
"Block Real Estate Services, LLC",69fded0e62446148bd848bb0,AVI-SPL LLC,ivan.caggino@avispl.com,,true,true,,2026-09-25
"Block Real Estate Services, LLC",69fded0d62446148bd848b3b,Agape Montessori School/Pulliam Properties LLC,tonypulliam1@gmail.com,,true,true,,2026-09-25
"Block Real Estate Services, LLC",69fded0d62446148bd848b3b,Agape Montessori School/Pulliam Properties LLC,insurance@sunstarins.com,,false,false,,2026-09-25
"Block Real Estate Services, LLC",69fded1062446148bd848c4f,CBD American Shaman LLC,ap@cbdamericanshaman.com,,true,true,,2026-09-25
"Block Real Estate Services, LLC",69fded1062446148bd848c31,"Equipment Preference, Inc. (fka Burlis-Lawson Group, Inc.)",jay@burlislawson.com,,true,true,,2026-09-25
"Block Real Estate Services, LLC",69fded1062446148bd848c31,"Equipment Preference, Inc. (fka Burlis-Lawson Group, Inc.)",sbanon@epikitchen.com,,false,true,,2026-09-25
"Block Real Estate Services, LLC",69fded1062446148bd848c31,"Equipment Preference, Inc. (fka Burlis-Lawson Group, Inc.)",manch.certs@crossagency.com,,false,false,,2026-09-25
"Block Real Estate Services, LLC",69fded1062446148bd848c2e,BUNZL,,,false,false,,2026-09-25
"Block Real Estate Services, LLC",69fded1062446148bd848c2e,BUNZL,lora_redford@ajg.com,,false,false,,2026-09-25
"Block Real Estate Services, LLC",69fded1062446148bd848c2e,BUNZL,amy.west@bunzlusa.com,,true,true,,2026-09-25
"Block Real Estate Services, LLC",69fded1062446148bd848c3d,"Corbion / Caravan Ingredients, Inc.",melissa.carbaugh@corbion.com,,true,true,,2026-09-25
"Block Real Estate Services, LLC",69fded1162446148bd848c6d,"Chin Asian Restaurant, LLC",harrylian1212@gmail.com,,true,true,,2026-09-25
"Block Real Estate Services, LLC",69fded1162446148bd848c91,CMA / Colarelli Meyer & Associates,mobrien@cmaconsult.com,,true,true,,2026-09-25
"Block Real Estate Services, LLC",69fded1162446148bd848c91,CMA / Colarelli Meyer & Associates,adptotalsource@marsh.com,,false,false,,2026-09-25
"Block Real Estate Services, LLC",69fded1162446148bd848caf,Cornerstones Barbershop LLC,cornerstones.bbs@gmail.com,,true,true,,2026-09-25
"Block Real Estate Services, LLC",69fded1162446148bd848c94,"HCA aka College Park Endoscopy Center, LLC / Surgery Ventures",cpke.ap@hcahealthcare.com,,true,true,,2026-09-25
"Block Real Estate Services, LLC",69fded1162446148bd848c8b,CNR Construction KC LLC,accounting@cnr.construction,,true,true,,2026-09-25
"Block Real Estate Services, LLC",69fded1162446148bd848c8b,CNR Construction KC LLC,service@eainsure.com,,false,false,,2026-09-25
"Block Real Estate Services, LLC",69fded1162446148bd848c8b,CNR Construction KC LLC,adptotalsource@marsh.com,,false,false,,2026-09-25
"Block Real Estate Services, LLC",69fded1162446148bd848ca6,Convergint Technologies LLC,adrienne.zaucha@convergint.com,,true,true,,2026-09-25
"Block Real Estate Services, LLC",69fded1162446148bd848ca6,Convergint Technologies LLC,paul.abrahamson@convergint.com,,false,false,,2026-09-25
"Block Real Estate Services, LLC",69fded1162446148bd848ca6,Convergint Technologies LLC,chris.horkan@lockton.com,,false,false,,2026-09-25
"Block Real Estate Services, LLC",69fded1262446148bd848cd0,Crossroads Courier Inc,accounting@crossroadscourier.com,,true,true,,2026-09-25
"Block Real Estate Services, LLC",69fded1262446148bd848cd0,Crossroads Courier Inc,roseann.warth@bbrown.com,,false,false,,2026-09-25
"Block Real Estate Services, LLC",69fded1262446148bd848cee,"Dark Horse Coffee / Dark Horse Collective, LLC",holcomb.hollyanne@gmail.com,,true,true,,2026-09-25
"Block Real Estate Services, LLC",69fded1262446148bd848cee,"Dark Horse Coffee / Dark Horse Collective, LLC",jgreco@farmersagent.com,,false,false,,2026-09-25
"Block Real Estate Services, LLC",69fded1262446148bd848d0c,Dermatology Consultants,barb@dermcomw.com,,true,true,,2026-09-25
"Block Real Estate Services, LLC",69fded1262446148bd848d0c,Dermatology Consultants,select@bukatyagency.com,,false,false,,2026-09-25
"Block Real Estate Services, LLC",69fded1262446148bd848d0c,Dermatology Consultants,frontoffice@dermcomw.com,,false,false,,2026-09-25
"Block Real Estate Services, LLC",69fded1262446148bd848cf1,"Retail Data Systems of KC (RDS) / Data Systems, Inc.",msutton@rdspos.com,,true,true,,2026-09-25
"Block Real Estate Services, LLC",69fded1262446148bd848cf1,"Retail Data Systems of KC (RDS) / Data Systems, Inc.",lori.menichetti@usi.com,,false,false,,2026-09-25
"Block Real Estate Services, LLC",69fded1262446148bd848cf4,Data Systems International/ Nextworld / Cloud Inventory,ap@dsiglobal.com,,true,true,,2026-09-25
"Block Real Estate Services, LLC",69fded1262446148bd848cf4,Data Systems International/ Nextworld / Cloud Inventory,payables@nextw.com,,false,false,,2026-09-25
"Block Real Estate Services, LLC",69fded1262446148bd848cf4,Data Systems International/ Nextworld / Cloud Inventory,certrequest@moodyins.com,,false,false,,2026-09-25
"Block Real Estate Services, LLC",69fded1362446148bd848d33,DTG Medical Electronics,david.davis@dtgmedical.com,,true,true,,2026-09-25
"Block Real Estate Services, LLC",69fded1262446148bd848d09,Dentek Inc DBA Sokolov Dental Laboratory Inc,shauna@npgkc.com,,true,true,,2026-09-25
"Block Real Estate Services, LLC",69fded1262446148bd848d09,Dentek Inc DBA Sokolov Dental Laboratory Inc,info@sebriteagency.com,,false,false,,2026-09-25
"Block Real Estate Services, LLC",69fded1262446148bd848d09,Dentek Inc DBA Sokolov Dental Laboratory Inc,katie@sebriteagency.com,,false,true,,2026-09-25
"Block Real Estate Services, LLC",69fded1262446148bd848d09,Dentek Inc DBA Sokolov Dental Laboratory Inc,scott@sebriteagency.com,,false,true,,2026-09-25
"Block Real Estate Services, LLC",69fded1362446148bd848d57,"NTR Metals / Elemental Direct USA, LLC",lrangel@elemetal.com,,true,true,,2026-09-25
"Block Real Estate Services, LLC",69fded1362446148bd848d57,"NTR Metals / Elemental Direct USA, LLC",swalls@rslins.com,,false,false,,2026-09-25
"Block Real Estate Services, LLC",69fded1362446148bd848d57,"NTR Metals / Elemental Direct USA, LLC",certificates@marshmma.com,,false,false,,2026-09-25
"Block Real Estate Services, LLC",69fded1362446148bd848d54,Electronics for Imaging / EFI Ink Jet Solutions,joseph.ulicne@efi.com,,true,true,,2026-09-25
"Block Real Estate Services, LLC",69fded1462446148bd848d6f,Enterprise Leasing Company of Kansas,tony.mckinnis@erac.com,,true,true,,2026-09-25
"Block Real Estate Services, LLC",69fded1462446148bd848d6f,Enterprise Leasing Company of Kansas,sdougherty@blockllc.com,,false,false,,2026-09-25
"Block Real Estate Services, LLC",69fded1462446148bd848d6c,EDT Engineers / Engineering Design & Testing Corporation,rwisor@edtengineers.com,,true,true,,2026-09-25
"Block Real Estate Services, LLC",69fded1462446148bd848d6c,EDT Engineers / Engineering Design & Testing Corporation,kimberley.odell@usi.com,,false,false,,2026-09-25
"Block Real Estate Services, LLC",69fded1462446148bd848d6c,EDT Engineers / Engineering Design & Testing Corporation,danielle.wilkinson@marshmma.com,,false,false,,2026-09-25
"Block Real Estate Services, LLC",69fded1562446148bd848dbd,"FleetPride, Inc",bonita.feilmeier@hubinternational.com,,false,false,,2026-09-25
"Block Real Estate Services, LLC",69fded1562446148bd848dbd,"FleetPride, Inc",fleetpride.cla@cresa.com,,true,true,,2026-09-25
"Block Real Estate Services, LLC",69fded1562446148bd848dbd,"FleetPride, Inc",realestate@fleetpride.com,,false,false,,2026-09-25
"Block Real Estate Services, LLC",69fded1562446148bd848db4,First Watch,leases@firstwatch.com,,true,true,,2026-09-25
"Block Real Estate Services, LLC",69fded1562446148bd848db4,First Watch,certificates@wtwco.com,,false,false,,2026-09-25
"Block Real Estate Services, LLC",69fded1562446148bd848dcf,Frey Commodities USA Inc,jme@freycommodities.com,,true,true,,2026-09-25
"Block Real Estate Services, LLC",69fded1562446148bd848dcf,Frey Commodities USA Inc,newyork.certs@marsh.com,,false,false,,2026-09-25
"Block Real Estate Services, LLC",69fded1562446148bd848dcc,"Freirich & Katz, L.C. and JD Rosen CPA, PA / Freirich & Company, LLC",dfreirich@fkcpa.net,,true,true,,2026-09-25
"Block Real Estate Services, LLC",69fded1662446148bd848e23,"Action Stainless & Alloys / ACT Acquisition, Inc. (sublease from Hello Fresh / Grocery Delivery Logistics, Inc.)",gdlinvoices@hellofresh.com,,true,true,,2026-09-25
"Block Real Estate Services, LLC",69fded1662446148bd848e20,"The Shredder + MedShred / Green Resource Management, Inc.",alex@the-shredder.com,,true,true,,2026-09-25
"Block Real Estate Services, LLC",69fded1662446148bd848e20,"The Shredder + MedShred / Green Resource Management, Inc.",mepp@holmesmurphy.com,,false,false,,2026-09-25
"Block Real Estate Services, LLC",69fded1662446148bd848e2c,Guardian Water & Air Systems LLC,debrak@llwholesale.com,,true,true,,2026-09-25
"Block Real Estate Services, LLC",69fded1662446148bd848e2c,Guardian Water & Air Systems LLC,,,false,false,,2026-09-25
"Block Real Estate Services, LLC",69fded1662446148bd848e3b,"Discount Tire / Halle Properties, Inc.",realestatedept@discounttire.com,,true,true,,2026-09-25
"Block Real Estate Services, LLC",69fded1762446148bd848e83,"Xerox / Image Quest, Inc.",xerox-gis-leaseadmin@jll.com,,true,true,,2026-09-25
"Block Real Estate Services, LLC",69fded1762446148bd848e83,"Xerox / Image Quest, Inc.",certificates@willis.com,,false,false,,2026-09-25
"Block Real Estate Services, LLC",69fded1762446148bd848e83,"Xerox / Image Quest, Inc.",xeroxnamleaseadmin@jll.com,,false,false,,2026-09-25
"Block Real Estate Services, LLC",69fded1762446148bd848e83,"Xerox / Image Quest, Inc.",conderstal@blockllc.com,,false,false,,2026-09-25
"Block Real Estate Services, LLC",69fded1762446148bd848e80,"SOFIE / IBA Molecular North America, Inc.",payables@sofie.com,,true,true,,2026-09-25
"Block Real Estate Services, LLC",69fded1762446148bd848e89,Inspire Therapy LLC,david@inspireaba.com,,true,true,,2026-09-25
"Block Real Estate Services, LLC",69fded1862446148bd848ea4,"Proforma Idology Marketing Group / JES Business Solutions, LLC",ksteiniger@idologymg.com,,true,true,,2026-09-25
"Block Real Estate Services, LLC",69fded1862446148bd848ea4,"Proforma Idology Marketing Group / JES Business Solutions, LLC",brapp@amfam.com,,false,false,,2026-09-25
"Block Real Estate Services, LLC",69fded1862446148bd848ea4,"Proforma Idology Marketing Group / JES Business Solutions, LLC",service@insuranceshopllc.com,,false,false,,2026-09-25
"Block Real Estate Services, LLC",69fded1962446148bd848ef2,"KGPCo / KGP Telecommunications, LLC",kgpapdept@kgpco.com,,true,true,,2026-09-25
"Block Real Estate Services, LLC",69fded1962446148bd848eec,KC Cocktail Company LLC,hello@kccocktailco.com,,true,true,,2026-09-25
"Block Real Estate Services, LLC",69fded1962446148bd848eec,KC Cocktail Company LLC,,,false,false,,2026-09-25
"Block Real Estate Services, LLC",69fded1962446148bd848ef5,"Merry Maids 391 & 604 / Khaos, Inc.",kimberly.hinkly@merrymaids.pro,,true,true,,2026-09-25
"Block Real Estate Services, LLC",69fded1962446148bd848ef5,"Merry Maids 391 & 604 / Khaos, Inc.",jakewyer@worldinsurance.com,,false,false,,2026-09-25
"Block Real Estate Services, LLC",69fded1962446148bd848f04,KU Women's Health Specialty Centers / KU Gynocology and Obstetrical Foundation,ginny.maschinot@cushwake.com,,true,true,,2026-09-25
"Block Real Estate Services, LLC",69fded1a62446148bd848f5b,"Marel, USA",us.ap.inquiries@marel.com,,true,true,,2026-09-25
"Block Real Estate Services, LLC",69fded1a62446148bd848f4c,"Shoot 360 / Mambas Basketball Academy, LLC",accounting@shoot360kansascity.com,,true,true,,2026-09-25
"Block Real Estate Services, LLC",69fded1a62446148bd848f4c,"Shoot 360 / Mambas Basketball Academy, LLC",nvoogt@jdfulwiler.com,,false,false,,2026-09-25
"Block Real Estate Services, LLC",69fded1a62446148bd848f4c,"Shoot 360 / Mambas Basketball Academy, LLC",kackley@jdfulwiler.com,,false,false,,2026-09-25
"Block Real Estate Services, LLC",69fded1a62446148bd848f4c,"Shoot 360 / Mambas Basketball Academy, LLC",cmetscher@jdfulwiler.com,,false,false,,2026-09-25
"Block Real Estate Services, LLC",69fded1a62446148bd848f5e,"Mariner Wealth Advisors / Mariner Holdings, LLC",accountspayable@marinerwealth.com,,true,true,,2026-09-25
"Block Real Estate Services, LLC",69fded1a62446148bd848f6d,Mattress Firm Inc,leaseadmin@mfrm.com,,true,true,,2026-09-25
"Block Real Estate Services, LLC",69fded1a62446148bd848f6d,Mattress Firm Inc,request@sterlingrisk.com,,false,false,,2026-09-25
"Block Real Estate Services, LLC",69fded1a62446148bd848f6d,Mattress Firm Inc,dgowda@sterlingrisk.com,,false,false,,2026-09-25
"Block Real Estate Services, LLC",69fded1b62446148bd848fbe,"Mills Record Company / Mills Records, LLC",millsrecordcompany@gmail.com,,true,true,,2026-09-25
"Block Real Estate Services, LLC",69fded1b62446148bd848fc4,"Mindful Child Wellness + Aeriel Yoga, LLC",drtracyldaniel@gmail.com,,true,true,,2026-09-25
"Block Real Estate Services, LLC",69fded1b62446148bd848fc4,"Mindful Child Wellness + Aeriel Yoga, LLC",miles.finch.vaatf3@statefarm.com,,false,false,,2026-09-25
"Block Real Estate Services, LLC",69fded1b62446148bd848fc4,"Mindful Child Wellness + Aeriel Yoga, LLC",michael@finchkc.com,,false,false,,2026-09-25
"Block Real Estate Services, LLC",69fded1b62446148bd848fc1,"Ingersol Rand / Milton Roy, LLC",acctspay@miltonroy.com,,true,true,,2026-09-25
"Block Real Estate Services, LLC",69fded1b62446148bd848fc1,"Ingersol Rand / Milton Roy, LLC",michael.perloffjr@miltonroy.com,,false,false,,2026-09-25
"Block Real Estate Services, LLC",69fded1b62446148bd848fd3,"Dal Tile / Mohawk Carpet Distribution, Inc.",lease.administration@daltile.com,,true,true,,2026-09-25
"Block Real Estate Services, LLC",69fded1c62446148bd849021,Olivia Wang,wyun2012@yahoo.com,,true,true,,2026-09-25
"Block Real Estate Services, LLC",69fded1c62446148bd849024,Ollie's Bargain Outlet Inc,leaseadmin@ollies.us,,true,true,,2026-09-25
"Block Real Estate Services, LLC",69fded1c62446148bd849024,Ollie's Bargain Outlet Inc,eve.babb@alliant.com,,false,false,,2026-09-25
"Block Real Estate Services, LLC",69fded1c62446148bd84901b,"Office Max, Inc #472",kelly.dossantos@officedepot.com,,true,true,,2026-09-25
"Block Real Estate Services, LLC",69fded1d62446148bd849033,O'Reilly Automotive,camauditmidwest@oreillyauto.com,,true,true,,2026-09-25
"Block Real Estate Services, LLC",69fded1d62446148bd849081,"ICON / PRA Health Sciences / Pharmaceutical Research Associates, Inc.",tom.mahon@iconplc.com,,true,true,,2026-09-25
"Block Real Estate Services, LLC",69fded1d62446148bd849072,People First Network of Kansas LLC,kathycrockettpfn@gmail.com,,true,true,,2026-09-25
"Block Real Estate Services, LLC",69fded1d62446148bd849072,People First Network of Kansas LLC,kccarrieraccess@assuredpartners.com,,false,false,,2026-09-25
"Block Real Estate Services, LLC",69fded1d62446148bd849072,People First Network of Kansas LLC,michelle.harris@imacorp.com,,false,false,,2026-09-25
"Block Real Estate Services, LLC",69fded1d62446148bd849084,Pharmacy Corp of America,leaseaccounting@brightspringhealth.com,,true,true,,2026-09-25
"Block Real Estate Services, LLC",69fded1d62446148bd849084,Pharmacy Corp of America,karen.frey@brightspringhealth.com,,false,false,,2026-09-25
"Block Real Estate Services, LLC",69fded1e62446148bd849090,"Pinnacle Construction Group, LLC",autz@pcgkc.com,,true,true,,2026-09-25
"Block Real Estate Services, LLC",69fded1f62446148bd8490de,Darden dba Longhorn Steakhouse / RARE Hospitality of Kansas,jcomulada@darden.com,,true,true,,2026-09-25
"Block Real Estate Services, LLC",69fded1f62446148bd8490de,Darden dba Longhorn Steakhouse / RARE Hospitality of Kansas,itaveras@darden.com,,false,true,,2026-09-25
"Block Real Estate Services, LLC",69fded1f62446148bd8490e4,"LynTec, Inc. / RDC, Inc.",accounting@lyntec.com,,true,true,,2026-09-25
"Block Real Estate Services, LLC",69fded1f62446148bd8490e4,"LynTec, Inc. / RDC, Inc.",fiatinsurance.service@gmail.com,,false,false,,2026-09-25
"Block Real Estate Services, LLC",69fded1f62446148bd8490e4,"LynTec, Inc. / RDC, Inc.",certificates@copelandins.com,,false,false,,2026-09-25
"Block Real Estate Services, LLC",69fded1f62446148bd8490ed,Releve Performing Arts / Ashley Collier,relevepacinfo@gmail.com,,true,true,,2026-09-25
"Block Real Estate Services, LLC",69fded1f62446148bd8490f9,Repairs Unlimited LLC,suer@repairs-unlimited.com,,true,true,,2026-09-25
"Block Real Estate Services, LLC",69fded1f62446148bd8490f9,Repairs Unlimited LLC,suzie@aribrokers.com,,false,false,,2026-09-25
"Block Real Estate Services, LLC",69fded2062446148bd849144,Select Comfort Retail Corporation,jena.katzenberger@sleepnumber.com,,true,true,,2026-09-25
"Block Real Estate Services, LLC",69fded2062446148bd849144,Select Comfort Retail Corporation,ins.transportation@usi.com,,false,false,,2026-09-25
"Block Real Estate Services, LLC",69fded2062446148bd849153,Anthony's Plumbing,kstroker@anthonyphce.com,,true,true,,2026-09-25
"Block Real Estate Services, LLC",69fded2062446148bd849153,Anthony's Plumbing,jkinsella@higginbotham.net,,false,false,,2026-09-25
"Block Real Estate Services, LLC",69fded2062446148bd84915c,Sherwin Williams-SW 07526,fssleaseadmin@sherwin.com,,true,true,,2026-09-25
"Block Real Estate Services, LLC",69fded2062446148bd84915c,Sherwin Williams-SW 07526,sally.harper@hylant.com,,false,false,,2026-09-25
"Block Real Estate Services, LLC",69fded2062446148bd849141,Seen Merchandising LLC,christine@seenmerch.com,,true,true,,2026-09-25
"Block Real Estate Services, LLC",69fded2062446148bd849141,Seen Merchandising LLC,bpm@bpminsurance.com,,false,false,,2026-09-25
"Block Real Estate Services, LLC",69fded2062446148bd849141,Seen Merchandising LLC,nbuckman@acrisure.com,,false,false,,2026-09-25
"Block Real Estate Services, LLC",69fded2162446148bd8491b6,Creative Nails / Steven Lam & Bang Nguyen,hungnguyen00764@yahoo.com,,true,true,,2026-09-25
"Block Real Estate Services, LLC",69fded2162446148bd8491a4,"Midwest Office Technology / STA-MOT-KS, LLC",ap@summitaffiliates.com,,true,true,,2026-09-25
"Block Real Estate Services, LLC",69fded2162446148bd8491a4,"Midwest Office Technology / STA-MOT-KS, LLC",lpower@cpcinsurance.com,,false,false,,2026-09-25
"Block Real Estate Services, LLC",69fded2162446148bd8491b3,Starbucks Corporation,financialleaseadmi@starbucks.com,,true,true,,2026-09-25
"Block Real Estate Services, LLC",69fded2162446148bd8491b9,Stifel Nicolaus & Company Inc,accountingleaseadmin@stifel.com,,true,true,,2026-09-25
"Block Real Estate Services, LLC",69fded2162446148bd8491b9,Stifel Nicolaus & Company Inc,shelby_krodinger@ajg.com,,false,false,,2026-09-25
"Block Real Estate Services, LLC",69fded2262446148bd8491fe,The American National Red Cross,real.estate@redcross.org,,true,true,,2026-09-25
"Block Real Estate Services, LLC",69fded2262446148bd849213,The Sunderland Foundation,sjames@sunderland.org,,true,true,,2026-09-25
"Block Real Estate Services, LLC",69fded2262446148bd849201,The CapFinancial Group LLC,facilities@captrustaqdvisors.com,,true,true,,2026-09-25
"Block Real Estate Services, LLC",69fded2262446148bd849219,"Theodore Habiger and Rm 39 Midtown, LLC",ted@rm39.com,,true,true,,2026-09-25
"Block Real Estate Services, LLC",69fded2362446148bd849279,"Vakok Asian Market, LLC",estherthidaaye33@gmail.com,,true,true,,2026-09-25
"Block Real Estate Services, LLC",69fded2362446148bd84926d,University of Kansas Hospital Authority,ginny.maschinot@cushwake.com,,true,true,,2026-09-25
"Block Real Estate Services, LLC",69fded2362446148bd849264,"United Access of KC, LLC",ap@unitedaccess.com,,true,true,,2026-09-25
"Block Real Estate Services, LLC",69fded2362446148bd849264,"United Access of KC, LLC",dfobbs@hilbgroup.com,,false,false,,2026-09-25
"Block Real Estate Services, LLC",69fded2462446148bd84927c,"Vape Time / AVRWL, LLC (fka Aqueous Vapor)",ahmadwazma@yahoo.com,,true,true,,2026-09-25
"Block Real Estate Services, LLC",69fded2562446148bd8492d3,Yia Yias Tattoo Parlor LLC,yiayiastattoo@icloud.com,,true,true,,2026-09-25
"Block Real Estate Services, LLC",69fded2562446148bd8492d9,ZSF USA LLC,louie@gtlkee.com,,true,true,,2026-09-25
"Block Real Estate Services, LLC",69fded2562446148bd8492d9,ZSF USA LLC,bret@ballentineinsurance.com,,false,false,,2026-09-25
"Block Real Estate Services, LLC",69fded2462446148bd8492cd,Xpress Stop 2 LLC / World of Spirits,luckytrucking92@gmail.com,,true,true,,2026-09-25
"Block Real Estate Services, LLC",6a170f97efde9f2154ab7751,Vitale Realtors,vince@vitalerealtors.com,,true,true,,2026-09-25
"Block Real Estate Services, LLC",6a184f4af8f612ef094c4c00,PharMerica / Pharmacy Corporation of America,greg.lunson@pharmerica.com,,true,true,,2026-09-25
"Block Real Estate Services, LLC",6a1857e9a4bcce858bf099bb,"USA Vein Clinics (fka Vein Clinics of America, Inc.)",nchaudhri@usaclinics.com,,true,true,,2026-09-25
"Block Real Estate Services, LLC",6a187263e701796d85de7c91,"LVT Trucking, Inc.",certs@clinewood.com,,false,false,,2026-09-25
"Block Real Estate Services, LLC",6a187263e701796d85de7c91,"LVT Trucking, Inc.",rmeade@lvttrucking.com,,true,true,,2026-09-25
"Block Real Estate Services, LLC",6a187b32d2723fbba9a51c41,"Re-View Windows, Inc. (fka Architectural Specialties, Inc. )",miles@reviewwindows.com,,true,true,,2026-09-25
"Block Real Estate Services, LLC",6a187b32d2723fbba9a51c41,"Re-View Windows, Inc. (fka Architectural Specialties, Inc. )",ap@reviewwindows.com,,false,false,,2026-09-25
"Block Real Estate Services, LLC",6a18853c9ef1cffe57c768cc,Nails 4 U,phuongn6904@gmail.com,,true,true,,2026-09-25
"Block Real Estate Services, LLC",6a1df24c23b401dcff806fc2,"Viking Power / Shoppa's Material Handling, LTD",invoices@shoppas.com,,true,true,,2026-09-25
"Block Real Estate Services, LLC",6a1df472b9a647219f2f2916,Jeweler's Bench,79mharrell@gmail.com,,true,true,,2026-09-25
"Block Real Estate Services, LLC",6a1df472b9a647219f2f2916,Jeweler's Bench,clientcontactcenter@fedins.com,,false,false,,2026-09-25
"Block Real Estate Services, LLC",6a1df44f98a3fac93a2216bd,Dominos Pizza,domiman@aol.com,,true,true,,2026-09-25
"Block Real Estate Services, LLC",6a1dfcd80a51a0db79c1dfba,JRJ Partners - Condo Owners (Clancey Design Distributor),certs.construction@baldwin.com,,true,true,,2026-09-25
"Block Real Estate Services, LLC",6a1dfcd80a51a0db79c1dfba,JRJ Partners - Condo Owners (Clancey Design Distributor),shaun@clancey.com,,false,true,,2026-09-25
"Block Real Estate Services, LLC",6a71fb111df1817c9d71e47a,Wholesale Electric Supply Co.,aaron.buster@netwes.com,,true,true,,2026-09-25
"Block Real Estate Services, LLC",6a71fb111df1817c9d71e47a,Wholesale Electric Supply Co.,amuldrow@fwoins.com,,false,false,,2026-09-25
"Block Real Estate Services, LLC",6a71fb4d1df1817c9d71edf9,"L&C Cabinetry KCI, LLC",sam@inccabinetry.com,,true,true,,2026-09-25
"Block Real Estate Services, LLC",6a71fb4d1df1817c9d71edf9,"L&C Cabinetry KCI, LLC",feng@lnccabinetry.com,,false,true,,2026-09-25
"Block Real Estate Services, LLC",6a72067ea7b0558ab72338fb,Lure Creative,brandi@lurecreative.com,,true,true,,2026-09-25
"Block Real Estate Services, LLC",6a72067ea7b0558ab72338fb,Lure Creative,mel.hawk.b6yx@statefarm.com,,false,false,,2026-09-25
"Block Real Estate Services, LLC",6a7de8128ae97a448204bb45,LRIco Services LLC,andrew.spitsnogle@lrico.com,,true,true,,2026-09-25
"Block Real Estate Services, LLC",6a7de8128ae97a448204bb45,LRIco Services LLC,karen_salas@ajg.com,,false,false,,2026-09-25
QTS Data Centers,69f0f3c5beb6279e947be0f8,"Layton Construction Company, LLC",paige.brandenburg@laytonconstruction.com,,false,true,,2026-09-25
QTS Data Centers,69f0f3c5beb6279e947be0f8,"Layton Construction Company, LLC",rickie.sanchez@laytonconstruction.com,,true,false,,2026-09-25
QTS Data Centers,69f0f3c5beb6279e947be0f3,"Holder Construction Group, LLC",internalemail@noemail.com,,true,false,,2026-09-25
QTS Data Centers,69f0f3c4beb6279e947be0e4,Gilbane Building Company,dbuser@gilbaneco.com,,true,true,,2026-09-25
QTS Data Centers,69f0f3c4beb6279e947be0e4,Gilbane Building Company,esynstad@gilbaneco.com,,false,false,,2026-09-25
QTS Data Centers,69f0f3c4beb6279e947be0e4,Gilbane Building Company,michael.annecchino@alliant.com,,false,false,,2026-09-25
QTS Data Centers,69f0f3c4beb6279e947be0e4,Gilbane Building Company,deniese.fahnbulleh@q.com,,false,false,,2026-09-25
QTS Data Centers,69f0f3c4beb6279e947be0e9,"Gray Construction, Inc.",tyson.robinson@gray.com,,false,true,,2026-09-25
QTS Data Centers,69f0f3c4beb6279e947be0e9,"Gray Construction, Inc.",kcasu@lockton.com,,false,false,,2026-09-25
QTS Data Centers,69f0f3c4beb6279e947be0e9,"Gray Construction, Inc.",ajolly@gray.com,,true,true,,2026-09-25
QTS Data Centers,69f0f3c4beb6279e947be0df,Evans General Contractors LLC,msanchez@evans-gc.com,,false,true,,2026-09-25
QTS Data Centers,69f0f3c4beb6279e947be0df,Evans General Contractors LLC,mbrier@evans-gc.com,,true,false,,2026-09-25
QTS Data Centers,69f0f3c4beb6279e947be0df,Evans General Contractors LLC,cmarshall@evans-gc.com,,false,true,,2026-09-25
QTS Data Centers,69f0f3c5beb6279e947be107,"Structure Tone, LLC",tami.gray@structuretone.com,,true,true,,2026-09-25
QTS Data Centers,69f0f3c5beb6279e947be107,"Structure Tone, LLC",nick.soldivieri@laytonconstruction.com,,false,false,,2026-09-25