client,id,name,sync_date
"Block Real Estate Services, LLC",69bc0d686bc195aa02a7e322,Certificate of Insurance,2026-06-05
"Block Real Estate Services, LLC",69bc0d686bc195aa02a7e324,Professional License,2026-06-05
"Block Real Estate Services, LLC",69bc0d686bc195aa02a7e326,Driver's License,2026-06-05
"Block Real Estate Services, LLC",69bc0d686bc195aa02a7e328,W-9,2026-06-05
"Block Real Estate Services, LLC",69bc0d686bc195aa02a7e32a,Generic Document,2026-06-05
"Block Real Estate Services, LLC",69bc0d686bc195aa02a7e32c,Contract,2026-06-05
Construction Management Inc.,69c55ed02e9f8397d542cc03,Certificate of Insurance,2026-06-05
Construction Management Inc.,69c55ed02e9f8397d542cc04,Professional License,2026-06-05
Construction Management Inc.,69c55ed02e9f8397d542cc05,Driver's License,2026-06-05
Construction Management Inc.,69c55ed02e9f8397d542cc06,W-9,2026-06-05
Construction Management Inc.,69c55ed02e9f8397d542cc07,Generic Document,2026-06-05
Construction Management Inc.,69c55ed02e9f8397d542cc08,Contract,2026-06-05
QTS Data Centers,69f0b71c7b24cf3460d0bd8e,Certificate of Insurance,2026-06-05
QTS Data Centers,69f0b71c7b24cf3460d0bd90,Professional License,2026-06-05
QTS Data Centers,69f0b71c7b24cf3460d0bd92,Driver's License,2026-06-05
QTS Data Centers,69f0b71c7b24cf3460d0bd94,W-9,2026-06-05
QTS Data Centers,69f0b71c7b24cf3460d0bd96,Generic Document,2026-06-05
QTS Data Centers,69f0b71c7b24cf3460d0bd98,Contract,2026-06-05
DEMO Client,69fa47d8ad94f1fe3056a5d7,Certificate of Insurance,2026-06-05
DEMO Client,69fa47d8ad94f1fe3056a5d9,Professional License,2026-06-05
DEMO Client,69fa47d8ad94f1fe3056a5db,Driver's License,2026-06-05
DEMO Client,69fa47d8ad94f1fe3056a5dd,W-9,2026-06-05
DEMO Client,69fa47d8ad94f1fe3056a5df,Generic Document,2026-06-05
DEMO Client,69fa47d8ad94f1fe3056a5e1,Contract,2026-06-05