id,name,description,form_count,sync_date,sync_timestamp
,,,,06/01/2026,06/01/2026 12:00:45
,,,,06/01/2026,06/01/2026 12:00:45
,,,,06/01/2026,06/01/2026 12:00:45
,,,,06/01/2026,06/01/2026 12:00:45
,,,,06/01/2026,06/01/2026 12:00:45
,,,,06/01/2026,06/01/2026 12:00:45
,,,,06/01/2026,06/01/2026 12:00:45
,,,,06/01/2026,06/01/2026 12:00:45
,,,,06/01/2026,06/01/2026 12:00:45
,,,,06/01/2026,06/01/2026 12:00:45
,,,,06/01/2026,06/01/2026 12:00:45
,,,,06/01/2026,06/01/2026 12:00:45
,,,,06/01/2026,06/01/2026 12:00:45
,,,,06/01/2026,06/01/2026 12:00:45
,,,,06/01/2026,06/01/2026 12:00:45
,,,,06/01/2026,06/01/2026 12:00:45
,,,,06/01/2026,06/01/2026 12:00:45
,,,,06/01/2026,06/01/2026 12:00:45
,,,,06/01/2026,06/01/2026 12:00:45
,,,,06/01/2026,06/01/2026 12:00:45
,,,,06/01/2026,06/01/2026 12:00:45
,,,,06/01/2026,06/01/2026 12:00:45
,,,,06/01/2026,06/01/2026 12:00:45
,,,,06/01/2026,06/01/2026 12:00:45
,,,,06/01/2026,06/01/2026 12:00:45
,,,,06/01/2026,06/01/2026 12:00:45
,,,,06/01/2026,06/01/2026 12:00:45
,,,,06/01/2026,06/01/2026 12:00:45
,,,,06/01/2026,06/01/2026 12:00:45
,,,,06/01/2026,06/01/2026 12:00:45
,,,,06/01/2026,06/01/2026 12:00:45
,,,,06/01/2026,06/01/2026 12:00:45
,,,,06/01/2026,06/01/2026 12:00:45
,,,,06/01/2026,06/01/2026 12:00:45
,,,,06/01/2026,06/01/2026 12:00:45
,,,,06/01/2026,06/01/2026 12:00:45
,,,,06/01/2026,06/01/2026 12:00:45