client,vendor_id,vendor_name,tag_id,tag_name,expires_at,sync_date
"Block Real Estate Services, LLC",69fded0c62446148bd848b02,24 Hour Check Cashing,69bc0d686bc195aa02a7e378,2nd Request,,2026-06-24
"Block Real Estate Services, LLC",69fded0c62446148bd848b05,"Big Biscuit / 27 Biscuits, LLC",69bc0d686bc195aa02a7e376,1st Request,,2026-06-24
"Block Real Estate Services, LLC",69fded0c62446148bd848af9,"1&1 Internet / IONOS, Inc.",69bc0d686bc195aa02a7e378,2nd Request,,2026-06-24
"Block Real Estate Services, LLC",69fded0c62446148bd848afc,1248 Holdings LLC,69c6c3323e3434940e13e37a,Final Request,,2026-06-24
"Block Real Estate Services, LLC",69fded0c62446148bd848b0b,717 Office Group LLC,69bc0d686bc195aa02a7e378,2nd Request,,2026-06-24
"Block Real Estate Services, LLC",69fded0c62446148bd848b08,"Ray's Donuts & Deli / 6tinos, LLC",69bc0d686bc195aa02a7e378,2nd Request,,2026-06-24
"Block Real Estate Services, LLC",69fded0c62446148bd848b1d,"Adams Cable Equipment, Inc.",69bc0d686bc195aa02a7e376,1st Request,,2026-06-24
"Block Real Estate Services, LLC",69fded0c62446148bd848b26,"Advanced Auto / Advanced Stores Co., Inc.",69bc0d686bc195aa02a7e376,1st Request,,2026-06-24
"Block Real Estate Services, LLC",69fded0c62446148bd848b23,"ADI (Ademco Distribution, Inc.) / Honeywell International, Inc.",69bc0d686bc195aa02a7e378,2nd Request,,2026-06-24
"Block Real Estate Services, LLC",69fded0c62446148bd848b29,Advanced Pharmaceuticals LLC,69bc0d686bc195aa02a7e378,2nd Request,,2026-06-24
"Block Real Estate Services, LLC",69fded0c62446148bd848b17,"Pertronix (Aeromotive) / Accelerate Auto Works Intermediate, LLC",69bc0d686bc195aa02a7e378,2nd Request,,2026-06-24
"Block Real Estate Services, LLC",69fded0c62446148bd848b2c,Advanced Turf Solutions Inc,69bc0d686bc195aa02a7e37a,3rd Request,,2026-06-24
"Block Real Estate Services, LLC",69fded0c62446148bd848b20,Adare Pharma Solutions,69bc0d686bc195aa02a7e378,2nd Request,,2026-06-24
"Block Real Estate Services, LLC",69fded0c62446148bd848b2f,"Daymon / Advantage Sales & Marketing, LLC",69bc0d686bc195aa02a7e378,2nd Request,,2026-06-24
"Block Real Estate Services, LLC",69fded0d62446148bd848b3e,AgForce Transport Services / Consolidated Grain and Barge Co.,69bc0d686bc195aa02a7e376,1st Request,,2026-06-24
"Block Real Estate Services, LLC",69fded0d62446148bd848b35,"Aircraft Electrical / AEE-EMF, Inc.",69bc0d686bc195aa02a7e378,2nd Request,,2026-06-24
"Block Real Estate Services, LLC",69fded0d62446148bd848b41,AGI SureTrack LLC,69bc0d686bc195aa02a7e378,2nd Request,,2026-06-24
"Block Real Estate Services, LLC",69fded0d62446148bd848b44,All Access Garage Doors,69bc0d686bc195aa02a7e378,2nd Request,,2026-06-24
"Block Real Estate Services, LLC",69fded0d62446148bd848b4a,Allergy & Asthma Care,69bc0d686bc195aa02a7e378,2nd Request,,2026-06-24
"Block Real Estate Services, LLC",69fded0d62446148bd848b47,All Copy Products Inc,69bc0d686bc195aa02a7e378,2nd Request,,2026-06-24
"Block Real Estate Services, LLC",69fded0d62446148bd848b50,Allure Hair Studio / Alisha N. Bauer,69bc0d686bc195aa02a7e378,2nd Request,,2026-06-24
"Block Real Estate Services, LLC",69fded0d62446148bd848b4d,Allstate Insurance,69bc0d686bc195aa02a7e378,2nd Request,,2026-06-24
"Block Real Estate Services, LLC",69fded0d62446148bd848b56,"Amazon / Amazon.com Services, LLC (MCI5)",69bc0d686bc195aa02a7e378,2nd Request,,2026-06-24
"Block Real Estate Services, LLC",69fded0d62446148bd848b53,"Altium Healthcare, Inc (fka Tri State Distribution)",69bc0d686bc195aa02a7e378,2nd Request,,2026-06-24
"Block Real Estate Services, LLC",69fded0d62446148bd848b59,"Hamilton Plumbing / Roger The Plumber / American Residential Services, LLC (ARS)",69bc0d686bc195aa02a7e376,1st Request,,2026-06-24
"Block Real Estate Services, LLC",69fded0d62446148bd848b62,"AMSCO Supply / Flegler Investment Co., Inc.",69bc0d686bc195aa02a7e376,1st Request,,2026-06-24
"Block Real Estate Services, LLC",69fded0d62446148bd848b5c,"Earth Brands, Inc. subtenant of  American West Worldwide Express, Inc. / Renew",69bc0d686bc195aa02a7e378,2nd Request,,2026-06-24
"Block Real Estate Services, LLC",69fded0d62446148bd848b65,Amsted Rail Company Inc,69bc0d686bc195aa02a7e378,2nd Request,,2026-06-24
"Block Real Estate Services, LLC",69fded0d62446148bd848b6b,Anixter Inc,69bc0d686bc195aa02a7e378,2nd Request,,2026-06-24
"Block Real Estate Services, LLC",69fded0d62446148bd848b6e,Puppy Love Grooming / Anntippia Young,69bc0d686bc195aa02a7e378,2nd Request,,2026-06-24
"Block Real Estate Services, LLC",69fded0d62446148bd848b71,Anthony's Barber Shop / Anthony Vasquez,69bc0d686bc195aa02a7e378,2nd Request,,2026-06-24
"Block Real Estate Services, LLC",69fded0d62446148bd848b74,LaborMax Staffing / Anytime Labor - KC Metro,69bc0d686bc195aa02a7e378,2nd Request,,2026-06-24
"Block Real Estate Services, LLC",69fded0d62446148bd848b77,"Apex Products, LLC",69bc0d686bc195aa02a7e378,2nd Request,,2026-06-24
"Block Real Estate Services, LLC",69fded0e62446148bd848b83,Applied Industrial Technologies Inc,69bc0d686bc195aa02a7e378,2nd Request,,2026-06-24
"Block Real Estate Services, LLC",69fded0d62446148bd848b7a,"ApexSite Cleaning, LLC",69bc0d686bc195aa02a7e378,2nd Request,,2026-06-24
"Block Real Estate Services, LLC",69fded0e62446148bd848b80,"Applebee's Bar & Grill / Apple Central, LLC",69bc0d686bc195aa02a7e378,2nd Request,,2026-06-24
"Block Real Estate Services, LLC",69fded0e62446148bd848b8c,ARJ Infusion Services,69bc0d686bc195aa02a7e378,2nd Request,,2026-06-24
"Block Real Estate Services, LLC",69fded0e62446148bd848b8f,Arrowhead Forensics,69bc0d686bc195aa02a7e376,1st Request,,2026-06-24
"Block Real Estate Services, LLC",69fded0e62446148bd848b95,Ashley Nelson Studios,69bc0d686bc195aa02a7e378,2nd Request,,2026-06-24
"Block Real Estate Services, LLC",69fded0e62446148bd848b98,Aspen Properties Group,69bc0d686bc195aa02a7e378,2nd Request,,2026-06-24
"Block Real Estate Services, LLC",69fded0e62446148bd848ba1,Asurion LLC,69bc0d686bc195aa02a7e376,1st Request,,2026-06-24
"Block Real Estate Services, LLC",69fded0e62446148bd848ba4,Asurion UBIF,69bc0d686bc195aa02a7e378,2nd Request,,2026-06-24
"Block Real Estate Services, LLC",69fded0e62446148bd848baa,Auction Merchandise of KC,69bc0d686bc195aa02a7e378,2nd Request,,2026-06-24
"Block Real Estate Services, LLC",69fded0e62446148bd848ba7,"Athletico Physical Therapy / Athletico Management, LLC",69bc0d686bc195aa02a7e378,2nd Request,,2026-06-24
"Block Real Estate Services, LLC",69fded0e62446148bd848bb3,Axiom Strategies LLC,69bc0d686bc195aa02a7e376,1st Request,,2026-06-24
"Block Real Estate Services, LLC",69fded0e62446148bd848bb9,"Pet Supplies Plus / B&B Pet Products, LLC",69bc0d686bc195aa02a7e376,1st Request,,2026-06-24
"Block Real Estate Services, LLC",69fded0e62446148bd848bb0,AVI-SPL LLC,69bc0d686bc195aa02a7e378,2nd Request,,2026-06-24
"Block Real Estate Services, LLC",69fded0e62446148bd848bb6,AXIS Capital / AXIS Reinsurance Company,69bc0d686bc195aa02a7e378,2nd Request,,2026-06-24
"Block Real Estate Services, LLC",69fded0e62446148bd848bc5,Bankers Life and Casualty Company,69bc0d686bc195aa02a7e378,2nd Request,,2026-06-24
"Block Real Estate Services, LLC",69fded0f62446148bd848bd7,BDM Inc,69bc0d686bc195aa02a7e376,1st Request,,2026-06-24
"Block Real Estate Services, LLC",69fded0f62446148bd848bda,Bella's Italian Restaurant Inc,69bc0d686bc195aa02a7e378,2nd Request,,2026-06-24
"Block Real Estate Services, LLC",69fded0f62446148bd848be0,Beltone Hearing Aid Center,69bc0d686bc195aa02a7e376,1st Request,,2026-06-24
"Block Real Estate Services, LLC",69fded0f62446148bd848be3,"Best Wash Laundromats / Best Wash Holdings, LLC",69bc0d686bc195aa02a7e378,2nd Request,,2026-06-24
"Block Real Estate Services, LLC",69fded0f62446148bd848bec,Sarpino's / BHPS Restaurant Group LLC,69bc0d686bc195aa02a7e378,2nd Request,,2026-06-24
"Block Real Estate Services, LLC",69fded0f62446148bd848bef,"CEVA Animal Health, LLC / Bioimmune Company",69bc0d686bc195aa02a7e378,2nd Request,,2026-06-24
"Block Real Estate Services, LLC",69fded0f62446148bd848bf2,Bird Dog Shaved Ice (Vacant but still leasing),69bc0d686bc195aa02a7e378,2nd Request,,2026-06-24
"Block Real Estate Services, LLC",69fded0f62446148bd848bfb,"Block Real Estate Services, LLC / Block Partners, LLC",69bc0d686bc195aa02a7e378,2nd Request,,2026-06-24
"Block Real Estate Services, LLC",69fded0f62446148bd848c01,BluSky Restoration Contractors LLC,69bc0d686bc195aa02a7e378,2nd Request,,2026-06-24
"Block Real Estate Services, LLC",69fded0f62446148bd848c04,"BluSky Salon Suites, Inc.",69bc0d686bc195aa02a7e378,2nd Request,,2026-06-24
"Block Real Estate Services, LLC",69fded0f62446148bd848c0d,Bode Cellmark Forensics Inc,69bc0d686bc195aa02a7e378,2nd Request,,2026-06-24
"Block Real Estate Services, LLC",69fded0f62446148bd848c0a,"AKKA Karate USA / BMS Fitnes Solutions, Inc. (AKKA Olathe Martial Arts)",69bc0d686bc195aa02a7e378,2nd Request,,2026-06-24
"Block Real Estate Services, LLC",69fded0f62446148bd848c13,"Celebrate Dental & Braces / Brave, LLC",69bc0d686bc195aa02a7e378,2nd Request,,2026-06-24
"Block Real Estate Services, LLC",69fded0f62446148bd848c10,"Sono Bello / Body Contour Centers, LLC",69bc0d686bc195aa02a7e378,2nd Request,,2026-06-24
"Block Real Estate Services, LLC",69fded1062446148bd848c1c,Brown & Root Industrial Services LLC,69bc0d686bc195aa02a7e378,2nd Request,,2026-06-24
"Block Real Estate Services, LLC",69fded0e62446148bd848bbf,Baking With A Bass / Kayla Bass,69bc0d686bc195aa02a7e376,1st Request,,2026-06-24
"Block Real Estate Services, LLC",69fded0e62446148bd848bc2,Bank of America,69bc0d686bc195aa02a7e376,1st Request,,2026-06-24
"Block Real Estate Services, LLC",69fded0f62446148bd848bce,"Saturday Morning Bazaar / Bazaar Collectibles, LLC",69bc0d686bc195aa02a7e378,2nd Request,,2026-06-24
"Block Real Estate Services, LLC",69fded0f62446148bd848bdd,"Pepper Jax Grill / Belton North Cass, LLC",69bc0d686bc195aa02a7e378,2nd Request,,2026-06-24
"Block Real Estate Services, LLC",69fded1062446148bd848c28,Builder Direct LLC,69bc0d686bc195aa02a7e376,1st Request,,2026-06-24
"Block Real Estate Services, LLC",69fded1062446148bd848c2b,Bunzl Distribution Inc,69bc0d686bc195aa02a7e378,2nd Request,,2026-06-24
"Block Real Estate Services, LLC",69fded0f62446148bd848bf8,Block Multi-Family Group,69bc0d686bc195aa02a7e378,2nd Request,,2026-06-24
"Block Real Estate Services, LLC",69fded1062446148bd848c31,Burlis Lawson Group Inc,69bc0d686bc195aa02a7e378,2nd Request,,2026-06-24
"Block Real Estate Services, LLC",69fded1062446148bd848c37,Butler Suppy Inc,69bc0d686bc195aa02a7e376,1st Request,,2026-06-24
"Block Real Estate Services, LLC",69fded1062446148bd848c3a,BWI Companies Inc,69bc0d686bc195aa02a7e378,2nd Request,,2026-06-24
"Block Real Estate Services, LLC",69fded1062446148bd848c40,"APEX / KC Orthopedic Institute (fka Carondelet Orthopedic Surgeons, PA)",69bc0d686bc195aa02a7e378,2nd Request,,2026-06-24
"Block Real Estate Services, LLC",69fded1062446148bd848c3d,"Corbion / Caravan Ingredients, Inc.",69bc0d686bc195aa02a7e378,2nd Request,,2026-06-24
"Block Real Estate Services, LLC",69fded1062446148bd848c1f,The Professional Group / Bryan Torez,69bc0d686bc195aa02a7e378,2nd Request,,2026-06-24
"Block Real Estate Services, LLC",69fded1062446148bd848c49,Cass County Public Library,69bc0d686bc195aa02a7e376,1st Request,,2026-06-24
"Block Real Estate Services, LLC",69fded1062446148bd848c22,Bryght Labs,69bc0d686bc195aa02a7e376,1st Request,,2026-06-24
"Block Real Estate Services, LLC",69fded1062446148bd848c4f,CBD American Shaman LLC,69bc0d686bc195aa02a7e378,2nd Request,,2026-06-24
"Block Real Estate Services, LLC",69fded1062446148bd848c52,"Sunflower Health Plan / Centene Management Company, LLC",69bc0d686bc195aa02a7e376,1st Request,,2026-06-24
"Block Real Estate Services, LLC",69fded1062446148bd848c67,Check Into Cash,69bc0d686bc195aa02a7e378,2nd Request,,2026-06-24
"Block Real Estate Services, LLC",69fded1062446148bd848c58,"The Retirement Planning Group / Cetera Financial Group, Inc.",69bc0d686bc195aa02a7e378,2nd Request,,2026-06-24
"Block Real Estate Services, LLC",69fded1062446148bd848c61,Charles D Jones Company,69bc0d686bc195aa02a7e378,2nd Request,,2026-06-24
"Block Real Estate Services, LLC",69fded1062446148bd848c6a,Cherish The Furs LLC,69bc0d686bc195aa02a7e378,2nd Request,,2026-06-24
"Block Real Estate Services, LLC",69fded1162446148bd848c6d,"Chin Asian Restaurant, LLC",69bc0d686bc195aa02a7e378,2nd Request,,2026-06-24
"Block Real Estate Services, LLC",69fded1162446148bd848c70,Chipotle Mexican Grill,69bc0d686bc195aa02a7e378,2nd Request,,2026-06-24
"Block Real Estate Services, LLC",69fded1162446148bd848c73,Triple Black Tattoo / Chris Keegan,69bc0d686bc195aa02a7e378,2nd Request,,2026-06-24
"Block Real Estate Services, LLC",69fded1162446148bd848c82,Clarivate Analytics LLC,69bc0d686bc195aa02a7e376,1st Request,,2026-06-24
"Block Real Estate Services, LLC",69fded1162446148bd848c85,ClassOneModelWorks.com LLC,69bc0d686bc195aa02a7e376,1st Request,,2026-06-24
"Block Real Estate Services, LLC",69fded1162446148bd848c79,CigaWatt LLC,69bc0d686bc195aa02a7e378,2nd Request,,2026-06-24
"Block Real Estate Services, LLC",69fded1162446148bd848c76,"Chrysalis Center, LLC",69bc0d686bc195aa02a7e378,2nd Request,,2026-06-24
"Block Real Estate Services, LLC",69fded1162446148bd848c88,Clopay Building Products,69bc0d686bc195aa02a7e378,2nd Request,,2026-06-24
"Block Real Estate Services, LLC",69fded1162446148bd848c8e,Coffel Construction LLC,69bc0d686bc195aa02a7e378,2nd Request,,2026-06-24
"Block Real Estate Services, LLC",69fded1162446148bd848c9d,Concrete Strategies LLC,69bc0d686bc195aa02a7e37a,3rd Request,,2026-06-24
"Block Real Estate Services, LLC",69fded1162446148bd848c9d,Concrete Strategies LLC,69bc0d686bc195aa02a7e376,1st Request,,2026-06-24
"Block Real Estate Services, LLC",69fded1162446148bd848c9a,Companion Protect Agency,69bc0d686bc195aa02a7e378,2nd Request,,2026-06-24
"Block Real Estate Services, LLC",69fded1162446148bd848c94,"HCA aka College Park Endoscopy Center, LLC / Surgery Ventures",69bc0d686bc195aa02a7e378,2nd Request,,2026-06-24
"Block Real Estate Services, LLC",69fded1162446148bd848c91,CMA / Colarelli Meyer & Associates,69bc0d686bc195aa02a7e37a,3rd Request,,2026-06-24
"Block Real Estate Services, LLC",69fded1162446148bd848cac,CORE Cashless LLC,69bc0d686bc195aa02a7e378,2nd Request,,2026-06-24
"Block Real Estate Services, LLC",69fded1162446148bd848ca9,Core Adventures LLC,69bc0d686bc195aa02a7e378,2nd Request,,2026-06-24
"Block Real Estate Services, LLC",69fded1162446148bd848caf,Cornerstones Barbershop LLC,69bc0d686bc195aa02a7e378,2nd Request,,2026-06-24
"Block Real Estate Services, LLC",69fded1162446148bd848cbb,"Cosentino, Group, Inc. / Associated Wholesale Grocers, Inc.",69bc0d686bc195aa02a7e376,1st Request,,2026-06-24
"Block Real Estate Services, LLC",69fded1162446148bd848cb5,Cort Furniture Rental / Cort Business Services Corporation,69bc0d686bc195aa02a7e378,2nd Request,,2026-06-24
"Block Real Estate Services, LLC",69fded1162446148bd848cbe,"Costco-Innovel Properties, LLC (fka Sears Logistics Service, Inc.)",69bc0d686bc195aa02a7e378,2nd Request,,2026-06-24
"Block Real Estate Services, LLC",69fded1262446148bd848cc4,"Ameriprise Financial Services, LLC / Respective Wealth / Schenck, Thompson & Associates, LLC (fka Creative Collaboration)",69bc0d686bc195aa02a7e378,2nd Request,,2026-06-24
"Block Real Estate Services, LLC",69fded1262446148bd848cd0,Crossroads Courier Inc,69bc0d686bc195aa02a7e378,2nd Request,,2026-06-24
"Block Real Estate Services, LLC",69fded1262446148bd848ccd,Crescent Springs Healing Center,69bc0d686bc195aa02a7e378,2nd Request,,2026-06-24
"Block Real Estate Services, LLC",69fded1262446148bd848cd3,Crown MedRealty Partners LLC,69bc0d686bc195aa02a7e378,2nd Request,,2026-06-24
"Block Real Estate Services, LLC",69fded1262446148bd848cd9,KK Express Employment / Curtis Holding Company,69bc0d686bc195aa02a7e378,2nd Request,,2026-06-24
"Block Real Estate Services, LLC",69fded1262446148bd848cdf,"D.A. Davidson, Inc. / DA Davidson & Co.",69bc0d686bc195aa02a7e378,2nd Request,,2026-06-24
"Block Real Estate Services, LLC",69fded1262446148bd848ce2,"Roadhouse Restaurant / Dactyl, LLC",69bc0d686bc195aa02a7e378,2nd Request,,2026-06-24
"Block Real Estate Services, LLC",69fded1262446148bd848ce5,"Thermal Mechanics, Inc. (TMI)",69bc0d686bc195aa02a7e378,2nd Request,,2026-06-24
"Block Real Estate Services, LLC",69fded1262446148bd848d00,Daylight Donuts-Olathe LLC,69bc0d686bc195aa02a7e378,2nd Request,,2026-06-24
"Block Real Estate Services, LLC",69fded1262446148bd848d03,DCB Homes LLC,69bc0d686bc195aa02a7e378,2nd Request,,2026-06-24
"Block Real Estate Services, LLC",69fded1262446148bd848d06,"Dental Health Essentials, LLC",69bc0d686bc195aa02a7e378,2nd Request,,2026-06-24
"Block Real Estate Services, LLC",69fded1262446148bd848d09,Dentek Inc,69bc0d686bc195aa02a7e378,2nd Request,,2026-06-24
"Block Real Estate Services, LLC",69fded1262446148bd848d0c,Dermatology Consultants,69bc0d686bc195aa02a7e378,2nd Request,,2026-06-24
"Block Real Estate Services, LLC",69fded1362446148bd848d12,Diana M. Dang,69bc0d686bc195aa02a7e378,2nd Request,,2026-06-24
"Block Real Estate Services, LLC",69fded1262446148bd848d0f,"Diamond Towel and Supply Company, LLC",69bc0d686bc195aa02a7e378,2nd Request,,2026-06-24
"Block Real Estate Services, LLC",69fded1362446148bd848d1e,"Dollar General / Dolgencorp, Inc.",69bc0d686bc195aa02a7e378,2nd Request,,2026-06-24
"Block Real Estate Services, LLC",69fded1362446148bd848d21,Dollar Tree,69bc0d686bc195aa02a7e378,2nd Request,,2026-06-24
"Block Real Estate Services, LLC",69fded1362446148bd848d24,Dollar Tree #03352,69bc0d686bc195aa02a7e378,2nd Request,,2026-06-24
"Block Real Estate Services, LLC",69fded1362446148bd848d15,Green Leaf Dispensary / DineShkumar P. Patel & Jingeshkumar D. Patel,69bc0d686bc195aa02a7e378,2nd Request,,2026-06-24
"Block Real Estate Services, LLC",69fded1362446148bd848d2d,"Perry Plaza Dental / Dr. Darren Perry, DDS",69bc0d686bc195aa02a7e378,2nd Request,,2026-06-24
"Block Real Estate Services, LLC",69fded1362446148bd848d30,Personal Care Dental Group / Dr. Floyd Wiggins III,69bc0d686bc195aa02a7e378,2nd Request,,2026-06-24
"Block Real Estate Services, LLC",69fded1362446148bd848d33,DTG Medical Electronics,69bc0d686bc195aa02a7e378,2nd Request,,2026-06-24
"Block Real Estate Services, LLC",69fded1362446148bd848d36,DaVita Dialysis / DVA Renal Healthcare,69bc0d686bc195aa02a7e378,2nd Request,,2026-06-24
"Block Real Estate Services, LLC",69fded1362446148bd848d39,E & T Plastics MFG. CO. INC.,69bc0d686bc195aa02a7e378,2nd Request,,2026-06-24
"Block Real Estate Services, LLC",69fded1362446148bd848d3f,Eaton Electric / Eaton Corporation,69bc0d686bc195aa02a7e378,2nd Request,,2026-06-24
"Block Real Estate Services, LLC",69fded1362446148bd848d42,EcoShield Pest Solutions,69bc0d686bc195aa02a7e378,2nd Request,,2026-06-24
"Block Real Estate Services, LLC",69fded1362446148bd848d4b,Edward D Jones & Co LP,69bc0d686bc195aa02a7e378,2nd Request,,2026-06-24
"Block Real Estate Services, LLC",69fded1362446148bd848d45,Edible Arrangements,69bc0d686bc195aa02a7e378,2nd Request,,2026-06-24
"Block Real Estate Services, LLC",69fded1362446148bd848d48,Edward Jones,69bc0d686bc195aa02a7e378,2nd Request,,2026-06-24
"Block Real Estate Services, LLC",69fded1362446148bd848d4e,Einstein Bros Bagels #3961,69bc0d686bc195aa02a7e376,1st Request,,2026-06-24
"Block Real Estate Services, LLC",69fded1362446148bd848d54,Electronics for Imaging / EFI Ink Jet Solutions,69bc0d686bc195aa02a7e378,2nd Request,,2026-06-24
"Block Real Estate Services, LLC",69fded1362446148bd848d57,"NTR Metals / Elemental Direct USA, LLC",69bc0d686bc195aa02a7e378,2nd Request,,2026-06-24
"Block Real Estate Services, LLC",69fded1362446148bd848d5a,Elliott Electric Supply Inc,69bc0d686bc195aa02a7e378,2nd Request,,2026-06-24
"Block Real Estate Services, LLC",69fded1362446148bd848d5d,Elysian Salon and Spa LLC,69bc0d686bc195aa02a7e378,2nd Request,,2026-06-24
"Block Real Estate Services, LLC",69fded1362446148bd848d63,Employers Mutual Casualty Company (EMC Insurance),69bc0d686bc195aa02a7e376,1st Request,,2026-06-24
"Block Real Estate Services, LLC",69fded1462446148bd848d66,"EnerSys Delaware, Inc",69bc0d686bc195aa02a7e378,2nd Request,,2026-06-24
"Block Real Estate Services, LLC",69fded1362446148bd848d60,Emerson Ecologics LLC,69bc0d686bc195aa02a7e378,2nd Request,,2026-06-24
"Block Real Estate Services, LLC",69fded1462446148bd848d69,"Engaged Athletics Training Center / Engaged Holdings, LLC",69bc0d686bc195aa02a7e378,2nd Request,,2026-06-24
"Block Real Estate Services, LLC",69fded1462446148bd848d6c,EDT Engineers / Engineering Design & Testing Corporation,69bc0d686bc195aa02a7e378,2nd Request,,2026-06-24
"Block Real Estate Services, LLC",69fded1462446148bd848d6f,Enterprise Leasing Company of Kansas,69bc0d686bc195aa02a7e378,2nd Request,,2026-06-24
"Block Real Estate Services, LLC",69fded1462446148bd848d75,Equipmentshare.com Inc,69bc0d686bc195aa02a7e378,2nd Request,,2026-06-24
"Block Real Estate Services, LLC",69fded1462446148bd848d72,Enterprise Leasing Company of Kansas,69bc0d686bc195aa02a7e378,2nd Request,,2026-06-24
"Block Real Estate Services, LLC",69fded1462446148bd848d78,Erin McCandless Massage,69bc0d686bc195aa02a7e378,2nd Request,,2026-06-24
"Block Real Estate Services, LLC",69fded1462446148bd848d84,"Emerson / Experitec, Inc.",69bc0d686bc195aa02a7e378,2nd Request,,2026-06-24
"Block Real Estate Services, LLC",69fded1462446148bd848d7b,Essense of Australia Inc,69bc0d686bc195aa02a7e378,2nd Request,,2026-06-24
"Block Real Estate Services, LLC",69fded1462446148bd848d8a,F & M Traders LLC,69bc0d686bc195aa02a7e378,2nd Request,,2026-06-24
"Block Real Estate Services, LLC",69fded1462446148bd848d93,Fastenal Company,69bc0d686bc195aa02a7e378,2nd Request,,2026-06-24
"Block Real Estate Services, LLC",69fded1462446148bd848d87,Express Hardwood Floors LLC,69bc0d686bc195aa02a7e378,2nd Request,,2026-06-24
"Block Real Estate Services, LLC",69fded1462446148bd848d8d,Faith Technologies Inc,69bc0d686bc195aa02a7e378,2nd Request,,2026-06-24
"Block Real Estate Services, LLC",69fded1462446148bd848d90,"Farm & Home Builders, Inc",69bc0d686bc195aa02a7e378,2nd Request,,2026-06-24
"Block Real Estate Services, LLC",69fded1462446148bd848d9c,"Daley & Fey, LLP",69bc0d686bc195aa02a7e376,1st Request,,2026-06-24
"Block Real Estate Services, LLC",69fded1462446148bd848d96,FastSigns,69bc0d686bc195aa02a7e378,2nd Request,,2026-06-24
"Block Real Estate Services, LLC",69fded1462446148bd848d99,FedEx/Kinko's,69bc0d686bc195aa02a7e378,2nd Request,,2026-06-24
"Block Real Estate Services, LLC",69fded1462446148bd848d9f,"Popculture Gourmet Popcorn / FILGR, LLC",69bc0d686bc195aa02a7e378,2nd Request,,2026-06-24
"Block Real Estate Services, LLC",69fded1462446148bd848da2,"Fine Line Graphics, Inc.",69bc0d686bc195aa02a7e378,2nd Request,,2026-06-24
"Block Real Estate Services, LLC",69fded1462446148bd848da5,Fireplace & Bar-B-Q Center Inc,69bc0d686bc195aa02a7e37a,3rd Request,,2026-06-24
"Block Real Estate Services, LLC",69fded1462446148bd848da8,"InfuSystem / First Biomedical, Inc.",69bc0d686bc195aa02a7e378,2nd Request,,2026-06-24
"Block Real Estate Services, LLC",69fded1562446148bd848db4,First Watch,69bc0d686bc195aa02a7e378,2nd Request,,2026-06-24
"Block Real Estate Services, LLC",69fded1462446148bd848dae,First Citizens Bank & Trust Company,69bc0d686bc195aa02a7e378,2nd Request,,2026-06-24
"Block Real Estate Services, LLC",69fded1462446148bd848db1,First Key Homes,69bc0d686bc195aa02a7e378,2nd Request,,2026-06-24
"Block Real Estate Services, LLC",69fded1562446148bd848dba,"Helen Jon / Five Clothes, LLC",69bc0d686bc195aa02a7e378,2nd Request,,2026-06-24
"Block Real Estate Services, LLC",69fded1562446148bd848dbd,"FleetPride, Inc",69bc0d686bc195aa02a7e378,2nd Request,,2026-06-24
"Block Real Estate Services, LLC",69fded1562446148bd848dc0,Force America Inc,69bc0d686bc195aa02a7e378,2nd Request,,2026-06-24
"Block Real Estate Services, LLC",69fded1562446148bd848dc3,"Fresenius Medical Care - Pittsburg Midwest Dialysis / Fort Scott Regional Dialysis Center, Inc.",69bc0d686bc195aa02a7e378,2nd Request,,2026-06-24
"Block Real Estate Services, LLC",69fded1562446148bd848dd2,Friends of the Johnson County Library,69bc0d686bc195aa02a7e378,2nd Request,,2026-06-24
"Block Real Estate Services, LLC",69fded1562446148bd848dd5,FS Investment Services Inc,69bc0d686bc195aa02a7e378,2nd Request,,2026-06-24
"Block Real Estate Services, LLC",69fded1562446148bd848dd8,"Future Foam, Inc",69bc0d686bc195aa02a7e376,1st Request,,2026-06-24
"Block Real Estate Services, LLC",69fded1562446148bd848de4,Vitev / Gabe Hunninghake,69bc0d686bc195aa02a7e378,2nd Request,,2026-06-24
"Block Real Estate Services, LLC",69fded1562446148bd848ddb,"Servpro / G&C Restoration, LLC",69bc0d686bc195aa02a7e378,2nd Request,,2026-06-24
"Block Real Estate Services, LLC",69fded1562446148bd848dde,G3 Industrial Solutions LLC,69bc0d686bc195aa02a7e378,2nd Request,,2026-06-24
"Block Real Estate Services, LLC",69fded1562446148bd848dea,"Garage Experts of Kansas City / Win-Win Concrete & Storage, LLC",69bc0d686bc195aa02a7e378,2nd Request,,2026-06-24
"Block Real Estate Services, LLC",69fded1562446148bd848ded,"Gas Equipment Company / Gas Equipment, Inc.",69bc0d686bc195aa02a7e378,2nd Request,,2026-06-24
"Block Real Estate Services, LLC",69fded1662446148bd848dff,Geotechnology LLC,69bc0d686bc195aa02a7e378,2nd Request,,2026-06-24
"Block Real Estate Services, LLC",69fded1662446148bd848e0b,"GoPuff Lease / GoBrands, Inc.",69bc0d686bc195aa02a7e378,2nd Request,,2026-06-24
"Block Real Estate Services, LLC",69fded1662446148bd848e08,GNC (Store #581-02),69bc0d686bc195aa02a7e378,2nd Request,,2026-06-24
"Block Real Estate Services, LLC",69fded1662446148bd848e0e,"Golden Distributing Company, Inc.",69bc0d686bc195aa02a7e378,2nd Request,,2026-06-24
"Block Real Estate Services, LLC",69fded1662446148bd848e11,Google Fiber Inc,69bc0d686bc195aa02a7e378,2nd Request,,2026-06-24
"Block Real Estate Services, LLC",69fded1662446148bd848e17,Sni Valley Academy / Dr. Warren L. Moss - Grain Valley School District,69bc0d686bc195aa02a7e378,2nd Request,,2026-06-24
"Block Real Estate Services, LLC",69fded1662446148bd848e14,Grain Valley Chop Shop,69bc0d686bc195aa02a7e378,2nd Request,,2026-06-24
"Block Real Estate Services, LLC",69fded1662446148bd848e1a,"Patio Enclosures / Great Day Improvements, LLC",69bc0d686bc195aa02a7e378,2nd Request,,2026-06-24
"Block Real Estate Services, LLC",69fded1662446148bd848e23,"Action Stainless & Alloys / ACT Acquisition, Inc. (sublease from Hello Fresh / Grocery Delivery Logistics, Inc.)",69bc0d686bc195aa02a7e378,2nd Request,,2026-06-24
"Block Real Estate Services, LLC",69fded1662446148bd848e32,H & R Block Enterprises LLC,69bc0d686bc195aa02a7e378,2nd Request,,2026-06-24
"Block Real Estate Services, LLC",69fded1662446148bd848e2c,Guardian Water & Air Systems LLC,69bc0d686bc195aa02a7e378,2nd Request,,2026-06-24
"Block Real Estate Services, LLC",69fded1662446148bd848e2f,"VIALS / Gunn & Richards, Inc.",69bc0d686bc195aa02a7e378,2nd Request,,2026-06-24
"Block Real Estate Services, LLC",69fded1662446148bd848e35,H M Cragg Co,69bc0d686bc195aa02a7e378,2nd Request,,2026-06-24
"Block Real Estate Services, LLC",69fded1662446148bd848e38,"H&R Block Eastern Tax Svc., Inc. / H&R Block 24167",69bc0d686bc195aa02a7e378,2nd Request,,2026-06-24
"Block Real Estate Services, LLC",69fded1662446148bd848e41,"Hartfiel Automation, Inc.",69bc0d686bc195aa02a7e378,2nd Request,,2026-06-24
"Block Real Estate Services, LLC",69fded1762446148bd848e4d,Wright/Laird Casting / Heather Laird,69bc0d686bc195aa02a7e378,2nd Request,,2026-06-24
"Block Real Estate Services, LLC",69fded1762446148bd848e53,Henderson Engineers Inc,69bc0d686bc195aa02a7e378,2nd Request,,2026-06-24
"Block Real Estate Services, LLC",69fded1762446148bd848e50,"Hyper Energy /HEB KS, LLC",69bc0d686bc195aa02a7e378,2nd Request,,2026-06-24
"Block Real Estate Services, LLC",69fded1762446148bd848e56,Hennessy Enterprises LLC,69bc0d686bc195aa02a7e376,1st Request,,2026-06-24
"Block Real Estate Services, LLC",69fded1662446148bd848e44,HCA Realty,69bc0d686bc195aa02a7e378,2nd Request,,2026-06-24
"Block Real Estate Services, LLC",69fded1762446148bd848e5c,"Heritage First, Inc.",69bc0d686bc195aa02a7e376,1st Request,,2026-06-24
"Block Real Estate Services, LLC",69fded1762446148bd848e65,"Hoang Tran Nhat Pham, Phuoc Duc Ngo and Binh Xuan Nguyen",69bc0d686bc195aa02a7e378,2nd Request,,2026-06-24
"Block Real Estate Services, LLC",69fded1762446148bd848e62,Hoambrecker Enterprises LLC,69bc0d686bc195aa02a7e378,2nd Request,,2026-06-24
"Block Real Estate Services, LLC",69fded1762446148bd848e68,Hoefer Welker LLC,69bc0d686bc195aa02a7e378,2nd Request,,2026-06-24
"Block Real Estate Services, LLC",69fded1762446148bd848e6e,Hot Dog Design LLC,69bc0d686bc195aa02a7e376,1st Request,,2026-06-24
"Block Real Estate Services, LLC",69fded1762446148bd848e71,Hughes Machinery Company,69bc0d686bc195aa02a7e378,2nd Request,,2026-06-24
"Block Real Estate Services, LLC",69fded1762446148bd848e74,Husqvarna Construction Products North America Inc,69bc0d686bc195aa02a7e378,2nd Request,,2026-06-24
"Block Real Estate Services, LLC",69fded1762446148bd848e80,"SOFIE / IBA Molecular North America, Inc.",69bc0d686bc195aa02a7e378,2nd Request,,2026-06-24
"Block Real Estate Services, LLC",69fded1762446148bd848e7a,Hydro Extrusion USA LLC,69bc0d686bc195aa02a7e378,2nd Request,,2026-06-24
"Block Real Estate Services, LLC",69fded1762446148bd848e83,"Xerox / Image Quest, Inc.",69bc0d686bc195aa02a7e378,2nd Request,,2026-06-24
"Block Real Estate Services, LLC",69fded1762446148bd848e7d,Hy-Vee Inc,69bc0d686bc195aa02a7e378,2nd Request,,2026-06-24
"Block Real Estate Services, LLC",69fded1762446148bd848e86,Infinity Fasteners Inc,69bc0d686bc195aa02a7e378,2nd Request,,2026-06-24
"Block Real Estate Services, LLC",69fded1862446148bd848ea4,"Proforma Idology Marketing Group / JES Business Solutions, LLC",69bc0d686bc195aa02a7e376,1st Request,,2026-06-24
"Block Real Estate Services, LLC",69fded1762446148bd848e8f,"Tea Garden / Iris Restaurant, LLC",69bc0d686bc195aa02a7e378,2nd Request,,2026-06-24
"Block Real Estate Services, LLC",69fded1862446148bd848e9e,"Janette Brown Insurance Agency, LLC (Farmer's Insurance)",69bc0d686bc195aa02a7e376,1st Request,,2026-06-24
"Block Real Estate Services, LLC",69fded1762446148bd848e8c,Great Clips / Iris Corporation,69bc0d686bc195aa02a7e378,2nd Request,,2026-06-24
"Block Real Estate Services, LLC",69fded1862446148bd848ea1,Studio 5 Beauty Boutique / Jayci Lynn Stratton,69bc0d686bc195aa02a7e378,2nd Request,,2026-06-24
"Block Real Estate Services, LLC",69fded1862446148bd848e98,"JACO / JACO General Contractor, Inc.",69bc0d686bc195aa02a7e378,2nd Request,,2026-06-24
"Block Real Estate Services, LLC",69fded1862446148bd848eaa,Jimmy John's,69bc0d686bc195aa02a7e378,2nd Request,,2026-06-24
"Block Real Estate Services, LLC",69fded1862446148bd848ea7,"Jetalum Windows & Doors / JetAlum, LLC",69bc0d686bc195aa02a7e378,2nd Request,,2026-06-24
"Block Real Estate Services, LLC",69fded1862446148bd848eb3,Johnson Granite Supply Inc,69bc0d686bc195aa02a7e378,2nd Request,,2026-06-24
"Block Real Estate Services, LLC",69fded1862446148bd848eb0,"Johnson Controls Fire Protection, LP (fka Simplex Grinnell)",69bc0d686bc195aa02a7e378,2nd Request,,2026-06-24
"Block Real Estate Services, LLC",69fded1862446148bd848eb9,JP Morgan Chase Bank,69bc0d686bc195aa02a7e378,2nd Request,,2026-06-24
"Block Real Estate Services, LLC",69fded1862446148bd848ec2,"Noblemans Barber Lounge / Kansas City Barber Group, LLC",69bc0d686bc195aa02a7e378,2nd Request,,2026-06-24
"Block Real Estate Services, LLC",69fded1862446148bd848ead,"Pinches / JLJ Holdings, LLC",69bc0d686bc195aa02a7e378,2nd Request,,2026-06-24
"Block Real Estate Services, LLC",69fded1862446148bd848ebc,Juro International Systems Inc,69bc0d686bc195aa02a7e378,2nd Request,,2026-06-24
"Block Real Estate Services, LLC",69fded1862446148bd848ec5,Kansas City Bone & Joint Clinic,69bc0d686bc195aa02a7e378,2nd Request,,2026-06-24
"Block Real Estate Services, LLC",69fded1862446148bd848ecb,"Kansas City Gymnastics, Inc.",69bc0d686bc195aa02a7e378,2nd Request,,2026-06-24
"Block Real Estate Services, LLC",69fded1862446148bd848ece,Kansas City Urology Care,69bc0d686bc195aa02a7e378,2nd Request,,2026-06-24
"Block Real Estate Services, LLC",69fded1862446148bd848ed4,WinAir,69bc0d686bc195aa02a7e378,2nd Request,,2026-06-24
"Block Real Estate Services, LLC",69fded1862446148bd848ed1,"Kansas City Urology Care, PA",69bc0d686bc195aa02a7e378,2nd Request,,2026-06-24
"Block Real Estate Services, LLC",69fded1862446148bd848edd,Kansas Granite Mart Inc,69bc0d686bc195aa02a7e378,2nd Request,,2026-06-24
"Block Real Estate Services, LLC",69fded1862446148bd848eda,Kansas Granite Mart,69bc0d686bc195aa02a7e378,2nd Request,,2026-06-24
"Block Real Estate Services, LLC",69fded1962446148bd848ee3,Kavar Capital Partners / Douglas G & Kara L,69bc0d686bc195aa02a7e378,2nd Request,,2026-06-24
"Block Real Estate Services, LLC",69fded1862446148bd848ee0,Kate Smith Soiree LLC,69bc0d686bc195aa02a7e378,2nd Request,,2026-06-24
"Block Real Estate Services, LLC",69fded1962446148bd848ee6,"Kawneer Company, Inc.",69bc0d686bc195aa02a7e378,2nd Request,,2026-06-24
"Block Real Estate Services, LLC",69fded1962446148bd848eec,KC Cocktail Company LLC,69bc0d686bc195aa02a7e378,2nd Request,,2026-06-24
"Block Real Estate Services, LLC",69fded1962446148bd848eef,"The Dotte Spot / KC Smashers, LLC",69bc0d686bc195aa02a7e378,2nd Request,,2026-06-24
"Block Real Estate Services, LLC",69fded1962446148bd848ef2,"KGPCo / KGP Telecommunications, LLC",69bc0d686bc195aa02a7e378,2nd Request,,2026-06-24
"Block Real Estate Services, LLC",69fded1962446148bd848ef5,"Merry Maids 391 & 604 / Khaos, Inc.",69bc0d686bc195aa02a7e376,1st Request,,2026-06-24
"Block Real Estate Services, LLC",69fded1962446148bd848f01,"KTI / Kruger Technologies, Inc.",69bc0d686bc195aa02a7e378,2nd Request,,2026-06-24
"Block Real Estate Services, LLC",69fded1962446148bd848efb,Knappco LLC,69bc0d686bc195aa02a7e376,1st Request,,2026-06-24
"Block Real Estate Services, LLC",69fded1962446148bd848f04,KU Women's Health Specialty Centers / KU Gynocology and Obstetrical Foundation,69bc0d686bc195aa02a7e378,2nd Request,,2026-06-24
"Block Real Estate Services, LLC",69fded1962446148bd848ef8,Salon Expose / Kim Medina,69bc0d686bc195aa02a7e378,2nd Request,,2026-06-24
"Block Real Estate Services, LLC",69fded1962446148bd848f0a,Landers Visions LLC,69bc0d686bc195aa02a7e378,2nd Request,,2026-06-24
"Block Real Estate Services, LLC",69fded1962446148bd848efe,Knapstein Design,69bc0d686bc195aa02a7e378,2nd Request,,2026-06-24
"Block Real Estate Services, LLC",69fded1962446148bd848f13,"LeafFilter North, LLC/Leaf Home Safety Solutions, LLC",69bc0d686bc195aa02a7e378,2nd Request,,2026-06-24
"Block Real Estate Services, LLC",69fded1962446148bd848f1c,Lenexa Manufacturing Company LLC,69bc0d686bc195aa02a7e378,2nd Request,,2026-06-24
"Block Real Estate Services, LLC",69fded1962446148bd848f1f,Leslie's Poolmart Inc,69bc0d686bc195aa02a7e378,2nd Request,,2026-06-24
"Block Real Estate Services, LLC",69fded1962446148bd848f25,Lightning Logistics,69bc0d686bc195aa02a7e378,2nd Request,,2026-06-24
"Block Real Estate Services, LLC",69fded1962446148bd848f28,Medical Midwest / Lincare,69bc0d686bc195aa02a7e378,2nd Request,,2026-06-24
"Block Real Estate Services, LLC",69fded1962446148bd848f31,"Workforce Partnership / Local Workforce Investment Area, III (Vacating 5/31/26)",69bc0d686bc195aa02a7e378,2nd Request,,2026-06-24
"Block Real Estate Services, LLC",69fded1962446148bd848f2b,Gilded Chaos / Lindsay Kupper,69bc0d686bc195aa02a7e378,2nd Request,,2026-06-24
"Block Real Estate Services, LLC",69fded1a62446148bd848f34,Long's Shotokan Karate Academy and Martial Arts LLC,69bc0d686bc195aa02a7e378,2nd Request,,2026-06-24
"Block Real Estate Services, LLC",69fded1a62446148bd848f37,"Mobile Air And Power / Resolute Industrial, LLC (sublease from Loomis Armored Services)",69bc0d686bc195aa02a7e378,2nd Request,,2026-06-24
"Block Real Estate Services, LLC",69fded1962446148bd848f2e,Link Media Omaha LLC,69bc0d686bc195aa02a7e378,2nd Request,,2026-06-24
"Block Real Estate Services, LLC",69fded1a62446148bd848f46,"Magvia Percussion, LLC / WFLIII Drums",69bc0d686bc195aa02a7e378,2nd Request,,2026-06-24
"Block Real Estate Services, LLC",69fded1a62446148bd848f4c,"Shoot 360 / Mambas Basketball Academy, LLC",69bc0d686bc195aa02a7e378,2nd Request,,2026-06-24
"Block Real Estate Services, LLC",69fded1a62446148bd848f43,Magnum Systems Inc,69bc0d686bc195aa02a7e378,2nd Request,,2026-06-24
"Block Real Estate Services, LLC",69fded1a62446148bd848f5b,"Marel, USA",69bc0d686bc195aa02a7e378,2nd Request,,2026-06-24
"Block Real Estate Services, LLC",69fded1a62446148bd848f52,Manna Pro Products LLC,69bc0d686bc195aa02a7e378,2nd Request,,2026-06-24
"Block Real Estate Services, LLC",69fded1a62446148bd848f58,Marcon Marketing Concepts Inc,69bc0d686bc195aa02a7e378,2nd Request,,2026-06-24
"Block Real Estate Services, LLC",69fded1a62446148bd848f61,"Blue Endo / Market-tiers, Inc.",69bc0d686bc195aa02a7e376,1st Request,,2026-06-24
"Block Real Estate Services, LLC",69fded1a62446148bd848f76,"Clear Choice Dental Implant Center / MB Properties, LLC",69bc0d686bc195aa02a7e378,2nd Request,,2026-06-24
"Block Real Estate Services, LLC",69fded1a62446148bd848f73,MAWD Pathology Group P.A.,69bc0d686bc195aa02a7e378,2nd Request,,2026-06-24
"Block Real Estate Services, LLC",69fded1a62446148bd848f70,"Mavs Volleyball / MAVS, LLC",69bc0d686bc195aa02a7e378,2nd Request,,2026-06-24
"Block Real Estate Services, LLC",69fded1a62446148bd848f5e,"Mariner Wealth Advisors / Mariner Holdings, LLC",69bc0d686bc195aa02a7e378,2nd Request,,2026-06-24
"Block Real Estate Services, LLC",69fded1a62446148bd848f64,Martinrea Riverside LLC,69bc0d686bc195aa02a7e378,2nd Request,,2026-06-24
"Block Real Estate Services, LLC",69fded1a62446148bd848f85,"McShane & Brady, LLC",69bc0d686bc195aa02a7e378,2nd Request,,2026-06-24
"Block Real Estate Services, LLC",69fded1b62446148bd848f88,"Mechanical Sales Midwest, Inc",69bc0d686bc195aa02a7e378,2nd Request,,2026-06-24
"Block Real Estate Services, LLC",69fded1a62446148bd848f7c,McClure Engineering Company,69bc0d686bc195aa02a7e378,2nd Request,,2026-06-24
"Block Real Estate Services, LLC",69fded1b62446148bd848f8b,"Med Resources, Inc.",69bc0d686bc195aa02a7e378,2nd Request,,2026-06-24
"Block Real Estate Services, LLC",69fded1b62446148bd848f8e,Medical Missions Foundation,69bc0d686bc195aa02a7e378,2nd Request,,2026-06-24
"Block Real Estate Services, LLC",69fded1b62446148bd848fa0,Chabad of Leawood / Merkos Linyonci Chinuch of Kansas,69bc0d686bc195aa02a7e378,2nd Request,,2026-06-24
"Block Real Estate Services, LLC",69fded1b62446148bd848fa3,"Metro Spine & Rehab PA (Dr. Galate) / Precision Spine & Orthopedic Specialists, LLC",69bc0d686bc195aa02a7e378,2nd Request,,2026-06-24
"Block Real Estate Services, LLC",69fded1b62446148bd848f9d,"Salom Asian Market / Men Sui and Naa Aung, Wife and Husband",69bc0d686bc195aa02a7e378,2nd Request,,2026-06-24
"Block Real Estate Services, LLC",69fded1b62446148bd848fac,"Midland Steel Erection, LLC",69bc0d686bc195aa02a7e378,2nd Request,,2026-06-24
"Block Real Estate Services, LLC",69fded1b62446148bd848fa9,Midland Exteriors LLC,69bc0d686bc195aa02a7e376,1st Request,,2026-06-24
"Block Real Estate Services, LLC",69fded1b62446148bd848fb2,Midwest Dance Center / Priscilla Lea Young,69bc0d686bc195aa02a7e378,2nd Request,,2026-06-24
"Block Real Estate Services, LLC",69fded1b62446148bd848fb8,MIdwest Model Railroad LLC,69bc0d686bc195aa02a7e378,2nd Request,,2026-06-24
"Block Real Estate Services, LLC",69fded1b62446148bd848fc1,"Ingersol Rand / Milton Roy, LLC",69bc0d686bc195aa02a7e376,1st Request,,2026-06-24
"Block Real Estate Services, LLC",69fded1b62446148bd848fbe,"Mills Record Company / Mills Records, LLC",69bc0d686bc195aa02a7e376,1st Request,,2026-06-24
"Block Real Estate Services, LLC",69fded1b62446148bd848fc7,Miner Ltd,69bc0d686bc195aa02a7e378,2nd Request,,2026-06-24
"Block Real Estate Services, LLC",69fded1b62446148bd848fc4,"Mindful Child Wellness + Aeriel Yoga, LLC",69bc0d686bc195aa02a7e378,2nd Request,,2026-06-24
"Block Real Estate Services, LLC",69fded1b62446148bd848fca,"Wingstop / Missouri Wings XIV, LLC",69bc0d686bc195aa02a7e378,2nd Request,,2026-06-24
"Block Real Estate Services, LLC",69fded1b62446148bd848fcd,Mitchell Capital Management Company,69bc0d686bc195aa02a7e378,2nd Request,,2026-06-24
"Block Real Estate Services, LLC",69fded1b62446148bd848fd3,"Dal Tile / Mohawk Carpet Distribution, Inc.",69bc0d686bc195aa02a7e378,2nd Request,,2026-06-24
"Block Real Estate Services, LLC",69fded1b62446148bd848fd6,Moncayo Legal LLC,69bc0d686bc195aa02a7e378,2nd Request,,2026-06-24
"Block Real Estate Services, LLC",69fded1b62446148bd848fd9,Moncom LLC,69bc0d686bc195aa02a7e378,2nd Request,,2026-06-24
"Block Real Estate Services, LLC",69fded1c62446148bd848fdc,Monte Cook Games LLC,69bc0d686bc195aa02a7e378,2nd Request,,2026-06-24
"Block Real Estate Services, LLC",69fded1c62446148bd848fe2,"National Vision, Inc",69bc0d686bc195aa02a7e378,2nd Request,,2026-06-24
"Block Real Estate Services, LLC",69fded1c62446148bd848fdf,"Munch's Supply O'Connor LLC / O'Connor Company, Inc.",69bc0d686bc195aa02a7e378,2nd Request,,2026-06-24
"Block Real Estate Services, LLC",69fded1c62446148bd848fe5,Nationwide Life and Benefits Insurance Company / Nationwide (fka Allstate Insurance and National General Management Corp.),69bc0d686bc195aa02a7e378,2nd Request,,2026-06-24
"Block Real Estate Services, LLC",69fded1c62446148bd848fee,"Creche Innovations / Neonatal Product Group, Inc.",69bc0d686bc195aa02a7e378,2nd Request,,2026-06-24
"Block Real Estate Services, LLC",69fded1c62446148bd848feb,Neenan Company,69bc0d686bc195aa02a7e378,2nd Request,,2026-06-24
"Block Real Estate Services, LLC",69fded1c62446148bd848ffd,"New Cingular Wireless PCS, LLC",69bc0d686bc195aa02a7e378,2nd Request,,2026-06-24
"Block Real Estate Services, LLC",69fded1c62446148bd848ffa,New China Super Buffet,69bc0d686bc195aa02a7e378,2nd Request,,2026-06-24
"Block Real Estate Services, LLC",69fded1c62446148bd849003,New Nail & Spa,69bc0d686bc195aa02a7e378,2nd Request,,2026-06-24
"Block Real Estate Services, LLC",69fded1c62446148bd849006,New York Air Brake Co,69bc0d686bc195aa02a7e378,2nd Request,,2026-06-24
"Block Real Estate Services, LLC",69fded1c62446148bd849009,Nextaff Group LLC,69bc0d686bc195aa02a7e378,2nd Request,,2026-06-24
"Block Real Estate Services, LLC",69fded1c62446148bd84900c,"Nexus Medical, LLC",69bc0d686bc195aa02a7e378,2nd Request,,2026-06-24
"Block Real Estate Services, LLC",69fded1c62446148bd849012,"Pirtek / Norris Ventures, LLC",69bc0d686bc195aa02a7e378,2nd Request,,2026-06-24
"Block Real Estate Services, LLC",69fded1c62446148bd849015,O' Reilly Automotive,69bc0d686bc195aa02a7e378,2nd Request,,2026-06-24
"Block Real Estate Services, LLC",69fded1c62446148bd849018,Office Depot,69bc0d686bc195aa02a7e378,2nd Request,,2026-06-24
"Block Real Estate Services, LLC",69fded1c62446148bd84901e,Old National Bank (fka First Midwest Bank ),69bc0d686bc195aa02a7e378,2nd Request,,2026-06-24
"Block Real Estate Services, LLC",69fded1c62446148bd84901b,"Office Max, Inc #472",69bc0d686bc195aa02a7e378,2nd Request,,2026-06-24
"Block Real Estate Services, LLC",69fded1c62446148bd849021,Olivia Wang,69bc0d686bc195aa02a7e378,2nd Request,,2026-06-24
"Block Real Estate Services, LLC",69fded1c62446148bd849024,Ollie's Bargain Outlet Inc,69bc0d686bc195aa02a7e378,2nd Request,,2026-06-24
"Block Real Estate Services, LLC",69fded1c62446148bd84902a,OneDigital Borrower LLC,69bc0d686bc195aa02a7e378,2nd Request,,2026-06-24
"Block Real Estate Services, LLC",69fded1d62446148bd849033,O'Reilly Automotive,69bc0d686bc195aa02a7e378,2nd Request,,2026-06-24
"Block Real Estate Services, LLC",69fded1d62446148bd849030,"Walgreens / Option Care Enterprises, Inc.",69bc0d686bc195aa02a7e376,1st Request,,2026-06-24
"Block Real Estate Services, LLC",69fded1c62446148bd84902d,"Ocean Prime / OPKC, LLC",69bc0d686bc195aa02a7e378,2nd Request,,2026-06-24
"Block Real Estate Services, LLC",69fded1d62446148bd849039,Orscheln Farm & Home LLC,69bc0d686bc195aa02a7e378,2nd Request,,2026-06-24
"Block Real Estate Services, LLC",69fded1d62446148bd849036,Orkin LLC,69bc0d686bc195aa02a7e378,2nd Request,,2026-06-24
"Block Real Estate Services, LLC",69fded1d62446148bd84903c,Orscheln Farm and Home LLC,69bc0d686bc195aa02a7e378,2nd Request,,2026-06-24
"Block Real Estate Services, LLC",69fded1d62446148bd84904b,Pacific Dental Services Inc,69bc0d686bc195aa02a7e378,2nd Request,,2026-06-24
"Block Real Estate Services, LLC",69fded1d62446148bd849045,Downtown Liquor / P & S Investment LLC,69bc0d686bc195aa02a7e378,2nd Request,,2026-06-24
"Block Real Estate Services, LLC",69fded1d62446148bd849048,"P1 Group / P1 Service, LLC",69bc0d686bc195aa02a7e378,2nd Request,,2026-06-24
"Block Real Estate Services, LLC",69fded1d62446148bd84904e,Pack3000 LLC,69bc0d686bc195aa02a7e376,1st Request,,2026-06-24
"Block Real Estate Services, LLC",69fded1d62446148bd849051,"Hydro Ponics / River Market Hydro / Palm Green, LLC",69bc0d686bc195aa02a7e376,1st Request,,2026-06-24
"Block Real Estate Services, LLC",69fded1d62446148bd849054,Papa Murphy's / Papa's Partners,69bc0d686bc195aa02a7e378,2nd Request,,2026-06-24
"Block Real Estate Services, LLC",69fded1d62446148bd84905d,Nitto Denko Automotive / Parkers America,69bc0d686bc195aa02a7e37a,3rd Request,,2026-06-24
"Block Real Estate Services, LLC",69fded1d62446148bd84905a,Park Hill Alano Club,69bc0d686bc195aa02a7e378,2nd Request,,2026-06-24
"Block Real Estate Services, LLC",69fded1d62446148bd849057,"W + D North America, Inc. / Paper Converting Machine Corporation/BW Converting",69bc0d686bc195aa02a7e378,2nd Request,,2026-06-24
"Block Real Estate Services, LLC",69fded1d62446148bd849066,Paycom Payroll LLC,69bc0d686bc195aa02a7e378,2nd Request,,2026-06-24
"Block Real Estate Services, LLC",69fded1d62446148bd84903f,"OUTFRONT Media, LLC / Gannett Outdoor Co., Inc.",69bc0d686bc195aa02a7e378,2nd Request,,2026-06-24
"Block Real Estate Services, LLC",69fded1d62446148bd849063,"The Laundry Hut, LLC / Parvin Laundry, LLC",69bc0d686bc195aa02a7e378,2nd Request,,2026-06-24
"Block Real Estate Services, LLC",69fded1d62446148bd849072,People First Network of Kansas LLC,69bc0d686bc195aa02a7e378,2nd Request,,2026-06-24
"Block Real Estate Services, LLC",69fded1d62446148bd849075,"Pine Ridge Management Office & BMS / PERG Buildings, LLC",69bc0d686bc195aa02a7e378,2nd Request,,2026-06-24
"Block Real Estate Services, LLC",69fded1d62446148bd84907e,"PetSense, LLC",69bc0d686bc195aa02a7e378,2nd Request,,2026-06-24
"Block Real Estate Services, LLC",69fded1d62446148bd84907b,Petfolk Real Estate Holdings LLC,69bc0d686bc195aa02a7e378,2nd Request,,2026-06-24
"Block Real Estate Services, LLC",69fded1d62446148bd849081,"ICON / PRA Health Sciences / Pharmaceutical Research Associates, Inc.",69bc0d686bc195aa02a7e378,2nd Request,,2026-06-24
"Block Real Estate Services, LLC",69fded1d62446148bd849081,"ICON / PRA Health Sciences / Pharmaceutical Research Associates, Inc.",69c6c296a5341a1a2dae572c,5th Request,,2026-06-24
"Block Real Estate Services, LLC",69fded1e62446148bd84908a,Phoenix Fastpitch LLC,69bc0d686bc195aa02a7e378,2nd Request,,2026-06-24
"Block Real Estate Services, LLC",69fded1d62446148bd849084,Pharmacy Corp of America,69bc0d686bc195aa02a7e378,2nd Request,,2026-06-24
"Block Real Estate Services, LLC",69fded1d62446148bd849078,"PERG Buildings, LLC",69bc0d686bc195aa02a7e378,2nd Request,,2026-06-24
"Block Real Estate Services, LLC",69fded1e62446148bd849090,"Pinnacle Construction Group, LLC",69bc0d686bc195aa02a7e378,2nd Request,,2026-06-24
"Block Real Estate Services, LLC",69fded1e62446148bd849096,"Pizza Hut of America, Inc.",69bc0d686bc195aa02a7e378,2nd Request,,2026-06-24
"Block Real Estate Services, LLC",69fded1e62446148bd849093,Pivot International Inc,69bc0d686bc195aa02a7e376,1st Request,,2026-06-24
"Block Real Estate Services, LLC",69fded1e62446148bd84909c,"Northstar Wealth / Polaris, LLC",69bc0d686bc195aa02a7e378,2nd Request,,2026-06-24
"Block Real Estate Services, LLC",69fded1e62446148bd84909f,Polaris Pharmacy Services of Missouri,69bc0d686bc195aa02a7e378,2nd Request,,2026-06-24
"Block Real Estate Services, LLC",69fded1e62446148bd8490a2,Polymershapes LLC,69bc0d686bc195aa02a7e378,2nd Request,,2026-06-24
"Block Real Estate Services, LLC",69fded1e62446148bd8490a5,Power Motion Inc,69bc0d686bc195aa02a7e378,2nd Request,,2026-06-24
"Block Real Estate Services, LLC",69fded1e62446148bd8490a8,Power Sales & Advertising Inc,69bc0d686bc195aa02a7e376,1st Request,,2026-06-24
"Block Real Estate Services, LLC",69fded1e62446148bd8490ae,Prestige Land Title LLC,69bc0d686bc195aa02a7e378,2nd Request,,2026-06-24
"Block Real Estate Services, LLC",69fded1e62446148bd8490b1,"Prime Source Building Products, Inc.",69bc0d686bc195aa02a7e37a,3rd Request,,2026-06-24
"Block Real Estate Services, LLC",69fded1e62446148bd8490b4,Principal Life Insurance Company,69bc0d686bc195aa02a7e378,2nd Request,,2026-06-24
"Block Real Estate Services, LLC",69fded1e62446148bd8490c0,"Sportsman's Cap / Promotional Headwear International, Inc.",69bc0d686bc195aa02a7e378,2nd Request,,2026-06-24
"Block Real Estate Services, LLC",69fded1e62446148bd8490bd,Promex Limited,69bc0d686bc195aa02a7e378,2nd Request,,2026-06-24
"Block Real Estate Services, LLC",69fded1e62446148bd8490c3,Propak Logistics Inc,69bc0d686bc195aa02a7e378,2nd Request,,2026-06-24
"Block Real Estate Services, LLC",69fded1e62446148bd8490cc,"Psychology Office Management, Inc.",69bc0d686bc195aa02a7e378,2nd Request,,2026-06-24
"Block Real Estate Services, LLC",69fded1e62446148bd8490cf,Pulse Design Group,69bc0d686bc195aa02a7e378,2nd Request,,2026-06-24
"Block Real Estate Services, LLC",69fded1f62446148bd8490d8,R & R Communications Inc,69bc0d686bc195aa02a7e378,2nd Request,,2026-06-24
"Block Real Estate Services, LLC",69fded1f62446148bd8490de,Longhorn Steakhouse / RARE Hospitality of Kansas,69bc0d686bc195aa02a7e378,2nd Request,,2026-06-24
"Block Real Estate Services, LLC",69fded1f62446148bd8490db,Brinkmann Constructors / R G Brinkman Company,69bc0d686bc195aa02a7e378,2nd Request,,2026-06-24
"Block Real Estate Services, LLC",69fded1f62446148bd8490e1,"RBC Capital Markets, LLC / Royal Bank of Canada",69bc0d686bc195aa02a7e378,2nd Request,,2026-06-24
"Block Real Estate Services, LLC",69fded1f62446148bd8490e4,"LynTec, Inc. / RDC, Inc.",69bc0d686bc195aa02a7e378,2nd Request,,2026-06-24
"Block Real Estate Services, LLC",69fded1f62446148bd8490e7,Reeves-Wiedeman Co,69bc0d686bc195aa02a7e378,2nd Request,,2026-06-24
"Block Real Estate Services, LLC",69fded1f62446148bd8490ea,"Regal Staffing, LLC",69bc0d686bc195aa02a7e378,2nd Request,,2026-06-24
"Block Real Estate Services, LLC",69fded1f62446148bd8490f0,"Remax Real Estate / Harry C. Meierarend, III",69bc0d686bc195aa02a7e378,2nd Request,,2026-06-24
"Block Real Estate Services, LLC",69fded1f62446148bd8490fc,Reserve Applied Management of Kansas City LLC,69bc0d686bc195aa02a7e378,2nd Request,,2026-06-24
"Block Real Estate Services, LLC",69fded1f62446148bd8490ff,"Revolutionary Business Concepts, Inc",69bc0d686bc195aa02a7e378,2nd Request,,2026-06-24
"Block Real Estate Services, LLC",69fded1f62446148bd8490f9,Repairs Unlimited LLC,69bc0d686bc195aa02a7e378,2nd Request,,2026-06-24
"Block Real Estate Services, LLC",69fded1f62446148bd849102,"IVXPRESS, Inc. (fka Riverside Pharmacy Associates)",69bc0d686bc195aa02a7e378,2nd Request,,2026-06-24
"Block Real Estate Services, LLC",69fded1f62446148bd849105,Rockwell Automation,69bc0d686bc195aa02a7e378,2nd Request,,2026-06-24
"Block Real Estate Services, LLC",69fded1f62446148bd84910b,Roto-Rooter Services Company Inc,69bc0d686bc195aa02a7e378,2nd Request,,2026-06-24
"Block Real Estate Services, LLC",69fded1f62446148bd84910e,Rottler Pest & Lawn Solutions / Rottler Pest Control Company,69bc0d686bc195aa02a7e378,2nd Request,,2026-06-24
"Block Real Estate Services, LLC",69fded1f62446148bd849114,"Royal Gyros (Royal Donuts, LLC) / Ahed Kalifa",69bc0d686bc195aa02a7e378,2nd Request,,2026-06-24
"Block Real Estate Services, LLC",69fded1f62446148bd84911a,RSM US LLP,69bc0d686bc195aa02a7e378,2nd Request,,2026-06-24
"Block Real Estate Services, LLC",69fded1f62446148bd849120,Ryan Poage & Company,69bc0d686bc195aa02a7e376,1st Request,,2026-06-24
"Block Real Estate Services, LLC",69fded2062446148bd849129,"Sally Beauty Co., Inc. / Sally Beauty 1717",69bc0d686bc195aa02a7e378,2nd Request,,2026-06-24
"Block Real Estate Services, LLC",69fded2062446148bd84912c,Salon Ji,69bc0d686bc195aa02a7e378,2nd Request,,2026-06-24
"Block Real Estate Services, LLC",69fded2062446148bd849135,Savanah Hunt,69bc0d686bc195aa02a7e378,2nd Request,,2026-06-24
"Block Real Estate Services, LLC",69fded2062446148bd849138,Scheels All Sports Inc,69bc0d686bc195aa02a7e37a,3rd Request,,2026-06-24
"Block Real Estate Services, LLC",69fded2062446148bd849138,Scheels All Sports Inc,69bc0d686bc195aa02a7e376,1st Request,,2026-06-24
"Block Real Estate Services, LLC",69fded2062446148bd84913b,New Image Leasing / Seal Harbor Capital,69bc0d686bc195aa02a7e378,2nd Request,,2026-06-24
"Block Real Estate Services, LLC",69fded2062446148bd849141,Seen Merchandising LLC,69bc0d686bc195aa02a7e376,1st Request,,2026-06-24
"Block Real Estate Services, LLC",69fded1e62446148bd8490d2,"Q4 Industries, LLC",69bc0d686bc195aa02a7e378,2nd Request,,2026-06-24
"Block Real Estate Services, LLC",69fded1f62446148bd8490f6,"Ambius / Rentokil North America, Inc. (fka JC Ehrlich Company)",69bc0d686bc195aa02a7e378,2nd Request,,2026-06-24
"Block Real Estate Services, LLC",69fded1f62446148bd8490ed,Releve Performing Arts / Ashley Collier,69bc0d686bc195aa02a7e378,2nd Request,,2026-06-24
"Block Real Estate Services, LLC",69fded1f62446148bd849117,Royal Seamless Gutter Inc,69bc0d686bc195aa02a7e378,2nd Request,,2026-06-24
"Block Real Estate Services, LLC",69fded1f62446148bd849123,Safari Mart,69bc0d686bc195aa02a7e378,2nd Request,,2026-06-24
"Block Real Estate Services, LLC",69fded2062446148bd849132,"Sanders Management, Inc",69bc0d686bc195aa02a7e378,2nd Request,,2026-06-24
"Block Real Estate Services, LLC",69fded2062446148bd849147,Select Physical Therapy / Healthsouth Corp,69bc0d686bc195aa02a7e378,2nd Request,,2026-06-24
"Block Real Estate Services, LLC",69fded2062446148bd84914a,"Senior Day KC / The Respite House, LLC",69bc0d686bc195aa02a7e378,2nd Request,,2026-06-24
"Block Real Estate Services, LLC",69fded2062446148bd849153,Anthony's Plumbing,69bc0d686bc195aa02a7e378,2nd Request,,2026-06-24
"Block Real Estate Services, LLC",69fded2062446148bd849156,"Springfield Electric Supply Company, LLC (fka Shaw Supply Company)",69bc0d686bc195aa02a7e378,2nd Request,,2026-06-24
"Block Real Estate Services, LLC",69fded2062446148bd84915f,"Shoe Sensation, Inc.",69bc0d686bc195aa02a7e378,2nd Request,,2026-06-24
"Block Real Estate Services, LLC",69fded2062446148bd849162,"Show Me State Vital Care / Show Me State Infusion Pharmacy, LLC",69bc0d686bc195aa02a7e376,1st Request,,2026-06-24
"Block Real Estate Services, LLC",69fded2062446148bd849165,Side Pockets Inc,69bc0d686bc195aa02a7e378,2nd Request,,2026-06-24
"Block Real Estate Services, LLC",69fded2062446148bd849168,Siemens Corporation,69bc0d686bc195aa02a7e376,1st Request,,2026-06-24
"Block Real Estate Services, LLC",69fded2062446148bd84916e,SJK Global LLC,69bc0d686bc195aa02a7e378,2nd Request,,2026-06-24
"Block Real Estate Services, LLC",69fded2062446148bd849171,Skechers Outlet,69bc0d686bc195aa02a7e376,1st Request,,2026-06-24
"Block Real Estate Services, LLC",69fded2162446148bd84917a,"Church's Chicken / SNSA, Inc.",69bc0d686bc195aa02a7e376,1st Request,,2026-06-24
"Block Real Estate Services, LLC",69fded2162446148bd84917d,Soar Nutrition,69bc0d686bc195aa02a7e378,2nd Request,,2026-06-24
"Block Real Estate Services, LLC",69fded2162446148bd849183,"Soleran, Inc. (sublease from Sunflower Health Plan / Centene Management Company, LLC)",69bc0d686bc195aa02a7e378,2nd Request,,2026-06-24
"Block Real Estate Services, LLC",69fded2162446148bd84918c,Southwest Solutions Group Inc,69bc0d686bc195aa02a7e378,2nd Request,,2026-06-24
"Block Real Estate Services, LLC",69fded2062446148bd84914d,"SERC Physical Therapy / SERC Rehabilitation Partners, LLC",69bc0d686bc195aa02a7e37a,3rd Request,,2026-06-24
"Block Real Estate Services, LLC",69fded2062446148bd84914d,"SERC Physical Therapy / SERC Rehabilitation Partners, LLC",69bc0d686bc195aa02a7e376,1st Request,,2026-06-24
"Block Real Estate Services, LLC",69fded2162446148bd849195,Sports Rehab & Physical Therapy Inc,69bc0d686bc195aa02a7e378,2nd Request,,2026-06-24
"Block Real Estate Services, LLC",69fded2162446148bd84919b,"SRS Commercial AVL, LLC (fka Stark Raving Solutions, LLC)",69bc0d686bc195aa02a7e378,2nd Request,,2026-06-24
"Block Real Estate Services, LLC",69fded2162446148bd8491a1,"Spirit Haven / SSB, LLC",69bc0d686bc195aa02a7e378,2nd Request,,2026-06-24
"Block Real Estate Services, LLC",69fded2162446148bd84919e,"Midwest Roofing / SRS Distribution, Inc.",69bc0d686bc195aa02a7e378,2nd Request,,2026-06-24
"Block Real Estate Services, LLC",69fded2162446148bd8491a4,"Midwest Office Technology / STA-MOT-KS, LLC",69bc0d686bc195aa02a7e378,2nd Request,,2026-06-24
"Block Real Estate Services, LLC",69fded2162446148bd8491a7,"Staples, Inc.",69bc0d686bc195aa02a7e378,2nd Request,,2026-06-24
"Block Real Estate Services, LLC",69fded2162446148bd8491aa,Star Beauty,69bc0d686bc195aa02a7e378,2nd Request,,2026-06-24
"Block Real Estate Services, LLC",69fded2162446148bd8491b9,Stifel Nicolaus & Company Inc,69bc0d686bc195aa02a7e378,2nd Request,,2026-06-24
"Block Real Estate Services, LLC",69fded2162446148bd8491b6,Creative Nails / Steven Lam & Bang Nguyen,69bc0d686bc195aa02a7e378,2nd Request,,2026-06-24
"Block Real Estate Services, LLC",69fded2162446148bd8491ad,Starbucks #2436,69bc0d686bc195aa02a7e378,2nd Request,,2026-06-24
"Block Real Estate Services, LLC",69fded2162446148bd849192,Sport Clips,69bc0d686bc195aa02a7e378,2nd Request,,2026-06-24
"Block Real Estate Services, LLC",69fded2162446148bd8491b3,Starbucks Corporation,69bc0d686bc195aa02a7e378,2nd Request,,2026-06-24
"Block Real Estate Services, LLC",69fded2162446148bd8491c5,Subway #41462,69bc0d686bc195aa02a7e378,2nd Request,,2026-06-24
"Block Real Estate Services, LLC",69fded2162446148bd8491bf,Studio Local LLC,69bc0d686bc195aa02a7e378,2nd Request,,2026-06-24
"Block Real Estate Services, LLC",69fded2162446148bd8491c8,"Subway Real Estate, LLC",69bc0d686bc195aa02a7e378,2nd Request,,2026-06-24
"Block Real Estate Services, LLC",69fded2262446148bd8491d1,Sunbelt Rentals Inc,69bc0d686bc195aa02a7e378,2nd Request,,2026-06-24
"Block Real Estate Services, LLC",69fded2162446148bd8491cb,Summit Heating & Cooling LLC,69bc0d686bc195aa02a7e378,2nd Request,,2026-06-24
"Block Real Estate Services, LLC",69fded2162446148bd8491ce,"UDP (Unisource Document Products)/ Datamax / Sumner Group, Inc.",69bc0d686bc195aa02a7e378,2nd Request,,2026-06-24
"Block Real Estate Services, LLC",69fded2262446148bd8491d7,"SPI Coatings / Superior Products International II, Inc.",69bc0d686bc195aa02a7e376,1st Request,,2026-06-24
"Block Real Estate Services, LLC",69fded2262446148bd8491da,Southwestern Bell Telephone Company - IT Room,69bc0d686bc195aa02a7e378,2nd Request,,2026-06-24
"Block Real Estate Services, LLC",69fded2262446148bd8491dd,Tallgrass Energy / Tallgrass MLP,69bc0d686bc195aa02a7e378,2nd Request,,2026-06-24
"Block Real Estate Services, LLC",69fded2262446148bd8491e3,Tech Electronics of Kansas,69bc0d686bc195aa02a7e376,1st Request,,2026-06-24
"Block Real Estate Services, LLC",69fded2262446148bd8491e6,Telamon Technologies Corporation,69bc0d686bc195aa02a7e378,2nd Request,,2026-06-24
"Block Real Estate Services, LLC",69fded2262446148bd8491ec,Tesla Inc,69bc0d686bc195aa02a7e376,1st Request,,2026-06-24
"Block Real Estate Services, LLC",69fded2262446148bd8491f2,"NetSmart Technologies, Inc (sublease from TEVA Pharmaceutical USA, Inc.)",69bc0d686bc195aa02a7e378,2nd Request,,2026-06-24
"Block Real Estate Services, LLC",69fded2262446148bd8491f5,"Assist RX (sublease from TEVA Pharmaceutical USA, Inc.)",69bc0d686bc195aa02a7e378,2nd Request,,2026-06-24
"Block Real Estate Services, LLC",69fded2262446148bd849201,The CapFinancial Group LLC,69bc0d686bc195aa02a7e378,2nd Request,,2026-06-24
"Block Real Estate Services, LLC",69fded2262446148bd8491fe,The American National Red Cross,69bc0d686bc195aa02a7e378,2nd Request,,2026-06-24
"Block Real Estate Services, LLC",69fded2262446148bd849204,CATO / The Cato Corporation,69bc0d686bc195aa02a7e378,2nd Request,,2026-06-24
"Block Real Estate Services, LLC",69fded2262446148bd849207,"Rogers Labs (fka P&C Next) / The Compatibility Center, LLC",69bc0d686bc195aa02a7e378,2nd Request,,2026-06-24
"Block Real Estate Services, LLC",69fded2262446148bd84920a,"The Hairem / The Hairem of Olathe, LLC",69bc0d686bc195aa02a7e378,2nd Request,,2026-06-24
"Block Real Estate Services, LLC",69fded2262446148bd849213,The Sunderland Foundation,69bc0d686bc195aa02a7e376,1st Request,,2026-06-24
"Block Real Estate Services, LLC",69fded2262446148bd849216,The Waldinger Corporation,69bc0d686bc195aa02a7e378,2nd Request,,2026-06-24
"Block Real Estate Services, LLC",69fded2262446148bd84921c,"TK Elevator (TKE) / thyssenkrupp Real Estate North America, LLC",69bc0d686bc195aa02a7e378,2nd Request,,2026-06-24
"Block Real Estate Services, LLC",69fded2262446148bd849219,"Theodore Habiger and Rm 39 Midtown, LLC",69bc0d686bc195aa02a7e378,2nd Request,,2026-06-24
"Block Real Estate Services, LLC",69fded2262446148bd84921f,"THA Hydraulics / China Lifts - Tingheng, Inc.",69bc0d686bc195aa02a7e378,2nd Request,,2026-06-24
"Block Real Estate Services, LLC",69fded2262446148bd849222,Titan Built LLC,69bc0d686bc195aa02a7e378,2nd Request,,2026-06-24
"Block Real Estate Services, LLC",69fded2362446148bd849228,Tool Source Warehouse Inc,69bc0d686bc195aa02a7e378,2nd Request,,2026-06-24
"Block Real Estate Services, LLC",69fded2262446148bd849225,"T-Mobile USA, Inc. (fka Sprint CMC / Sprint United Management Company)",69bc0d686bc195aa02a7e376,1st Request,,2026-06-24
"Block Real Estate Services, LLC",69fded2362446148bd84922e,Torgeson Electric Company,69bc0d686bc195aa02a7e378,2nd Request,,2026-06-24
"Block Real Estate Services, LLC",69fded2362446148bd849237,Transtar Industries LLC,69bc0d686bc195aa02a7e378,2nd Request,,2026-06-24
"Block Real Estate Services, LLC",69fded2362446148bd849234,"DaVita Dialysis / Total Renal Care, Inc.",69bc0d686bc195aa02a7e378,2nd Request,,2026-06-24
"Block Real Estate Services, LLC",69fded2362446148bd84923a,Trinity Property Management LLC,69bc0d686bc195aa02a7e378,2nd Request,,2026-06-24
"Block Real Estate Services, LLC",69fded2362446148bd849240,True Blue Plumbing LLC,69bc0d686bc195aa02a7e378,2nd Request,,2026-06-24
"Block Real Estate Services, LLC",69fded2362446148bd84923d,"Liquor Houzz / Trivedi and Riaz, Inc.",69bc0d686bc195aa02a7e378,2nd Request,,2026-06-24
"Block Real Estate Services, LLC",69fded2362446148bd849246,Turn5 Inc,69bc0d686bc195aa02a7e378,2nd Request,,2026-06-24
"Block Real Estate Services, LLC",69fded2362446148bd849243,"University Health WIC / Truman Medical Center, Inc.",69bc0d686bc195aa02a7e378,2nd Request,,2026-06-24
"Block Real Estate Services, LLC",69fded2362446148bd84924c,"Once Upon A Smile / UB Dental, LLC",69bc0d686bc195aa02a7e378,2nd Request,,2026-06-24
"Block Real Estate Services, LLC",69fded2362446148bd84924f,UBS Financial Services Inc,69bc0d686bc195aa02a7e378,2nd Request,,2026-06-24
"Block Real Estate Services, LLC",69fded2362446148bd849249,Twentyseven Global LLC,69bc0d686bc195aa02a7e378,2nd Request,,2026-06-24
"Block Real Estate Services, LLC",69fded2362446148bd849252,UMB Bank N.A.,69bc0d686bc195aa02a7e37a,3rd Request,,2026-06-24
"Block Real Estate Services, LLC",69fded2362446148bd849258,Union Bank & Trust Co.,69bc0d686bc195aa02a7e378,2nd Request,,2026-06-24
"Block Real Estate Services, LLC",69fded2362446148bd84925e,"Triton Stone Group/Triton Stone of Kansas City / Unique Stone Concepts, LLC",69bc0d686bc195aa02a7e378,2nd Request,,2026-06-24
"Block Real Estate Services, LLC",69fded2362446148bd849261,Unistrut Corporation,69bc0d686bc195aa02a7e376,1st Request,,2026-06-24
"Block Real Estate Services, LLC",69fded2362446148bd849267,"Planet Fitness / United PF JLM, LLC",69bc0d686bc195aa02a7e378,2nd Request,,2026-06-24
"Block Real Estate Services, LLC",69fded2362446148bd849264,"United Access of KC, LLC",69bc0d686bc195aa02a7e378,2nd Request,,2026-06-24
"Block Real Estate Services, LLC",69fded2362446148bd84926a,United Refrigeration Inc,69bc0d686bc195aa02a7e378,2nd Request,,2026-06-24
"Block Real Estate Services, LLC",69fded2362446148bd849270,"KCBR DESIGN/REMODEL / Unlimited Contracting, LLC",69bc0d686bc195aa02a7e378,2nd Request,,2026-06-24
"Block Real Estate Services, LLC",69fded2362446148bd84926d,University of Kansas Hospital Authority,69bc0d686bc195aa02a7e378,2nd Request,,2026-06-24
"Block Real Estate Services, LLC",69fded2362446148bd849273,Unopenedpackman Sportscards and Collectibles LLC,69bc0d686bc195aa02a7e378,2nd Request,,2026-06-24
"Block Real Estate Services, LLC",69fded2362446148bd849279,"Vakok Asian Market, LLC",69bc0d686bc195aa02a7e378,2nd Request,,2026-06-24
"Block Real Estate Services, LLC",69fded2362446148bd849276,Unum Life Insurance Company of America & Colonial Life Insurance,69bc0d686bc195aa02a7e37a,3rd Request,,2026-06-24
"Block Real Estate Services, LLC",69fded2462446148bd84927c,"Vape Time / AVRWL, LLC (fka Aqueous Vapor)",69bc0d686bc195aa02a7e378,2nd Request,,2026-06-24
"Block Real Estate Services, LLC",69fded2462446148bd849282,Verizon / Cellular Sales,69bc0d686bc195aa02a7e378,2nd Request,,2026-06-24
"Block Real Estate Services, LLC",69fded2462446148bd84927f,Var City Maintenance LLC,69bc0d686bc195aa02a7e376,1st Request,,2026-06-24
"Block Real Estate Services, LLC",69fded2462446148bd849288,Victor Caballero,69bc0d686bc195aa02a7e378,2nd Request,,2026-06-24
"Block Real Estate Services, LLC",69fded2462446148bd84928b,Vintage Stock,69bc0d686bc195aa02a7e378,2nd Request,,2026-06-24
"Block Real Estate Services, LLC",69fded2462446148bd84928e,Vintegrity Kansas LLC,69bc0d686bc195aa02a7e378,2nd Request,,2026-06-24
"Block Real Estate Services, LLC",69fded2462446148bd849291,"Vision Savage Media, LLC",69bc0d686bc195aa02a7e378,2nd Request,,2026-06-24
"Block Real Estate Services, LLC",69fded2462446148bd849297,Vortex Industries LLC,69bc0d686bc195aa02a7e378,2nd Request,,2026-06-24
"Block Real Estate Services, LLC",69fded2462446148bd849294,Vitas Healthcare Corporation Midwest,69bc0d686bc195aa02a7e378,2nd Request,,2026-06-24
"Block Real Estate Services, LLC",69fded2462446148bd84929a,"VRC Companies, LLC (fka T2 Holdings, LLC/Redishred Kansas, Inc. dba Proshred Security)",69bc0d686bc195aa02a7e37a,3rd Request,,2026-06-24
"Block Real Estate Services, LLC",69fded2462446148bd84929d,"Mike's Liquor / Waldo Spirits, Inc.",69bc0d686bc195aa02a7e378,2nd Request,,2026-06-24
"Block Real Estate Services, LLC",69fded2462446148bd8492a3,Warners Stellian Co Inc,69bc0d686bc195aa02a7e378,2nd Request,,2026-06-24
"Block Real Estate Services, LLC",69fded2462446148bd8492ac,WellSky Corporation,69bc0d686bc195aa02a7e378,2nd Request,,2026-06-24
"Block Real Estate Services, LLC",69fded2462446148bd8492a9,"Advena Living /Cornerstone Group Holdings, Inc. (sublease of Midlands Independent Review Board, LLC / WCG IRB, Inc.)",69bc0d686bc195aa02a7e376,1st Request,,2026-06-24
"Block Real Estate Services, LLC",69fded2462446148bd8492b2,West Shore Home LLC,69bc0d686bc195aa02a7e378,2nd Request,,2026-06-24
"Block Real Estate Services, LLC",69fded2462446148bd8492be,Workout Anytime,69bc0d686bc195aa02a7e378,2nd Request,,2026-06-24
"Block Real Estate Services, LLC",69fded2462446148bd8492bb,Woodbridge Corporation,69bc0d686bc195aa02a7e378,2nd Request,,2026-06-24
"Block Real Estate Services, LLC",69fded2462446148bd8492c1,World Acceptance Corporation / World Finance,69bc0d686bc195aa02a7e378,2nd Request,,2026-06-24
"Block Real Estate Services, LLC",69fded2462446148bd8492b5,Westlake Hardware 54,69bc0d686bc195aa02a7e378,2nd Request,,2026-06-24
"Block Real Estate Services, LLC",69fded2462446148bd8492c7,"Worldwide Express / WWEX Franchise Holdings, LLC",69bc0d686bc195aa02a7e376,1st Request,,2026-06-24
"Block Real Estate Services, LLC",69fded2462446148bd8492c4,"Advance Auto Store #4362 / Worldpac, Inc.",69bc0d686bc195aa02a7e378,2nd Request,,2026-06-24
"Block Real Estate Services, LLC",69fded2462446148bd8492cd,Xpress Stop 2 LLC / World of Spirits,69bc0d686bc195aa02a7e378,2nd Request,,2026-06-24
"Block Real Estate Services, LLC",69fded2462446148bd8492ca,"Galvin's Wholesale / WWMAJ Systems, LLC",69bc0d686bc195aa02a7e378,2nd Request,,2026-06-24
"Block Real Estate Services, LLC",69fded2562446148bd8492d3,Yia Yias Tattoo Parlor LLC,69bc0d686bc195aa02a7e378,2nd Request,,2026-06-24
"Block Real Estate Services, LLC",69fded2562446148bd8492d6,Zeller & Gmelin,69bc0d686bc195aa02a7e378,2nd Request,,2026-06-24
"Block Real Estate Services, LLC",69fded2562446148bd8492d9,ZSF USA LLC,69bc0d686bc195aa02a7e378,2nd Request,,2026-06-24
"Block Real Estate Services, LLC",69fded2562446148bd8492d0,"The Zen Den Massage / Calm Seas, LLC",69bc0d686bc195aa02a7e378,2nd Request,,2026-06-24
"Block Real Estate Services, LLC",6a072930f523b35823695c72,Taikan Development Corporation,6a0728f8f523b35823695b2f,Need Contact,,2026-06-24
"Block Real Estate Services, LLC",6a16fbaf1814afc0f5360986,"Dr. Robert Browne, DDS",69bc0d686bc195aa02a7e378,2nd Request,,2026-06-24
"Block Real Estate Services, LLC",6a16fd4062a03ce510d12d9b,"Liberda Consulting, LLC",69bc0d686bc195aa02a7e378,2nd Request,,2026-06-24
"Block Real Estate Services, LLC",6a170f97efde9f2154ab7751,Vitale Realtors,69bc0d686bc195aa02a7e378,2nd Request,,2026-06-24
"Block Real Estate Services, LLC",6a170fafee5ef0b8dcf50e8a,Tom Platt Residence,69bc0d686bc195aa02a7e378,2nd Request,,2026-06-24
"Block Real Estate Services, LLC",6a170fd6da8b48075226ce37,"Page Communication, LLC",69bc0d686bc195aa02a7e378,2nd Request,,2026-06-24
"Block Real Estate Services, LLC",6a170fecda8b48075226d712,WLM Warehouse,69bc0d686bc195aa02a7e378,2nd Request,,2026-06-24
"Block Real Estate Services, LLC",6a171003ee5ef0b8dcf522cf,"Pop! Vintage Furniture & Accessories, LLC",69bc0d686bc195aa02a7e378,2nd Request,,2026-06-24
"Block Real Estate Services, LLC",6a171027da8b48075226e443,Wearhouse Vintage / Madalynn Ramirez & Lily Davis,69bc0d686bc195aa02a7e378,2nd Request,,2026-06-24
"Block Real Estate Services, LLC",6a17103e4ee870c0f8575639,"WGN & Associates, LLC",69bc0d686bc195aa02a7e378,2nd Request,,2026-06-24
"Block Real Estate Services, LLC",6a17105b1814afc0f53b2a39,Computers To Go / Scott Petrak,69bc0d686bc195aa02a7e378,2nd Request,,2026-06-24
"Block Real Estate Services, LLC",6a174c521814afc0f550857c,"Money N Minutes / Z & H Holding, LLC",69bc0d686bc195aa02a7e378,2nd Request,,2026-06-24
"Block Real Estate Services, LLC",6a17132fefde9f2154ac6af4,The Underground Lab / Animal Kingdom Athletics,69bc0d686bc195aa02a7e378,2nd Request,,2026-06-24
"Block Real Estate Services, LLC",6a1750d2df078f8120119232,Dr. Julia Loecker Dentistry,69bc0d686bc195aa02a7e378,2nd Request,,2026-06-24
"Block Real Estate Services, LLC",6a174c5f68ca7e99894e866e,"Party Time Liquor / LEXMI, LLC",69bc0d686bc195aa02a7e378,2nd Request,,2026-06-24
"Block Real Estate Services, LLC",6a1750de402cef48fa2e24a7,Cheezsteak Company / Asma Shane,69bc0d686bc195aa02a7e378,2nd Request,,2026-06-24
"Block Real Estate Services, LLC",6a17544d68ca7e9989502900,Dr. Ryan Spurgeon Healing Neck & Joints,69bc0d686bc195aa02a7e378,2nd Request,,2026-06-24
"Block Real Estate Services, LLC",6a1842e4b517ae25a873e28c,"Kari's On 39th, LLC",69bc0d686bc195aa02a7e378,2nd Request,,2026-06-24
"Block Real Estate Services, LLC",6a175a7bee5ef0b8dc066236,"PropertyRate, LLC",69bc0d686bc195aa02a7e378,2nd Request,,2026-06-24
"Block Real Estate Services, LLC",6a1842f8e701796d85d37b7e,Myla Ruffin,69bc0d686bc195aa02a7e378,2nd Request,,2026-06-24
"Block Real Estate Services, LLC",6a1757dbf2985118876d7f9a,Afrah Event Center,69bc0d686bc195aa02a7e378,2nd Request,,2026-06-24
"Block Real Estate Services, LLC",6a1842efb517ae25a873e629,Lisa Coryell,69bc0d686bc195aa02a7e378,2nd Request,,2026-06-24
"Block Real Estate Services, LLC",6a184302bda7a44c6000696a,Anthony Falcon,69bc0d686bc195aa02a7e378,2nd Request,,2026-06-24
"Block Real Estate Services, LLC",6a1843168bbe0a0890e878d2,"Seen Productions, LLC",69bc0d686bc195aa02a7e378,2nd Request,,2026-06-24
"Block Real Estate Services, LLC",6a18430bf8f612ef09496270,Angel Romero,69bc0d686bc195aa02a7e378,2nd Request,,2026-06-24
"Block Real Estate Services, LLC",6a1843228bbe0a0890e87ab8,Residential - renter occupied: Taylor Hill,69bc0d686bc195aa02a7e378,2nd Request,,2026-06-24
"Block Real Estate Services, LLC",6a184f0e5a886bcac1349c23,"Veseris / ES OPCO OSE, LLC",69bc0d686bc195aa02a7e378,2nd Request,,2026-06-24
"Block Real Estate Services, LLC",6a184f4af8f612ef094c4c00,PharMerica / Pharmacy Corporation of America,69bc0d686bc195aa02a7e378,2nd Request,,2026-06-24
"Block Real Estate Services, LLC",6a184fbc8bbe0a0890eb6a1d,"Home Depot U.S.A., Inc. (fka Interline Brands, Inc.)",69bc0d686bc195aa02a7e378,2nd Request,,2026-06-24
"Block Real Estate Services, LLC",6a18531ae701796d85d75b3b,Voya Services Company,69bc0d686bc195aa02a7e378,2nd Request,,2026-06-24
"Block Real Estate Services, LLC",6a1857c8bda7a44c60055e47,KU Neurology  / University of Kansas Hospital Authority,69bc0d686bc195aa02a7e378,2nd Request,,2026-06-24
"Block Real Estate Services, LLC",6a18432d8bbe0a0890e87ff9,Residential - renter occupied: John Woods,69bc0d686bc195aa02a7e378,2nd Request,,2026-06-24
"Block Real Estate Services, LLC",6a1855835a886bcac1362a47,"Sheldon Fleishman, DPM, PA",69bc0d686bc195aa02a7e378,2nd Request,,2026-06-24
"Block Real Estate Services, LLC",6a1857d1b517ae25a878d29f,The University of Kansas Physicians Plastic Surgery,69bc0d686bc195aa02a7e378,2nd Request,,2026-06-24
"Block Real Estate Services, LLC",6a1857dba4bcce858bf09778,Hanger Clinic (sublease of APEX / KC Orthopaedic Institute),69bc0d686bc195aa02a7e378,2nd Request,,2026-06-24
"Block Real Estate Services, LLC",6a1857e9a4bcce858bf099bb,"USA Vein Clinics (fka Vein Clinics of America, Inc.)",69bc0d686bc195aa02a7e378,2nd Request,,2026-06-24
"Block Real Estate Services, LLC",6a185a8317ab90e8a02c371c,Otolaryngology-Head and Neck Surgery / University of Kansas Hospital Authority,69bc0d686bc195aa02a7e378,2nd Request,,2026-06-24
"Block Real Estate Services, LLC",6a185a9ab517ae25a8797914,Jayhawk Primary Care / Medical Plaza Internal Medicine,69bc0d686bc195aa02a7e378,2nd Request,,2026-06-24
"Block Real Estate Services, LLC",6a185d6484a21cbe19a54e57,"Endura Services, LLC",69bc0d686bc195aa02a7e378,2nd Request,,2026-06-24
"Block Real Estate Services, LLC",6a1858dddf417460157fddd6,"Anytime Fitness / Southside Fitness, LLC",69bc0d686bc195aa02a7e378,2nd Request,,2026-06-24
"Block Real Estate Services, LLC",6a185a8e462ef1e78ea1ad25,Mid America Cardiology / University of Kansas Hospital,69bc0d686bc195aa02a7e378,2nd Request,,2026-06-24
"Block Real Estate Services, LLC",6a185d785a886bcac13835bd,"Aperture Credentialing, LLC",69bc0d686bc195aa02a7e378,2nd Request,,2026-06-24
"Block Real Estate Services, LLC",6a185d8617ab90e8a02d0292,"TW Telecom of Kansas City, LLC (Roof Lease)",69bc0d686bc195aa02a7e378,2nd Request,,2026-06-24
"Block Real Estate Services, LLC",6a1862ef17ab90e8a02e444c,Fire House Subs,69bc0d686bc195aa02a7e378,2nd Request,,2026-06-24
"Block Real Estate Services, LLC",6a185e8d5a886bcac13878a0,NAPA / Genuine Parts Company,69bc0d686bc195aa02a7e378,2nd Request,,2026-06-24
"Block Real Estate Services, LLC",6a186100b517ae25a87b054a,CrossFirst Bank,69bc0d686bc195aa02a7e378,2nd Request,,2026-06-24
"Block Real Estate Services, LLC",6a1863036b3214c65fe64e2c,Mathnasium,69bc0d686bc195aa02a7e378,2nd Request,,2026-06-24
"Block Real Estate Services, LLC",6a18614617ab90e8a02de8cb,"Prime Social / OPKC, LLC",69bc0d686bc195aa02a7e378,2nd Request,,2026-06-24
"Block Real Estate Services, LLC",6a18630f5a886bcac1399a34,"Westside Grill and Bar / Cheers 221, LLC",69bc0d686bc195aa02a7e378,2nd Request,,2026-06-24
"Block Real Estate Services, LLC",6a18646fe701796d85db75b6,To the Hoop Bar & Grill,69bc0d686bc195aa02a7e378,2nd Request,,2026-06-24
"Block Real Estate Services, LLC",6a18646fe701796d85db75b6,To the Hoop Bar & Grill,69ea79315034d6d257ec62df,Expired,,2026-06-24
"Block Real Estate Services, LLC",6a18646fe701796d85db75b6,To the Hoop Bar & Grill,69bc0d686bc195aa02a7e376,1st Request,,2026-06-24
"Block Real Estate Services, LLC",6a1866145a886bcac13a5c35,Bariatric & Metabolic Classroom / HCA-MMC-Menorah Medical Center,69bc0d686bc195aa02a7e378,2nd Request,,2026-06-24
"Block Real Estate Services, LLC",6a18661fa4bcce858bf426d7,Premier Gastroenterology of Kansas City (fka KC Gastroenterology & Hepatology / HCA-MMC-Menorah Medical Center),69bc0d686bc195aa02a7e378,2nd Request,,2026-06-24
"Block Real Estate Services, LLC",6a18663117ab90e8a02f12a9,Midwest Heart & Vascular and KCHRI (Kansas City Heart Rhythm Institute),69bc0d686bc195aa02a7e378,2nd Request,,2026-06-24
"Block Real Estate Services, LLC",6a18663d462ef1e78ea4b046,HCA-OPRMC,69bc0d686bc195aa02a7e378,2nd Request,,2026-06-24
"Block Real Estate Services, LLC",6a186a17e701796d85dca48c,85 Degrees Bakery / DA FA Inc 85C,69bc0d686bc195aa02a7e378,2nd Request,,2026-06-24
"Block Real Estate Services, LLC",6a1869cab517ae25a87d2e2e,"Metro Elevator Kansas City, Inc. (License Agreement)",69bc0d686bc195aa02a7e378,2nd Request,,2026-06-24
"Block Real Estate Services, LLC",6a186650b517ae25a87c5643,Kansas City Vascular & General Surgery Group / HCA Midwest Health,69bc0d686bc195aa02a7e378,2nd Request,,2026-06-24
"Block Real Estate Services, LLC",6a186a26b517ae25a87d3e04,Old Navy,69bc0d686bc195aa02a7e378,2nd Request,,2026-06-24
"Block Real Estate Services, LLC",6a187790d2723fbba9a43f46,"Integrated Health Systems, LLC",69bc0d686bc195aa02a7e378,2nd Request,,2026-06-24
"Block Real Estate Services, LLC",6a18721753ab917b1e649498,"Critical Facilities Technology, LLC",69bc0d686bc195aa02a7e378,2nd Request,,2026-06-24
"Block Real Estate Services, LLC",6a187768b517ae25a8805ad8,"KC Roofscapes, LLC",69bc0d686bc195aa02a7e378,2nd Request,,2026-06-24
"Block Real Estate Services, LLC",6a187768b517ae25a8805ad8,"KC Roofscapes, LLC",69c6c296a5341a1a2dae572c,5th Request,,2026-06-24
"Block Real Estate Services, LLC",6a187b72462ef1e78ea98fda,"Heper USA, Inc.",69bc0d686bc195aa02a7e378,2nd Request,,2026-06-24
"Block Real Estate Services, LLC",6a18740bdf41746015864e9a,"Morton Fence, LLC",69bc0d686bc195aa02a7e378,2nd Request,,2026-06-24
"Block Real Estate Services, LLC",6a187b32d2723fbba9a51c41,"Re-View Windows, Inc. (fka Architectural Specialties, Inc. )",69bc0d686bc195aa02a7e378,2nd Request,,2026-06-24
"Block Real Estate Services, LLC",6a18853c9ef1cffe57c768cc,Nails 4 U,69bc0d686bc195aa02a7e378,2nd Request,,2026-06-24
"Block Real Estate Services, LLC",6a199d6fabae685b1c514ece,CB Smoothie Supps LLC,69bc0d686bc195aa02a7e378,2nd Request,,2026-06-24
"Block Real Estate Services, LLC",6a188717b517ae25a883e8df,"Lot 7, Village West",69bc0d686bc195aa02a7e378,2nd Request,,2026-06-24
"Block Real Estate Services, LLC",6a1885479ef1cffe57c76a9d,Community Bank of Raymore,69bc0d686bc195aa02a7e378,2nd Request,,2026-06-24
"Block Real Estate Services, LLC",6a19b8b18805769e5038a2ed,Savor Strategy,69bc0d686bc195aa02a7e378,2nd Request,,2026-06-24
"Block Real Estate Services, LLC",6a1dccbb23b401dcff773de7,TitleMax Title Loans / Title Max of Missouri,69bc0d686bc195aa02a7e378,2nd Request,,2026-06-24
"Block Real Estate Services, LLC",6a1dcea405955276b691e1da,Regal Distributing Co.,69bc0d686bc195aa02a7e378,2nd Request,,2026-06-24
"Block Real Estate Services, LLC",6a1dceb25e529bb0fc8a0f0a,"Integrated Opening Solutions, LLC",69bc0d686bc195aa02a7e378,2nd Request,,2026-06-24
"Block Real Estate Services, LLC",6a1dd8fdfec65127865d9614,"Jaeckle Wholesale, Inc.",69bc0d686bc195aa02a7e378,2nd Request,,2026-06-24
"Block Real Estate Services, LLC",6a1dd90798a3fac93a1b2583,"ASMI Stone and Tile, LLC",69bc0d686bc195aa02a7e378,2nd Request,,2026-06-24
"Block Real Estate Services, LLC",6a1dd91da0ed8c51ab1e0010,"Golden Star, Inc.",69bc0d686bc195aa02a7e378,2nd Request,,2026-06-24
"Block Real Estate Services, LLC",6a1dd8f38805769e5068fd19,"Living Spaces Furniture, LLC",69bc0d686bc195aa02a7e378,2nd Request,,2026-06-24
"Block Real Estate Services, LLC",6a1dd913a0ed8c51ab1dfbe5,"Hercules Industries, Inc. (fka National Sales Company)",69bc0d686bc195aa02a7e378,2nd Request,,2026-06-24
"Block Real Estate Services, LLC",6a1de0072575f4fed44847a8,Home Cleaning Center of America,69bc0d686bc195aa02a7e378,2nd Request,,2026-06-24
"Block Real Estate Services, LLC",6a1ddffd98a3fac93a1cc908,"DPTRE, LLC (fka Fleming Advisors, LLC)",69bc0d686bc195aa02a7e378,2nd Request,,2026-06-24
"Block Real Estate Services, LLC",6a1ddfeea0ed8c51ab1fa0c7,Jeff Thomson Orthodontics,69bc0d686bc195aa02a7e378,2nd Request,,2026-06-24
"Block Real Estate Services, LLC",6a1de0142575f4fed4484ab8,"Gentry Dental / James D Gentry, Dmd",69bc0d686bc195aa02a7e378,2nd Request,,2026-06-24
"Block Real Estate Services, LLC",6a1de01f98a3fac93a1cd31d,Leawood Cosmetic and Family Dentistry,69bc0d686bc195aa02a7e378,2nd Request,,2026-06-24
"Block Real Estate Services, LLC",6a1de39a3dca02afc00b3666,St. Luke's Hospital,69bc0d686bc195aa02a7e378,2nd Request,,2026-06-24
"Block Real Estate Services, LLC",6a1dec22a0ed8c51ab231e08,"IMA Financial Group, Inc.",69bc0d686bc195aa02a7e378,2nd Request,,2026-06-24
"Block Real Estate Services, LLC",6a1dec74a79f4c38d50cc8b0,Property Tax Advisory Group - PTAG,69bc0d686bc195aa02a7e378,2nd Request,,2026-06-24
"Block Real Estate Services, LLC",6a1dec8ab9a647219f2d816b,"The Andersons, Inc.",69bc0d686bc195aa02a7e378,2nd Request,,2026-06-24
"Block Real Estate Services, LLC",6a1df25998a3fac93a21a0b8,"Indra Sistemas, SA",69bc0d686bc195aa02a7e378,2nd Request,,2026-06-24
"Block Real Estate Services, LLC",6a1df24c23b401dcff806fc2,"Viking Power / Shoppa's Material Handling, LTD",69bc0d686bc195aa02a7e378,2nd Request,,2026-06-24
"Block Real Estate Services, LLC",6a1df440fec6512786651841,Red Wok Chinese,69bc0d686bc195aa02a7e378,2nd Request,,2026-06-24
"Block Real Estate Services, LLC",6a1df44f98a3fac93a2216bd,Dominos Pizza,69bc0d686bc195aa02a7e378,2nd Request,,2026-06-24
"Block Real Estate Services, LLC",6a1df45b23b401dcff80d7c4,Salon 152,69bc0d686bc195aa02a7e378,2nd Request,,2026-06-24
"Block Real Estate Services, LLC",6a1df4662575f4fed44df021,KC Smoke Shop,69bc0d686bc195aa02a7e378,2nd Request,,2026-06-24
"Block Real Estate Services, LLC",6a1df472b9a647219f2f2916,Jeweler's Bench,69bc0d686bc195aa02a7e378,2nd Request,,2026-06-24
"Block Real Estate Services, LLC",6a1df84165d51d7aa5739d4e,Sandra L. Outlaw,69bc0d686bc195aa02a7e378,2nd Request,,2026-06-24
"Block Real Estate Services, LLC",6a1df835fec651278665b987,"CBS Outdoor, Inc.",69bc0d686bc195aa02a7e378,2nd Request,,2026-06-24
"Block Real Estate Services, LLC",6a1dfcd80a51a0db79c1dfba,JRJ Partners - Condo Owners (Clancey Design Distributor),69bc0d686bc195aa02a7e376,1st Request,,2026-06-24
"Block Real Estate Services, LLC",6a1dfce4a0ed8c51ab262c0b,Building 28 TIC,69bc0d686bc195aa02a7e378,2nd Request,,2026-06-24
"Block Real Estate Services, LLC",6a1e004c23b401dcff82ac21,BRES Management Office,69bc0d686bc195aa02a7e378,2nd Request,,2026-06-24
"Block Real Estate Services, LLC",6a1dff1ca79f4c38d5103b69,"Design & Detail / Mel B, LLC",69bc0d686bc195aa02a7e378,2nd Request,,2026-06-24
"Block Real Estate Services, LLC",6a1ee9c0aa8b4d40c45d9cb4,"Ridgeview Eye Care, LLC",69bc0d686bc195aa02a7e378,2nd Request,,2026-06-24
"Block Real Estate Services, LLC",6a1ee9ca9e67678941bccbb6,"Olathe Health Physicians, Inc.",69bc0d686bc195aa02a7e378,2nd Request,,2026-06-24
"Block Real Estate Services, LLC",6a1eecf750bfd60555852c16,"ERGO Midwest, Inc.",69bc0d686bc195aa02a7e378,2nd Request,,2026-06-24
QTS Data Centers,69f0f3c5beb6279e947be0ee,"HITT Contracting, Inc.",69f0f3c3beb6279e947be0c6,Hitt Contracting,,2026-06-24
QTS Data Centers,69f0f3c4beb6279e947be0d0,"AP Gulf States, Inc.",69f0f3c3beb6279e947be0c0,Adolfson & Peterson,,2026-06-24
QTS Data Centers,69f0f3c4beb6279e947be0e9,"Gray Construction, Inc.",69f0f3c3beb6279e947be0c5,Gray Construction,,2026-06-24
QTS Data Centers,69f0f3c4beb6279e947be0e9,"Gray Construction, Inc.",69f0b71c7b24cf3460d0be81,3rd Request,,2026-06-24
QTS Data Centers,69f0f3c4beb6279e947be0d5,Brasfield & Gorrie L.L.C.,69f0f3c3beb6279e947be0c1,Brasfield & Gorie,,2026-06-24
QTS Data Centers,69f0f3c4beb6279e947be0da,"Clayco, Inc.",69f0f3c3beb6279e947be0c2,Clayco,,2026-06-24
QTS Data Centers,69f0f3c4beb6279e947be0da,"Clayco, Inc.",69f0b71c7b24cf3460d0be81,3rd Request,,2026-06-24
QTS Data Centers,69f0f3c4beb6279e947be0e4,Gilbane Building Company,69f0f3c3beb6279e947be0c4,Gilbane,,2026-06-24
QTS Data Centers,69f0f3c4beb6279e947be0e4,Gilbane Building Company,69f0b71c7b24cf3460d0be81,3rd Request,,2026-06-24
QTS Data Centers,69f0f3c4beb6279e947be0df,Evans General Contractors LLC,69f0f3c3beb6279e947be0c3,Evans,,2026-06-24
QTS Data Centers,69f0f3c5beb6279e947be0fd,M. A. Mortenson Company,69f0f3c3beb6279e947be0c9,Mortenson,,2026-06-24
QTS Data Centers,69f0f3c5beb6279e947be0fd,M. A. Mortenson Company,69f0b71c7b24cf3460d0be7d,1st Request,,2026-06-24
QTS Data Centers,69f0f3c5beb6279e947be102,Rogers-O-Brien Construction Company Ltd.,69f0f3c3beb6279e947be0ca,Rogers O'Brien,,2026-06-24
QTS Data Centers,69f0f3c5beb6279e947be107,"Structure Tone, LLC",69f0f3c3beb6279e947be0cb,Structure Tones,,2026-06-24
QTS Data Centers,69f0f3c5beb6279e947be10c,"Suffolk Construction Company, Inc.",69f0f3c3beb6279e947be0cc,Suffolk,,2026-06-24
QTS Data Centers,69f0f3c5beb6279e947be10c,"Suffolk Construction Company, Inc.",69f0b71c7b24cf3460d0be81,3rd Request,,2026-06-24
QTS Data Centers,69f0f3c5beb6279e947be0f8,"Layton Construction Company, LLC",69f0f3c3beb6279e947be0c8,Layton,,2026-06-24
QTS Data Centers,69f0f3c5beb6279e947be0f8,"Layton Construction Company, LLC",69f0b71c7b24cf3460d0be81,3rd Request,,2026-06-24
QTS Data Centers,69f0f3c5beb6279e947be111,Whitting-Turner Contracting Company,69f0f3c3beb6279e947be0cd,White - Turner,,2026-06-24
QTS Data Centers,69f0f3c5beb6279e947be111,Whitting-Turner Contracting Company,69f0b71c7b24cf3460d0be7d,1st Request,,2026-06-24