file,last_changed,last_ran
actions.csv,07/31/2026 12:51:34,07/31/2026 22:06:05
coverages.csv,07/31/2026 22:06:05,07/31/2026 22:06:05
credentials.csv,07/31/2026 22:06:05,07/31/2026 22:06:05
criteria.csv,07/31/2026 22:06:05,07/31/2026 22:06:05
custom_fields.csv,07/31/2026 22:06:05,07/31/2026 22:06:05
custom_properties.csv,07/31/2026 22:06:05,07/31/2026 22:06:05
engagement.csv,07/31/2026 22:06:05,07/31/2026 22:06:05
enums.csv,07/30/2026 09:17:38,07/31/2026 22:06:05
field_definitions.csv,06/12/2026 16:53:13,07/31/2026 22:06:05
form_categories.csv,06/01/2026 12:21:12,07/31/2026 22:06:05
insureds.csv,07/31/2026 22:06:05,07/31/2026 22:06:05
summaries.csv,07/28/2026 16:21:35,07/31/2026 22:06:05